region,scheme,endpoint,mean_delta,ci95_low,ci95_high,probability_positive,probability_negative,n_bootstrap,architecture
target_macro,tile,iou,0.0772718653904376,0.009692823587862252,0.1967544126932808,1.0,0.0,10000,ResUNet
target_macro,tile,balanced_iou,0.060293131126542804,-0.010660188870630428,0.16959488130408693,0.9016,0.0984,10000,ResUNet
target_macro,tile,mcc,0.15725817860778266,0.026483937764774878,0.39243709083523853,1.0,0.0,10000,ResUNet
target_macro,tile,precision,0.17836120885217624,0.007319638335801719,0.497956696415571,1.0,0.0,10000,ResUNet
target_macro,tile,recall,0.10752150799245867,0.055151241815245715,0.15619675582221915,1.0,0.0,10000,ResUNet
hokkaido_iburi_tobu,tile,iou,0.1995464947519852,0.16711235732835222,0.23607834251551515,1.0,0.0,10000,ResUNet
hokkaido_iburi_tobu,tile,balanced_iou,0.17133011444561128,0.1507501623471834,0.20563284609696156,1.0,0.0,10000,ResUNet
hokkaido_iburi_tobu,tile,mcc,0.3949141921464934,0.3698913043543675,0.4284684337234145,1.0,0.0,10000,ResUNet
hokkaido_iburi_tobu,tile,precision,0.500439361717674,0.4836098254474952,0.5209178380581986,1.0,0.0,10000,ResUNet
hokkaido_iburi_tobu,tile,recall,0.15484959094712178,0.11658877177987721,0.18137722006289753,1.0,0.0,10000,ResUNet
lombok,tile,iou,0.010720988828914452,0.002049896198470479,0.021608585782585513,0.9977,0.0023,10000,ResUNet
lombok,tile,balanced_iou,-0.011485202030168987,-0.0223086596599924,0.0016368394424433783,0.0375,0.9625,10000,ResUNet
lombok,tile,mcc,0.030364895406510425,0.012568955448006725,0.052958141179196866,1.0,0.0,10000,ResUNet
lombok,tile,precision,0.0076042517425597535,-0.0035775022137016343,0.02106683163516961,0.8629,0.1371,10000,ResUNet
lombok,tile,recall,0.11505065673462993,0.09241853455639285,0.14198361357833686,1.0,0.0,10000,ResUNet
palu,tile,iou,0.021548112590413154,0.00622626557997366,0.03373502879988376,1.0,0.0,10000,ResUNet
palu,tile,balanced_iou,0.021034480964186125,0.007607091480590469,0.03242536351154159,1.0,0.0,10000,ResUNet
palu,tile,mcc,0.04649544827034405,0.013574582486572147,0.07238074119869098,1.0,0.0,10000,ResUNet
palu,tile,precision,0.02704001309629497,0.007879969394788666,0.04228073819544339,1.0,0.0,10000,ResUNet
palu,tile,recall,0.05266427629562431,0.011549033697758206,0.0865620956651884,0.9969,0.0031,10000,ResUNet
target_macro,component,iou,0.0772718653904376,0.007584620253109947,0.14998823764143748,1.0,0.0,10000,ResUNet
target_macro,component,balanced_iou,0.060293131126542804,-0.008809671514140771,0.14999544602097203,0.8974,0.1026,10000,ResUNet
target_macro,component,mcc,0.15725817860778266,0.01988754208709858,0.29515922447407755,1.0,0.0,10000,ResUNet
target_macro,component,precision,0.17836120885217624,0.005326125551736431,0.3506173902934944,0.998,0.002,10000,ResUNet
target_macro,component,recall,0.10752150799245867,0.032679367769101686,0.1354874220105761,0.9983,0.0017,10000,ResUNet
hokkaido_iburi_tobu,component,iou,0.1995464947519852,0.07522398842665835,0.22392353825942696,1.0,0.0,10000,ResUNet
hokkaido_iburi_tobu,component,balanced_iou,0.17133011444561128,0.12242632726113994,0.19019040147742433,1.0,0.0,10000,ResUNet
hokkaido_iburi_tobu,component,mcc,0.3949141921464934,0.14327257269820462,0.41602940153778645,1.0,0.0,10000,ResUNet
hokkaido_iburi_tobu,component,precision,0.500439361717674,0.10840557406063493,0.5149287424704597,1.0,0.0,10000,ResUNet
hokkaido_iburi_tobu,component,recall,0.15484959094712178,-0.03769653796369986,0.17956708312420216,0.9198,0.0802,10000,ResUNet
lombok,component,iou,0.010720988828914452,-0.00011841603238821689,0.021049890712785704,0.9719,0.0281,10000,ResUNet
lombok,component,balanced_iou,-0.011485202030168987,-0.021980986350055222,0.00296108540585609,0.0695,0.9305,10000,ResUNet
lombok,component,mcc,0.030364895406510425,0.0006046312921907296,0.050365535976590915,0.979,0.021,10000,ResUNet
lombok,component,precision,0.0076042517425597535,-0.005361285019746594,0.022100878574479062,0.7898,0.2102,10000,ResUNet
lombok,component,recall,0.11505065673462993,0.02312234715253804,0.13908576681173979,0.9979,0.0021,10000,ResUNet
palu,component,iou,0.021548112590413154,0.006194464634482811,0.034749772400526464,0.9992,0.0008,10000,ResUNet
palu,component,balanced_iou,0.021034480964186125,0.002387048783704305,0.03330651836289605,0.9901,0.0099,10000,ResUNet
palu,component,mcc,0.04649544827034405,0.015052908916543801,0.0767520389742485,0.999,0.001,10000,ResUNet
palu,component,precision,0.02704001309629497,0.007292908075781438,0.04377504218571084,0.9992,0.0008,10000,ResUNet
palu,component,recall,0.05266427629562431,0.014252682102041548,0.16022570004720177,0.9947,0.0053,10000,ResUNet
target_macro,merged30,iou,0.0772718653904376,0.009593754282687652,0.1930331942062083,1.0,0.0,10000,ResUNet
target_macro,merged30,balanced_iou,0.060293131126542804,-0.010269263263668334,0.16625600854655775,0.8974,0.1026,10000,ResUNet
target_macro,merged30,mcc,0.15725817860778266,0.02611896262590438,0.38752221293428446,1.0,0.0,10000,ResUNet
target_macro,merged30,precision,0.17836120885217624,0.006728291833822392,0.49305541212858456,0.9981,0.0019,10000,ResUNet
target_macro,merged30,recall,0.10752150799245867,0.053774976893361234,0.15920122733220327,1.0,0.0,10000,ResUNet
hokkaido_iburi_tobu,merged30,iou,0.1995464947519852,0.16464821454017914,0.2368098633906431,1.0,0.0,10000,ResUNet
hokkaido_iburi_tobu,merged30,balanced_iou,0.17133011444561128,0.14591892613030819,0.20407835925673487,1.0,0.0,10000,ResUNet
hokkaido_iburi_tobu,merged30,mcc,0.3949141921464934,0.35935918800981653,0.4301662664246385,1.0,0.0,10000,ResUNet
hokkaido_iburi_tobu,merged30,precision,0.500439361717674,0.46389914177424885,0.5343307719739331,1.0,0.0,10000,ResUNet
hokkaido_iburi_tobu,merged30,recall,0.15484959094712178,0.11455754848167633,0.1906504616948313,1.0,0.0,10000,ResUNet
lombok,merged30,iou,0.010720988828914452,0.0009414320484322266,0.021948033626183697,0.9857,0.0143,10000,ResUNet
lombok,merged30,balanced_iou,-0.011485202030168987,-0.026729996971804636,0.002224970484253432,0.0592,0.9408,10000,ResUNet
lombok,merged30,mcc,0.030364895406510425,0.009708148274779643,0.057549867982169135,0.9987,0.0013,10000,ResUNet
lombok,merged30,precision,0.0076042517425597535,-0.005930628123147049,0.02164467749215425,0.849,0.151,10000,ResUNet
lombok,merged30,recall,0.11505065673462993,0.0789316929923259,0.1788350617262769,1.0,0.0,10000,ResUNet
palu,merged30,iou,0.021548112590413154,0.0057869142272808476,0.03643531065956558,0.9993,0.0007,10000,ResUNet
palu,merged30,balanced_iou,0.021034480964186125,0.006948770852308341,0.034555333020721085,0.9998,0.0002,10000,ResUNet
palu,merged30,mcc,0.04649544827034405,0.012882441908958684,0.07632761848560582,0.9991,0.0009,10000,ResUNet
palu,merged30,precision,0.02704001309629497,0.0073296825380853685,0.04659160213969683,0.9994,0.0006,10000,ResUNet
palu,merged30,recall,0.05266427629562431,0.00951942039714729,0.09447543532249882,0.9928,0.0072,10000,ResUNet
target_macro,tile,iou,0.045587568996210436,0.0023578547860000905,0.12313241934164529,0.9987,0.0013,10000,Bottleneck-LiteASK
target_macro,tile,balanced_iou,0.038264582983015764,-0.023426123537568445,0.12088474763421572,0.8084,0.1916,10000,Bottleneck-LiteASK
target_macro,tile,mcc,0.09896790284993279,0.004353253020243119,0.25409835053337654,0.9985,0.0015,10000,Bottleneck-LiteASK
target_macro,tile,precision,0.11819692280014128,-0.00041112416169199016,0.3309428880097425,0.9688,0.0312,10000,Bottleneck-LiteASK
target_macro,tile,recall,0.054879426999637666,-0.034624840613816515,0.14624166481500575,0.8752,0.1248,10000,Bottleneck-LiteASK
hokkaido_iburi_tobu,tile,iou,0.12557265422235406,0.06422457914884197,0.20658526792874846,1.0,0.0,10000,Bottleneck-LiteASK
hokkaido_iburi_tobu,tile,balanced_iou,0.1254510727284147,0.09163393758350208,0.18880467321051203,1.0,0.0,10000,Bottleneck-LiteASK
hokkaido_iburi_tobu,tile,mcc,0.26646539347194004,0.17190834584677853,0.3900638038541728,1.0,0.0,10000,Bottleneck-LiteASK
hokkaido_iburi_tobu,tile,precision,0.3470077881753027,0.22633639207813913,0.49283264989850306,1.0,0.0,10000,Bottleneck-LiteASK
hokkaido_iburi_tobu,tile,recall,0.05629192339028823,-0.018579232161362338,0.10641019763144254,0.9635,0.0365,10000,Bottleneck-LiteASK
lombok,tile,iou,0.007448666021974766,-0.0014024807798995124,0.017876869653260453,0.9424,0.0576,10000,Bottleneck-LiteASK
lombok,tile,balanced_iou,-0.024448268919317968,-0.033816837274526175,-0.014752219157957613,0.0,1.0,10000,Bottleneck-LiteASK
lombok,tile,mcc,0.026463102419854223,0.005735889874734877,0.05143360221313118,0.9965,0.0035,10000,Bottleneck-LiteASK
lombok,tile,precision,0.0015432240277863038,-0.008770112700911256,0.011910260833349619,0.6151,0.3849,10000,Bottleneck-LiteASK
lombok,tile,recall,0.14557402090778937,0.09577240013410555,0.21158005247244344,1.0,0.0,10000,Bottleneck-LiteASK
palu,tile,iou,0.0037413867443024905,-0.0006137708505763456,0.00878660410847067,0.9466,0.0534,10000,Bottleneck-LiteASK
palu,tile,balanced_iou,0.013790945139950586,-0.00023449498688662325,0.030963069801214962,0.9715,0.0285,10000,Bottleneck-LiteASK
palu,tile,mcc,0.00397521265800412,-0.0037413166012732037,0.011974117957830255,0.8382,0.1618,10000,Bottleneck-LiteASK
palu,tile,precision,0.006039756197334778,-0.00035959848972274205,0.013290891937647379,0.9648,0.0352,10000,Bottleneck-LiteASK
palu,tile,recall,-0.0372276632991646,-0.07974073387430011,0.006665833671123967,0.0466,0.9534,10000,Bottleneck-LiteASK
target_macro,component,iou,0.045587568996210436,0.0009683548412987141,0.0961468858811989,0.9855,0.0145,10000,Bottleneck-LiteASK
target_macro,component,balanced_iou,0.038264582983015764,-0.02084663037548829,0.10545103825453585,0.7841,0.2159,10000,Bottleneck-LiteASK
target_macro,component,mcc,0.09896790284993279,0.002725002049352327,0.19759374141810432,0.9865,0.0135,10000,Bottleneck-LiteASK
target_macro,component,precision,0.11819692280014128,-0.0018598563317028572,0.24872817611852724,0.9518,0.0482,10000,Bottleneck-LiteASK
target_macro,component,recall,0.054879426999637666,-0.04523272049494192,0.11496563552349871,0.7907,0.2093,10000,Bottleneck-LiteASK
hokkaido_iburi_tobu,component,iou,0.12557265422235406,0.02046479388510082,0.17395063442388317,0.9999,0.0001,10000,Bottleneck-LiteASK
hokkaido_iburi_tobu,component,balanced_iou,0.1254510727284147,0.06676589199904837,0.16122439330747088,1.0,0.0,10000,Bottleneck-LiteASK
hokkaido_iburi_tobu,component,mcc,0.26646539347194004,0.0423057722282975,0.34114251393581235,0.9996,0.0004,10000,Bottleneck-LiteASK
hokkaido_iburi_tobu,component,precision,0.3470077881753027,0.02625809989192932,0.43951793002149875,1.0,0.0,10000,Bottleneck-LiteASK
hokkaido_iburi_tobu,component,recall,0.05629192339028823,-0.12868342269916316,0.09997088200339074,0.4964,0.5036,10000,Bottleneck-LiteASK
lombok,component,iou,0.007448666021974766,-0.007612720911452677,0.01691600320772202,0.7405,0.2595,10000,Bottleneck-LiteASK
lombok,component,balanced_iou,-0.024448268919317968,-0.036956714339401356,-0.001961415178563333,0.0174,0.9826,10000,Bottleneck-LiteASK
lombok,component,mcc,0.026463102419854223,-0.018470534354296318,0.0474132801478286,0.7986,0.2014,10000,Bottleneck-LiteASK
lombok,component,precision,0.0015432240277863038,-0.013844662316882906,0.013561117147345788,0.4923,0.5077,10000,Bottleneck-LiteASK
lombok,component,recall,0.14557402090778937,-0.007442939660324727,0.19963657209123561,0.9662,0.0338,10000,Bottleneck-LiteASK
palu,component,iou,0.0037413867443024905,-0.00020196885454545378,0.012859804863446365,0.969,0.031,10000,Bottleneck-LiteASK
palu,component,balanced_iou,0.013790945139950586,-0.007237552130927563,0.02811230654232819,0.8566,0.1434,10000,Bottleneck-LiteASK
palu,component,mcc,0.00397521265800412,-0.0033444465332312353,0.036874766238961035,0.9107,0.0893,10000,Bottleneck-LiteASK
palu,component,precision,0.006039756197334778,0.00014579659943214206,0.015623015812383557,0.9772,0.0228,10000,Bottleneck-LiteASK
palu,component,recall,-0.0372276632991646,-0.08039344873829238,0.11131628872552592,0.5182,0.4818,10000,Bottleneck-LiteASK
target_macro,merged30,iou,0.045587568996210436,0.0018065917697844675,0.12255308301559532,0.9951,0.0049,10000,Bottleneck-LiteASK
target_macro,merged30,balanced_iou,0.038264582983015764,-0.02282752628838806,0.12320176098200473,0.8072,0.1928,10000,Bottleneck-LiteASK
target_macro,merged30,mcc,0.09896790284993279,0.0044042477242404255,0.257152273073536,0.9965,0.0035,10000,Bottleneck-LiteASK
target_macro,merged30,precision,0.11819692280014128,-0.0014497194028678794,0.33417318330359763,0.9549,0.0451,10000,Bottleneck-LiteASK
target_macro,merged30,recall,0.054879426999637666,-0.03271961492591128,0.1444008369092788,0.876,0.124,10000,Bottleneck-LiteASK
hokkaido_iburi_tobu,merged30,iou,0.12557265422235406,0.06358963303030041,0.20481407023474874,1.0,0.0,10000,Bottleneck-LiteASK
hokkaido_iburi_tobu,merged30,balanced_iou,0.1254510727284147,0.08852205021390544,0.18747210665183223,1.0,0.0,10000,Bottleneck-LiteASK
hokkaido_iburi_tobu,merged30,mcc,0.26646539347194004,0.17016955191610714,0.3864266917012023,1.0,0.0,10000,Bottleneck-LiteASK
hokkaido_iburi_tobu,merged30,precision,0.3470077881753027,0.22210651756417843,0.48721293665166926,1.0,0.0,10000,Bottleneck-LiteASK
hokkaido_iburi_tobu,merged30,recall,0.05629192339028823,-0.01851995331862859,0.10936073508728315,0.9512,0.0488,10000,Bottleneck-LiteASK
lombok,merged30,iou,0.007448666021974766,-0.004898750282565413,0.023036194027976502,0.8743,0.1257,10000,Bottleneck-LiteASK
lombok,merged30,balanced_iou,-0.024448268919317968,-0.04244212856379081,-0.006696239674379123,0.0037,0.9963,10000,Bottleneck-LiteASK
lombok,merged30,mcc,0.026463102419854223,-0.0008065119019433408,0.0556997552203439,0.9715,0.0285,10000,Bottleneck-LiteASK
lombok,merged30,precision,0.0015432240277863038,-0.014126146025282265,0.0182518165215266,0.5885,0.4115,10000,Bottleneck-LiteASK
lombok,merged30,recall,0.14557402090778937,0.08498473712474548,0.21965455275867604,1.0,0.0,10000,Bottleneck-LiteASK
palu,merged30,iou,0.0037413867443024905,-0.0016304877345907646,0.009839852566617218,0.9186,0.0814,10000,Bottleneck-LiteASK
palu,merged30,balanced_iou,0.013790945139950586,-0.0010139613768606513,0.03144161565197773,0.9609,0.0391,10000,Bottleneck-LiteASK
palu,merged30,mcc,0.00397521265800412,-0.0062810014142067275,0.015484878033880538,0.8083,0.1917,10000,Bottleneck-LiteASK
palu,merged30,precision,0.006039756197334778,-0.0013381436579101846,0.015207771084672889,0.9451,0.0549,10000,Bottleneck-LiteASK
palu,merged30,recall,-0.0372276632991646,-0.08444703043147633,0.015676461943336745,0.0884,0.9116,10000,Bottleneck-LiteASK
