experiment,regime,mode,role,buffer_m,confidence_threshold,coverage_mean,selective_risk_mean,n_runs
E1,cas-multistream,,,,0.5,1.0,0.19075848643635443,3
E1,cas-multistream,,,,0.525,0.9854568408970246,0.18621410163997165,3
E1,cas-multistream,,,,0.55,0.9708850857343617,0.18170154420961446,3
E1,cas-multistream,,,,0.575,0.9561711084739603,0.17709104611225093,3
E1,cas-multistream,,,,0.6,0.9412783891154968,0.17242576102596519,3
E1,cas-multistream,,,,0.625,0.9260530426504842,0.1675978254029039,3
E1,cas-multistream,,,,0.65,0.9103073623725985,0.16259538738358328,3
E1,cas-multistream,,,,0.675,0.8941067022087368,0.15737568392634413,3
E1,cas-multistream,,,,0.7,0.8778597397688696,0.15212436615031774,3
E1,cas-multistream,,,,0.725,0.8601039728051546,0.14631679822342378,3
E1,cas-multistream,,,,0.75,0.8418917169874064,0.14028714016866278,3
E1,cas-multistream,,,,0.775,0.8224503435035699,0.13373320826494448,3
E1,cas-multistream,,,,0.8,0.8030006744120882,0.12711010266895392,3
E1,cas-multistream,,,,0.825,0.780736371059973,0.1194088843148517,3
E1,cas-multistream,,,,0.8500000000000001,0.7570781528898923,0.11112011018766194,3
E1,cas-multistream,,,,0.875,0.7327507408364161,0.10272147935418179,3
E1,cas-multistream,,,,0.9,0.7055714014546036,0.09330238094881387,3
E1,cas-multistream,,,,0.925,0.6749663552156596,0.08313014044503718,3
E1,cas-multistream,,,,0.95,0.6375295787472598,0.07148095542038922,3
E1,cas-multistream,,,,0.9750000000000001,0.5859848132102705,0.057489633408935724,3
E1,cas-single,,,,0.5,1.0,0.19533360325278207,3
E1,cas-single,,,,0.525,0.9867681861722271,0.19127147842801928,3
E1,cas-single,,,,0.55,0.9734917202699694,0.1872678583630051,3
E1,cas-single,,,,0.575,0.9600242844250472,0.18319789497664632,3
E1,cas-single,,,,0.6,0.9463263184010017,0.17910305896200782,3
E1,cas-single,,,,0.625,0.9322542397988407,0.17490313606115568,3
E1,cas-single,,,,0.65,0.9175084255424316,0.17048590278278708,3
E1,cas-single,,,,0.675,0.9022416605059144,0.16586725364945004,3
E1,cas-single,,,,0.7,0.8867572621354928,0.16120178611999195,3
E1,cas-single,,,,0.725,0.8696153924375457,0.1559641007915915,3
E1,cas-single,,,,0.75,0.8519056824496104,0.15054858349987058,3
E1,cas-single,,,,0.775,0.8325376611667085,0.14435755587600177,3
E1,cas-single,,,,0.8,0.8124012183422962,0.13774564744064544,3
E1,cas-single,,,,0.825,0.7897278582798609,0.1300036252515143,3
E1,cas-single,,,,0.8500000000000001,0.7649271951902364,0.12115192080372504,3
E1,cas-single,,,,0.875,0.7389887478853634,0.11182075975561205,3
E1,cas-single,,,,0.9,0.7106455629976175,0.10145652890572295,3
E1,cas-single,,,,0.925,0.678803378518527,0.09024050553857328,3
E1,cas-single,,,,0.95,0.6402285651013123,0.07734229221481097,3
E1,cas-single,,,,0.9750000000000001,0.5879253684320196,0.06161888964331405,3
E1,pooled,,,,0.5,1.0,0.10518059656777112,3
E1,pooled,,,,0.525,0.9865239860805056,0.09995299380890299,3
E1,pooled,,,,0.55,0.9729598350464507,0.09497392466118232,3
E1,pooled,,,,0.575,0.9590802427883518,0.09014671977266596,3
E1,pooled,,,,0.6,0.9446556231612889,0.08537020287340857,3
E1,pooled,,,,0.625,0.9295941372472902,0.08069806308958492,3
E1,pooled,,,,0.65,0.9135351193806326,0.07605887552167791,3
E1,pooled,,,,0.675,0.8964452681972924,0.07148707391732408,3
E1,pooled,,,,0.7,0.8783310284032092,0.06701769614125297,3
E1,pooled,,,,0.725,0.8575597634604114,0.062338985124226254,3
E1,pooled,,,,0.75,0.8355961758854357,0.05786497865645724,3
E1,pooled,,,,0.775,0.8102188565643648,0.05323745516746415,3
E1,pooled,,,,0.8,0.7822905635589833,0.04868594818712176,3
E1,pooled,,,,0.825,0.7508900458535996,0.04416025986966495,3
E1,pooled,,,,0.8500000000000001,0.7148966530820888,0.03957920652143341,3
E1,pooled,,,,0.875,0.675340423193734,0.035106853724527806,3
E1,pooled,,,,0.9,0.6316016609174241,0.03053749277452013,3
E1,pooled,,,,0.925,0.5801292292137643,0.025696328116438006,3
E1,pooled,,,,0.95,0.5151881277307119,0.020405922486338084,3
E1,pooled,,,,0.9750000000000001,0.42416832668019655,0.01492337412144961,3
E4,,decoder-only,adapted,0,0.5,1.0,0.04576876728641637,9
E4,,decoder-only,adapted,0,0.525,0.9908341750347991,0.041969458705771935,9
E4,,decoder-only,adapted,0,0.55,0.98155415126538,0.03853890302899205,9
E4,,decoder-only,adapted,0,0.575,0.9720240890204008,0.03542898212529575,9
E4,,decoder-only,adapted,0,0.6,0.9621265146325894,0.032615787607281,9
E4,,decoder-only,adapted,0,0.625,0.9518325218672913,0.030072504258336106,9
E4,,decoder-only,adapted,0,0.65,0.9406812719485154,0.027727266575009096,9
E4,,decoder-only,adapted,0,0.675,0.9287183150626357,0.025591172174246172,9
E4,,decoder-only,adapted,0,0.7,0.9159808828501473,0.023653206749873784,9
E4,,decoder-only,adapted,0,0.725,0.9012303690662515,0.021795029487306248,9
E4,,decoder-only,adapted,0,0.75,0.8852402596916653,0.020104680402640872,9
E4,,decoder-only,adapted,0,0.775,0.866199180867909,0.018486542441982962,9
E4,,decoder-only,adapted,0,0.8,0.8447575493549018,0.017029575152591913,9
E4,,decoder-only,adapted,0,0.825,0.8194576283286267,0.015646766235154857,9
E4,,decoder-only,adapted,0,0.8500000000000001,0.7879753642912888,0.014289824461984561,9
E4,,decoder-only,adapted,0,0.875,0.7491701403352539,0.012986012478377868,9
E4,,decoder-only,adapted,0,0.9,0.7009020085578601,0.01167653306862345,9
E4,,decoder-only,adapted,0,0.925,0.6399424690161342,0.01026930594511101,9
E4,,decoder-only,adapted,0,0.95,0.5555785044650111,0.00854902951038721,9
E4,,decoder-only,adapted,0,0.9750000000000001,0.4066885616733214,0.006651608643033375,9
E4,,decoder-only,adapted,256,0.5,1.0,0.04442855036219326,9
E4,,decoder-only,adapted,256,0.525,0.9911375867979726,0.04074538764498599,9
E4,,decoder-only,adapted,256,0.55,0.9821696480475948,0.03742680528554338,9
E4,,decoder-only,adapted,256,0.575,0.9729929676466923,0.03444130722371991,9
E4,,decoder-only,adapted,256,0.6,0.9634854395806473,0.031745537868066435,9
E4,,decoder-only,adapted,256,0.625,0.9536178479467294,0.029315425772221657,9
E4,,decoder-only,adapted,256,0.65,0.9429046697936203,0.027066877881803363,9
E4,,decoder-only,adapted,256,0.675,0.9313904088331277,0.02501756514444644,9
E4,,decoder-only,adapted,256,0.7,0.9191331263439348,0.02315943564166388,9
E4,,decoder-only,adapted,256,0.725,0.9048925816935688,0.021372699555862688,9
E4,,decoder-only,adapted,256,0.75,0.8893558535714869,0.019751896727051983,9
E4,,decoder-only,adapted,256,0.775,0.870798097257222,0.0181983236661662,9
E4,,decoder-only,adapted,256,0.8,0.8498385421927924,0.016801332111911753,9
E4,,decoder-only,adapted,256,0.825,0.8249752917081952,0.015474145880437933,9
E4,,decoder-only,adapted,256,0.8500000000000001,0.7938569098445161,0.014172647302291175,9
E4,,decoder-only,adapted,256,0.875,0.7552839884971436,0.012930609620994012,9
E4,,decoder-only,adapted,256,0.9,0.7070785226083244,0.011694447118993912,9
E4,,decoder-only,adapted,256,0.925,0.646049108511257,0.010389364825108893,9
E4,,decoder-only,adapted,256,0.95,0.5614614224389592,0.008826911859030841,9
E4,,decoder-only,adapted,256,0.9750000000000001,0.41129242790673654,0.007080063069233208,9
E4,,full,adapted,0,0.5,1.0,0.04496368571028166,9
E4,,full,adapted,0,0.525,0.9917445581068548,0.0415689807427846,9
E4,,full,adapted,0,0.55,0.9832970623487566,0.038468588781065155,9
E4,,full,adapted,0,0.575,0.9744209148149652,0.03559570403859884,9
E4,,full,adapted,0,0.6,0.9650115212094241,0.03294719046246209,9
E4,,full,adapted,0,0.625,0.95497605448314,0.030511208771901166,9
E4,,full,adapted,0,0.65,0.9439038784872705,0.028232092119409635,9
E4,,full,adapted,0,0.675,0.9317098267982724,0.026139778135152072,9
E4,,full,adapted,0,0.7,0.918459530552611,0.02424076893281328,9
E4,,full,adapted,0,0.725,0.9027141670345252,0.022418829235444783,9
E4,,full,adapted,0,0.75,0.885073038900981,0.020771746079883677,9
E4,,full,adapted,0,0.775,0.8641792741009332,0.019217163399883778,9
E4,,full,adapted,0,0.8,0.8414064574932713,0.017872201813243692,9
E4,,full,adapted,0,0.825,0.8146575630860421,0.016621056555476715,9
E4,,full,adapted,0,0.8500000000000001,0.7823517880715847,0.015447326156864215,9
E4,,full,adapted,0,0.875,0.7429362655322899,0.014363740514550567,9
E4,,full,adapted,0,0.9,0.6926160658051125,0.013350882259930407,9
E4,,full,adapted,0,0.925,0.6287267153117438,0.0122957456245306,9
E4,,full,adapted,0,0.95,0.5459966656815304,0.01123718554699991,9
E4,,full,adapted,0,0.9750000000000001,0.41222374992580524,0.010213279152287867,9
E4,,full,adapted,256,0.5,1.0,0.0423698245796762,9
E4,,full,adapted,256,0.525,0.9921901630458217,0.03915084316288428,9
E4,,full,adapted,256,0.55,0.98418863549894,0.0362224305181377,9
E4,,full,adapted,256,0.575,0.9757840438829111,0.033523114342169744,9
E4,,full,adapted,256,0.6,0.9668551911013777,0.03103515160401156,9
E4,,full,adapted,256,0.625,0.9573295557558799,0.028760985687254572,9
E4,,full,adapted,256,0.65,0.9468070355335296,0.026638088558084538,9
E4,,full,adapted,256,0.675,0.9351881266860634,0.02469067985485884,9
E4,,full,adapted,256,0.7,0.9225125561933759,0.02291682655824074,9
E4,,full,adapted,256,0.725,0.9073854280892929,0.021222439331167863,9
E4,,full,adapted,256,0.75,0.8903888446980238,0.01969282468033234,9
E4,,full,adapted,256,0.775,0.8701195631976559,0.018249613826502243,9
E4,,full,adapted,256,0.8,0.8478938960876927,0.017016914470527614,9
E4,,full,adapted,256,0.825,0.8216454574605041,0.01588045649690923,9
E4,,full,adapted,256,0.8500000000000001,0.7898188013459142,0.014827860610606517,9
E4,,full,adapted,256,0.875,0.7506496613543843,0.013865421301527486,9
E4,,full,adapted,256,0.9,0.7002580093778041,0.012971684765026432,9
E4,,full,adapted,256,0.925,0.6360265512951039,0.012101295874066687,9
E4,,full,adapted,256,0.95,0.5529699104362591,0.011311627934772008,9
E4,,full,adapted,256,0.9750000000000001,0.41884681305599675,0.010486275487043598,9
E4,,source,source,0,0.5,1.0,0.13635855589657786,9
E4,,source,source,0,0.525,0.9897367358249232,0.13260412919382378,9
E4,,source,source,0,0.55,0.9793553827262502,0.12884891689467648,9
E4,,source,source,0,0.575,0.9688109151010759,0.1250596903473845,9
E4,,source,source,0,0.6,0.9579088284468718,0.12124349956040698,9
E4,,source,source,0,0.625,0.9467898784122561,0.11738086814070645,9
E4,,source,source,0,0.65,0.9350787750737677,0.11329884458489252,9
E4,,source,source,0,0.675,0.9229154172211863,0.10900356965824416,9
E4,,source,source,0,0.7,0.9107883626315473,0.10469356988556008,9
E4,,source,source,0,0.725,0.8972778521125879,0.09986400342642383,9
E4,,source,source,0,0.75,0.8836610020102429,0.09517963737598675,9
E4,,source,source,0,0.775,0.8684469283715092,0.08995151940347736,9
E4,,source,source,0,0.8,0.8523188024500344,0.08447448167592016,9
E4,,source,source,0,0.825,0.8344442103694009,0.07854576122475149,9
E4,,source,source,0,0.8500000000000001,0.813924618060409,0.07201357547614012,9
E4,,source,source,0,0.875,0.7900914357667768,0.06499288226150891,9
E4,,source,source,0,0.9,0.7610720036747943,0.057226573794700766,9
E4,,source,source,0,0.925,0.7232958710006254,0.04799311052162376,9
E4,,source,source,0,0.95,0.6737615230995063,0.03597277958772147,9
E4,,source,source,0,0.9750000000000001,0.5933556545404303,0.02217179027757435,9
E4,,source,source,256,0.5,1.0,0.13600050810365974,9
E4,,source,source,256,0.525,0.989652569452285,0.13222004674191054,9
E4,,source,source,256,0.55,0.9791984146917958,0.12845451362419946,9
E4,,source,source,256,0.575,0.9685562762654728,0.12464406187776193,9
E4,,source,source,256,0.6,0.957576610200401,0.12081217158402151,9
E4,,source,source,256,0.625,0.9463509678534656,0.11692521223170863,9
E4,,source,source,256,0.65,0.934513387940373,0.1128322472772877,9
E4,,source,source,256,0.675,0.9221728944498688,0.10851565603465002,9
E4,,source,source,256,0.7,0.9098838363183306,0.10419791159824418,9
E4,,source,source,256,0.725,0.8962133977960475,0.09938472342145244,9
E4,,source,source,256,0.75,0.8824818539077651,0.09474010921972259,9
E4,,source,source,256,0.775,0.8671606680119185,0.08961769404676904,9
E4,,source,source,256,0.8,0.8509344779578103,0.08426502960139227,9
E4,,source,source,256,0.825,0.8329611199079758,0.07846741631384863,9
E4,,source,source,256,0.8500000000000001,0.8123627380538846,0.07206522462789758,9
E4,,source,source,256,0.875,0.7883762141154497,0.06508212906380663,9
E4,,source,source,256,0.9,0.7589751512620073,0.05716852107920503,9
E4,,source,source,256,0.925,0.7208986404848772,0.04776434751553261,9
E4,,source,source,256,0.95,0.6711257843493647,0.03563205622526587,9
E4,,source,source,256,0.9750000000000001,0.5906847574756242,0.022365777424466368,9
