relative_path,size_bytes,sha256
.gitattributes,19,d60f352d0db1404c70afb4bb8b2ca3fd1c610572aa40720e8a0b7baa7885418c
.gitignore,179,3dcbb66defa94c055bfce3cac7ed941b6d28f461a80ee1e52ba198960d73a578
CHANGELOG.md,512,144f45381f0fdab64408eebbe587ae8af02550792a9bf5c1bab0a508bd105e37
DATA_LICENSES.md,1546,322bcf3c037667ab8388a5fd55b6d53ae5a8408a6ac4d5e746f57606657f7ebb
data_manifests/eval_seed2026_buffer256.csv,168856,a5315d24973e59f691a503229274a0e57743d84bf24066e3a3b1802989be39bc
data_manifests/eval_seed2026_buffer512.csv,168856,cbe564a8150dcdf00bf2a7bc65da52b4cc75f07eb325ab55d8974c0260ca9202
data_manifests/eval_seed2026_hokkaido_iburi_tobu_buffer256.csv,376029,cb95c05baf902346dd3e13f06f3cbac95e9ceaa90ee6c715b16f754c4aaec926
data_manifests/eval_seed2026_hokkaido_iburi_tobu_buffer512.csv,376029,77f7a7a800df54a0664a530a5fabd6efb89cc392d78f5eacac8dfdadd22b415f
data_manifests/eval_seed2026_lombok_buffer256.csv,51270,294f815ea5f7623af2a8b6138d3b82aa90523fc355e37a29c86402d4c26e301f
data_manifests/eval_seed2026_lombok_buffer512.csv,51270,f32b23cfba3f543e9ed9fe64545e320e509f67f6b5a52b518f15762f6499bc73
data_manifests/eval_seed2026_palu_buffer256.csv,168856,a5315d24973e59f691a503229274a0e57743d84bf24066e3a3b1802989be39bc
data_manifests/eval_seed2026_palu_buffer512.csv,168856,cbe564a8150dcdf00bf2a7bc65da52b4cc75f07eb325ab55d8974c0260ca9202
data_manifests/eval_seed42_buffer256.csv,169456,105dd37f26e2bde01cc36093437e08e59964be73b4020e6d6e2d0159ad53a327
data_manifests/eval_seed42_buffer512.csv,169456,819139f5a20763d11e19b9021236a9365d5a9bb0e24e3f95346336f173be88a3
data_manifests/eval_seed42_hokkaido_iburi_tobu_buffer256.csv,373153,5a12e20db3e9fb061f74538f4e2d5e7dec677a444cf62338b90841b38f2bea9b
data_manifests/eval_seed42_hokkaido_iburi_tobu_buffer512.csv,373153,800a2de95d9ae13f4d2be1d08b788b2bfdc93576af62b5ab5b72bb0d1d3a0052
data_manifests/eval_seed42_lombok_buffer256.csv,55409,eb103eab194d6fe3c22f0584d2b5f2b80739cf94f3c1504dd24a61ed4ba5ab92
data_manifests/eval_seed42_lombok_buffer512.csv,55409,27b2a30eadddab5380c7bc16ca1065e2d54e9ff0ac7598c7af44158d8a229d97
data_manifests/eval_seed42_palu_buffer256.csv,169456,105dd37f26e2bde01cc36093437e08e59964be73b4020e6d6e2d0159ad53a327
data_manifests/eval_seed42_palu_buffer512.csv,169456,819139f5a20763d11e19b9021236a9365d5a9bb0e24e3f95346336f173be88a3
data_manifests/eval_seed777_buffer256.csv,170367,393b3fc1f217df9485cbdce20398d1c5f2e53516810c60f0a6ee4ae44921e8ca
data_manifests/eval_seed777_buffer512.csv,170367,8c60e653f955a875fce7ecdcbbecc0316c4ce101782ebc2f32acd850700f92eb
data_manifests/eval_seed777_hokkaido_iburi_tobu_buffer256.csv,374570,4f4fc18ade9cab8557723256bd7a4402aa47951fa15f67f1409667a024cbae9c
data_manifests/eval_seed777_hokkaido_iburi_tobu_buffer512.csv,374570,03e332b11d58821f268b1907efbffc3529f6304146d0aecbf2cc99ab987aa3df
data_manifests/eval_seed777_lombok_buffer256.csv,56428,3451f3379c01259bfb6dbfc85573a8dac031e68c688f80d02e19e2e47aa5c30b
data_manifests/eval_seed777_lombok_buffer512.csv,56428,1a0204628daab183c4758f5390c821f39c54a54bc7a1bf8c03e539306269a692
data_manifests/eval_seed777_palu_buffer256.csv,170367,393b3fc1f217df9485cbdce20398d1c5f2e53516810c60f0a6ee4ae44921e8ca
data_manifests/eval_seed777_palu_buffer512.csv,170367,8c60e653f955a875fce7ecdcbbecc0316c4ce101782ebc2f32acd850700f92eb
data_manifests/fewshot_eval_seed2026_777.csv,1488705,3f4e31e661e496d9c416b7e0e18f5f8f127e78028d801b718de4c7de1d69b82c
data_manifests/fewshot_eval_seed42.csv,740454,5cc0b7ef15143ebe1b68ff9e6798c1af424b317172734acace1856b081e8b45f
data_manifests/fewshot_support_seed2026_777.csv,58477,634ca173ff560a9537d18871dcc199c8061a97049a92302ff506461393e3be8d
data_manifests/fewshot_support_seed42.csv,29146,789ab329b26e118a0e8c935fb3aa93f563127c8bcec954710fa35577a80d61c2
data_manifests/manifest_benchmark_v2.csv,7948761,3a2f95d52ae508b0ddfc801fc795a3df4bd83bdf044156cbc0d542befbc0600b
data_manifests/manifest_external.csv,5255464,92dfdc848ea57a7793d433ed1539d941cd6db78cd2728412234e7d5fb3f9461a
data_manifests/README.md,765,38a0124939a91bac8cb61753cc7e68b0e5ff04305ad7d1ef58ceb388ac606722
data_manifests/target_spatial_index.csv,777690,db955f81bea3edd58f050aaacffec1466edb8f41e6f2d071b1d449cf2047e144
environment-full.txt,3079,31f64abf50c237f526734d644ef2b2e13337b2e900f01ed5218f96933a3b29bf
LICENSE,1066,c6a839907577028ea49902712d4182d5dfa3973759af98182f4f4686c371e5bc
metrics/e1_raw/bench_v2_e1_cas-multistream_seed2026/step_0000.json,6792,82ac805ad7fc1996fbbc428c0d4c9603b92cf0452e79c9353718ef695539bba0
metrics/e1_raw/bench_v2_e1_cas-multistream_seed2026/step_0280.json,6796,4c9b6c40ec9dc730dad4ac4d9d5f0348a1e52848abde79b548987a21ad70eb96
metrics/e1_raw/bench_v2_e1_cas-multistream_seed2026/step_0560.json,6798,b746105663c07f5f85f2ad24bfd12bc37edcaea94db4460e6d5d9ae3ddab1609
metrics/e1_raw/bench_v2_e1_cas-multistream_seed2026/step_0840.json,6792,95bb82ddf1a79e90c83e97c8e990116666a4c26e3907762a051e653f333d02de
metrics/e1_raw/bench_v2_e1_cas-multistream_seed2026/step_1120.json,6783,ddd17fcfd3602ae697d065dd8482422066fea511442c58d0a291c7d4bc9a7af4
metrics/e1_raw/bench_v2_e1_cas-multistream_seed42/step_0000.json,6771,ff077e9943ef41a399a658c2eabc63de7124e031707f9f224ec29e413a7237dc
metrics/e1_raw/bench_v2_e1_cas-multistream_seed42/step_0280.json,6778,a556def59f3f9a344a642d871450038abf7a955e2073e8e0cc29e19313847847
metrics/e1_raw/bench_v2_e1_cas-multistream_seed42/step_0560.json,6779,99ebb7c08a70cbdaec607d5ed352b01eebc38cd015f39048122cc063286a74f6
metrics/e1_raw/bench_v2_e1_cas-multistream_seed42/step_0840.json,6782,072e6bd23ca5a8be3e1825c59474da4f0f1605980da33d5f2ee0f79c17c67900
metrics/e1_raw/bench_v2_e1_cas-multistream_seed42/step_1120.json,6788,d0dae50283553e3565a6fc305f663dd58959addc460cc2275ddce5bf77aa39e8
metrics/e1_raw/bench_v2_e1_cas-multistream_seed777/step_0000.json,6800,119b61597b5e50ea7994751d2547a00783de1f782c660345c8ece8a1a801b566
metrics/e1_raw/bench_v2_e1_cas-multistream_seed777/step_0280.json,6788,4d427b4acac40370a16f14a1afadd6b1c11f420e5b7010bb785700562ce99750
metrics/e1_raw/bench_v2_e1_cas-multistream_seed777/step_0560.json,6791,aa5d91f7955950bcb35378e08791de63e0203f6dc86f8fc4630b01d2cbe0c5ef
metrics/e1_raw/bench_v2_e1_cas-multistream_seed777/step_0840.json,6791,fcbe70ba592d857ad41907288944f606a735da31dbada8ea93ac818237a9b3c4
metrics/e1_raw/bench_v2_e1_cas-multistream_seed777/step_1120.json,6786,f639f1b25e9bc0e71f0a8a00b38121cd8a501217c73f05d7ac0c8ef2630f6d5c
metrics/e1_raw/bench_v2_e1_cas-single_seed2026/step_0000.json,6782,814dca95bae9c9d2cd6e5110de342e5bae5eba1a75aae0f36ba2c9622f6fecc8
metrics/e1_raw/bench_v2_e1_cas-single_seed2026/step_0280.json,6769,b2dc733d2b43e7482d70161a6d731fc11f4c9fbb0c8f9c3f4d1d1330d304c1ce
metrics/e1_raw/bench_v2_e1_cas-single_seed2026/step_0560.json,6776,d8d98e7b8404a86670722f08ec289b20f076377b71ce13324bc336ffcada9884
metrics/e1_raw/bench_v2_e1_cas-single_seed2026/step_0840.json,6769,9197b80761023aa5c905e48ba2e22f0ecd86b7ae1fd92c36f59e3ba734c7891a
metrics/e1_raw/bench_v2_e1_cas-single_seed2026/step_1120.json,6772,ffabd6dd1aac9861c73a1e82189c763def0e42596be0764a5714ab2459565ea8
metrics/e1_raw/bench_v2_e1_cas-single_seed42/step_0000.json,6761,4adecb6f4e832bf80ca2adf0fe2be3dbe73cbf841c1d52eb7bd242abd298f6ef
metrics/e1_raw/bench_v2_e1_cas-single_seed42/step_0280.json,6754,2fd57c37717e2f2cc2b7bb0c549e9bea9ee306b8baec9a824b7df3f6757901d7
metrics/e1_raw/bench_v2_e1_cas-single_seed42/step_0560.json,6772,c404bb4d1791ae03f49891ed5a5abd1da899916143c138496dff8a994a367739
metrics/e1_raw/bench_v2_e1_cas-single_seed42/step_0840.json,6787,0ef081f2d16790c79493bfc1dfa11c2cebd9e67b8d9c0fde839c34d2b835224c
metrics/e1_raw/bench_v2_e1_cas-single_seed42/step_1120.json,6778,ebd01103e030a8484bdbce9d8e70ec6f3a2d32bea32b0405e7808759323a7a2c
metrics/e1_raw/bench_v2_e1_cas-single_seed777/step_0000.json,6790,dc32ab653359eb94b257ee06de6ec3d2d4300d511ce1c24f19e48147d16d67ef
metrics/e1_raw/bench_v2_e1_cas-single_seed777/step_0280.json,6769,cace8ecb3a2ebdd1637993b7446dea24896a0aa7d428cdb1da7a0d014e2533f9
metrics/e1_raw/bench_v2_e1_cas-single_seed777/step_0560.json,6785,46f541c5381b7dd0aa6f355f9fea09e3c5d1adb75a2e1eefd6565db97d5ca9a7
metrics/e1_raw/bench_v2_e1_cas-single_seed777/step_0840.json,6772,eaf7c3aa4033df15894109a25039236549c59dfca72b4da6e1306b53fe7d701d
metrics/e1_raw/bench_v2_e1_cas-single_seed777/step_1120.json,6775,a7828262fc7f2a0c8e471dd2d6dc28916eacf7797376f5021dbb1582cdeeae89
metrics/e1_raw/bench_v2_e1_pooled_seed2026/step_0000.json,6774,a281078f6837ef134e4ac21e61f3793926c743b57a186b0566911b11bc6f4bf8
metrics/e1_raw/bench_v2_e1_pooled_seed2026/step_0280.json,6750,9bf98d649b00af46bf943de3d79c775957506232d48bfe21b5cbbf64ea3e6aef
metrics/e1_raw/bench_v2_e1_pooled_seed2026/step_0560.json,6743,57a0a4b7f0d43b57519213415c108a639c78a8aa46374ac33733a84d156b5132
metrics/e1_raw/bench_v2_e1_pooled_seed2026/step_0840.json,6754,cf23a8608f7964efdc308bece418d026ec5a2eaba21ec5cc34b17b277cee477b
metrics/e1_raw/bench_v2_e1_pooled_seed2026/step_1120.json,6753,36f8d6e674cdbbb0fbe0bfcaf42dfc6a2b7799f4f3e3d17ea889f116c740c5f5
metrics/e1_raw/bench_v2_e1_pooled_seed42/step_0000.json,6752,00c7edf8951d5e4287fe6020ed661f8906ebe4467bd62c933c87a71daa4f0123
metrics/e1_raw/bench_v2_e1_pooled_seed42/step_0280.json,6741,33dde20cb06b1fe30dcf8302fecf4066b315dbe6b6bab582b51c6e9e63b847e5
metrics/e1_raw/bench_v2_e1_pooled_seed42/step_0560.json,6743,e0f4f078fe81e866e2985c4db42e4fe0ae8d949ba80e430154f456d29136133f
metrics/e1_raw/bench_v2_e1_pooled_seed42/step_0840.json,6755,bf5fb24a3a0f601a3093b10d760e86a614e6cf6643017a01242fe4616754ef87
metrics/e1_raw/bench_v2_e1_pooled_seed42/step_1120.json,6753,83725597489f6fc953e5349854507d1be5cf298746b70e150cd3b82cb42a605d
metrics/e1_raw/bench_v2_e1_pooled_seed777/step_0000.json,6781,53bc7d493d612eabb23d85dcb0709ac8c1b14de5f65c3aec6edf564298870a3c
metrics/e1_raw/bench_v2_e1_pooled_seed777/step_0280.json,6749,ecbadcaf5ff6b12790745d27debf5c76a3f873cfdbf150539912275a2bcc2d2d
metrics/e1_raw/bench_v2_e1_pooled_seed777/step_0560.json,6751,34156569e81ee7fac4fdbd832e12e214f505f0dd5990c8cd3838734be760effa
metrics/e1_raw/bench_v2_e1_pooled_seed777/step_0840.json,6763,c88b44ea4ae92ec5850c5c3335a742eaf1e644b567779ba81d5823796c0267a9
metrics/e1_raw/bench_v2_e1_pooled_seed777/step_1120.json,6761,d10fc221f183ff109c55372827f17534e9f0bdb98eb3bf32dcbc79809cc3c28a
metrics/e4_query_raw/buffer0/adapted_decoder-only_seed2026_hokkaido_iburi_tobu.json,3078,a1d715632ad1b341b91bd90407d3aa158e1eb2a367aa6ab943ca4ba0f3880743
metrics/e4_query_raw/buffer0/adapted_decoder-only_seed2026_lombok.json,3064,a8200341d9140fe7c31a9acaeb1ad0c854195bbe8b7d85f3fcf05a56643abf62
metrics/e4_query_raw/buffer0/adapted_decoder-only_seed2026_palu.json,3069,343ba94dc964ead7a1b5496782c3bf6ee961fb01da9c469dde17d7e21f2a931f
metrics/e4_query_raw/buffer0/adapted_decoder-only_seed42_hokkaido_iburi_tobu.json,3067,0131cd029167a2e643f052184b4be3a788f10118c4deb490b7f48620e0ce76f7
metrics/e4_query_raw/buffer0/adapted_decoder-only_seed42_lombok.json,3065,3cb493c4a6b89687e81f806b9a94ce6d59f7fda752de36b6563c850fb52a3e10
metrics/e4_query_raw/buffer0/adapted_decoder-only_seed42_palu.json,3059,d750ef90bd55cca1aba7a7c86b087e3c5021e846848668a99e5794d0331b7ed9
metrics/e4_query_raw/buffer0/adapted_decoder-only_seed777_hokkaido_iburi_tobu.json,3065,e127b62f63de5df063e6bd18c748c89633dfb4265f36745994b3b5212bdc35c1
metrics/e4_query_raw/buffer0/adapted_decoder-only_seed777_lombok.json,3063,2dabeaa03df941ee9c5c89517ed52202d3bd816a07d22954b5a2913fd49ffd0d
metrics/e4_query_raw/buffer0/adapted_decoder-only_seed777_palu.json,3067,3faf2ef88c2fb3bf50a70a0a99ff7ce77d639f412e434e2995a17e2fccc223b4
metrics/e4_query_raw/buffer0/adapted_full_seed2026_hokkaido_iburi_tobu.json,3057,253f3e745e10df225150c2caf7656db3d6892aa3894a610b53daecbd909aa33d
metrics/e4_query_raw/buffer0/adapted_full_seed2026_lombok.json,3046,adc6a6df541c660de97c8c1e98e9aca0b140184947629f7479e9d7dcf9f0aa05
metrics/e4_query_raw/buffer0/adapted_full_seed2026_palu.json,3041,faac0656e873e8df5b6a5ecd8160cf99cb3722e4f4d10a5ea2fb9eddaa1099d2
metrics/e4_query_raw/buffer0/adapted_full_seed42_hokkaido_iburi_tobu.json,3055,e9f47de24b0124384e91912239dbe71fe782df64251eff5cf2c3b3132adaafcc
metrics/e4_query_raw/buffer0/adapted_full_seed42_lombok.json,3037,cf86c09c32cc21820f90eb6458ec2fbaf54c1c8b50cc3eda45c958a59e905631
metrics/e4_query_raw/buffer0/adapted_full_seed42_palu.json,3034,d8825f57d1deae46963a2ba878129a7d523e9fdc5aa8b3fe1f03489d440e6ddf
metrics/e4_query_raw/buffer0/adapted_full_seed777_hokkaido_iburi_tobu.json,3057,c7bbc332b7003fbb145fdbdfe9c95bea8cbe6e4802207bc8d37fe091572bae93
metrics/e4_query_raw/buffer0/adapted_full_seed777_lombok.json,3045,e263ac023326c5bf2406509138861d45fbe178d3ad5930db12cee5052aa5519d
metrics/e4_query_raw/buffer0/adapted_full_seed777_palu.json,3045,edce0ba6d307d0f35c7bda10a1ae3bf6e8539d11485babade9fea888f3dff833
metrics/e4_query_raw/buffer0/source_seed2026_hokkaido_iburi_tobu.json,3025,6d271f068e7d72a644d2b9f4a95ff6e43004e5ae9714066f6e05f6bcc2453644
metrics/e4_query_raw/buffer0/source_seed2026_lombok.json,3008,c1b0392106fde5dd05e0b425f2ecef012893a5afc769d201ed512352f9ad6c5e
metrics/e4_query_raw/buffer0/source_seed2026_palu.json,3014,c449d8497a903265b684ac147590189e63522f0a7ba47cdf222855805442e2db
metrics/e4_query_raw/buffer0/source_seed42_hokkaido_iburi_tobu.json,3010,7e26bbbe9ce1b31c76afb06de72e5545a753a9bd9075a6dffa9d1f2cb6b0b23f
metrics/e4_query_raw/buffer0/source_seed42_lombok.json,3007,3182f2b9813959a8da115078026fa53bd01f17fa27844708e267781caa32ccbb
metrics/e4_query_raw/buffer0/source_seed42_palu.json,3018,91e1745761b9b274be485cfaa0c24691383fe3cf9cd6d887e58f0dc42be8740f
metrics/e4_query_raw/buffer0/source_seed777_hokkaido_iburi_tobu.json,3025,82bb648a6c0337859e7231af9e7908ffe2512ea41c6840e2d8a0260e2ff287e5
metrics/e4_query_raw/buffer0/source_seed777_lombok.json,3003,59b96aa6ddb149d93ced9cd0230ae525804c27967ddfa6cb373b333c0a6a5ad3
metrics/e4_query_raw/buffer0/source_seed777_palu.json,3016,db8e0fedbf3861e6411b346558ec6bab60a1e866fa2f0a68a5744915c21ee323
metrics/e4_query_raw/buffer256/adapted_decoder-only_seed2026_hokkaido_iburi_tobu.json,3069,d8f6f667072affd7aece8e8fa6e2ab0b1f9e76d5a2b56ed11d0b1e969166dd19
metrics/e4_query_raw/buffer256/adapted_decoder-only_seed2026_lombok.json,3065,62ee6d89e862c0c88063f87795aa8e91b07c9c2adb7c68cc5c14c32df1885042
metrics/e4_query_raw/buffer256/adapted_decoder-only_seed2026_palu.json,3064,bbd4ca6bafeaf7f5050414946c99c89722f3776f1f576383ed1fbfdd5ef027d6
metrics/e4_query_raw/buffer256/adapted_decoder-only_seed42_hokkaido_iburi_tobu.json,3066,54238574b6a87693ee06751cb0f42cf2547f4537550d95d4007dc115243e56db
metrics/e4_query_raw/buffer256/adapted_decoder-only_seed42_lombok.json,3064,ead251667cfbb8595a97954d06cc93573279cb3b5f4ebc76eaf6a37889d13baf
metrics/e4_query_raw/buffer256/adapted_decoder-only_seed42_palu.json,3062,8509b3f0248a840dbed782f2fca13877fa69e83b3d6521005eee4ed627678340
metrics/e4_query_raw/buffer256/adapted_decoder-only_seed777_hokkaido_iburi_tobu.json,3068,b9190495c3575386517993a72560a24a65d46c7759eec612ec6d777c4aac69f0
metrics/e4_query_raw/buffer256/adapted_decoder-only_seed777_lombok.json,3070,0f562785e46182490f74b470dfd3afea8033231b2e1ed0ced89fb2bbbd4e71ac
metrics/e4_query_raw/buffer256/adapted_decoder-only_seed777_palu.json,3062,0f951d397ab647c9849b6dfd576dc9472cf8810d84f0560e97137f7c5b081669
metrics/e4_query_raw/buffer256/adapted_full_seed2026_hokkaido_iburi_tobu.json,3060,42ed7ab8de990ad1cc38e266f2bc73b408c9480075eae35d8dce9e553b10ffce
metrics/e4_query_raw/buffer256/adapted_full_seed2026_lombok.json,3049,5f68a9a75268acb0b3f67b2e5cade69ea3c393c19e4fc2cc69d84eeb28bb5d63
metrics/e4_query_raw/buffer256/adapted_full_seed2026_palu.json,3046,d16bb5b14180673b5905c2ad9bce00c6a3d162cc8d0fa6f912bbc8707fb02d54
metrics/e4_query_raw/buffer256/adapted_full_seed42_hokkaido_iburi_tobu.json,3051,ebe7176835ac3b2975c7b0ba0a7ae241d0214701bfe83068e2e85dba242eba38
metrics/e4_query_raw/buffer256/adapted_full_seed42_lombok.json,3048,6d3489d85ef718a2ae9d3ea2c5491793cf177695b8ea7cd3c37db58e56656b78
metrics/e4_query_raw/buffer256/adapted_full_seed42_palu.json,3050,dda6155cc0a33d0813fc3af44ce2751895203219877b68cbcb181cf99d678e11
metrics/e4_query_raw/buffer256/adapted_full_seed777_hokkaido_iburi_tobu.json,3052,b7b24117a815084f09c0c3361ed35b95b9211ca33d9f152c93d66d7ec9cb2143
metrics/e4_query_raw/buffer256/adapted_full_seed777_lombok.json,3051,01327939c2127a2b96f04250848b796c2eac3b760b81f4297c08b6929c08a974
metrics/e4_query_raw/buffer256/adapted_full_seed777_palu.json,3043,e115cea75dab3f832004c32cc7a2e29a402f9d07e46a67a4e2b20e407a550f8f
metrics/e4_query_raw/buffer256/source_seed2026_hokkaido_iburi_tobu.json,3023,b49c9e33a748e7ca67d5d50eddcb00451ffcda46a2fb185ad9ced631d84dde79
metrics/e4_query_raw/buffer256/source_seed2026_lombok.json,3008,dab6e907b920f93385d9d956b853c65ae0454b08bc9ab08fb360fd4af5677db3
metrics/e4_query_raw/buffer256/source_seed2026_palu.json,3020,dee30612868120bdb4d495e1a64bef82522cd22db84b4c2bc401f0e54f0c3bd4
metrics/e4_query_raw/buffer256/source_seed42_hokkaido_iburi_tobu.json,3017,6d0668af77daf168cc190980531fb43b39f5323233998b12a006bdfdb24f1f99
metrics/e4_query_raw/buffer256/source_seed42_lombok.json,3004,9df6a3fce50bf88148deadf5b3fe824b8e4548dfca5c8e3c0d5f412d1a67f107
metrics/e4_query_raw/buffer256/source_seed42_palu.json,3019,552111878c726022b6a0df5bd2e21f1ade5a922083715706cb40d92bc5c95427
metrics/e4_query_raw/buffer256/source_seed777_hokkaido_iburi_tobu.json,3022,036a634a768d2d956673419f5fb957f1e30b481a28a8f3b37824e4099585e26e
metrics/e4_query_raw/buffer256/source_seed777_lombok.json,3009,9bcaace615eae84415ccb3c5caad104d04d4a705dcb4679185b5890367cb5751
metrics/e4_query_raw/buffer256/source_seed777_palu.json,3019,c5ba0bf1b36eb8cb4f712cf85db998f5dec2e90c61b5ae3ec3c737b6878b46ae
metrics/e4_query_raw/buffer512/adapted_decoder-only_seed2026_hokkaido_iburi_tobu.json,3069,d8f6f667072affd7aece8e8fa6e2ab0b1f9e76d5a2b56ed11d0b1e969166dd19
metrics/e4_query_raw/buffer512/adapted_decoder-only_seed2026_lombok.json,3065,62ee6d89e862c0c88063f87795aa8e91b07c9c2adb7c68cc5c14c32df1885042
metrics/e4_query_raw/buffer512/adapted_decoder-only_seed2026_palu.json,3064,bbd4ca6bafeaf7f5050414946c99c89722f3776f1f576383ed1fbfdd5ef027d6
metrics/e4_query_raw/buffer512/adapted_decoder-only_seed42_hokkaido_iburi_tobu.json,3066,54238574b6a87693ee06751cb0f42cf2547f4537550d95d4007dc115243e56db
metrics/e4_query_raw/buffer512/adapted_decoder-only_seed42_lombok.json,3064,ead251667cfbb8595a97954d06cc93573279cb3b5f4ebc76eaf6a37889d13baf
metrics/e4_query_raw/buffer512/adapted_decoder-only_seed42_palu.json,3062,8509b3f0248a840dbed782f2fca13877fa69e83b3d6521005eee4ed627678340
metrics/e4_query_raw/buffer512/adapted_decoder-only_seed777_hokkaido_iburi_tobu.json,3068,b9190495c3575386517993a72560a24a65d46c7759eec612ec6d777c4aac69f0
metrics/e4_query_raw/buffer512/adapted_decoder-only_seed777_lombok.json,3070,0f562785e46182490f74b470dfd3afea8033231b2e1ed0ced89fb2bbbd4e71ac
metrics/e4_query_raw/buffer512/adapted_decoder-only_seed777_palu.json,3062,0f951d397ab647c9849b6dfd576dc9472cf8810d84f0560e97137f7c5b081669
metrics/e4_query_raw/buffer512/adapted_full_seed2026_hokkaido_iburi_tobu.json,3060,42ed7ab8de990ad1cc38e266f2bc73b408c9480075eae35d8dce9e553b10ffce
metrics/e4_query_raw/buffer512/adapted_full_seed2026_lombok.json,3049,5f68a9a75268acb0b3f67b2e5cade69ea3c393c19e4fc2cc69d84eeb28bb5d63
metrics/e4_query_raw/buffer512/adapted_full_seed2026_palu.json,3046,d16bb5b14180673b5905c2ad9bce00c6a3d162cc8d0fa6f912bbc8707fb02d54
metrics/e4_query_raw/buffer512/adapted_full_seed42_hokkaido_iburi_tobu.json,3051,ebe7176835ac3b2975c7b0ba0a7ae241d0214701bfe83068e2e85dba242eba38
metrics/e4_query_raw/buffer512/adapted_full_seed42_lombok.json,3048,6d3489d85ef718a2ae9d3ea2c5491793cf177695b8ea7cd3c37db58e56656b78
metrics/e4_query_raw/buffer512/adapted_full_seed42_palu.json,3050,dda6155cc0a33d0813fc3af44ce2751895203219877b68cbcb181cf99d678e11
metrics/e4_query_raw/buffer512/adapted_full_seed777_hokkaido_iburi_tobu.json,3052,b7b24117a815084f09c0c3361ed35b95b9211ca33d9f152c93d66d7ec9cb2143
metrics/e4_query_raw/buffer512/adapted_full_seed777_lombok.json,3051,01327939c2127a2b96f04250848b796c2eac3b760b81f4297c08b6929c08a974
metrics/e4_query_raw/buffer512/adapted_full_seed777_palu.json,3043,e115cea75dab3f832004c32cc7a2e29a402f9d07e46a67a4e2b20e407a550f8f
metrics/e4_query_raw/buffer512/source_seed2026_hokkaido_iburi_tobu.json,3023,b49c9e33a748e7ca67d5d50eddcb00451ffcda46a2fb185ad9ced631d84dde79
metrics/e4_query_raw/buffer512/source_seed2026_lombok.json,3008,dab6e907b920f93385d9d956b853c65ae0454b08bc9ab08fb360fd4af5677db3
metrics/e4_query_raw/buffer512/source_seed2026_palu.json,3020,dee30612868120bdb4d495e1a64bef82522cd22db84b4c2bc401f0e54f0c3bd4
metrics/e4_query_raw/buffer512/source_seed42_hokkaido_iburi_tobu.json,3017,6d0668af77daf168cc190980531fb43b39f5323233998b12a006bdfdb24f1f99
metrics/e4_query_raw/buffer512/source_seed42_lombok.json,3004,9df6a3fce50bf88148deadf5b3fe824b8e4548dfca5c8e3c0d5f412d1a67f107
metrics/e4_query_raw/buffer512/source_seed42_palu.json,3019,552111878c726022b6a0df5bd2e21f1ade5a922083715706cb40d92bc5c95427
metrics/e4_query_raw/buffer512/source_seed777_hokkaido_iburi_tobu.json,3022,036a634a768d2d956673419f5fb957f1e30b481a28a8f3b37824e4099585e26e
metrics/e4_query_raw/buffer512/source_seed777_lombok.json,3009,9bcaace615eae84415ccb3c5caad104d04d4a705dcb4679185b5890367cb5751
metrics/e4_query_raw/buffer512/source_seed777_palu.json,3019,c5ba0bf1b36eb8cb4f712cf85db998f5dec2e90c61b5ae3ec3c737b6878b46ae
metrics/figure_source_data/fig3_source_validation_detail.csv,382,57a87d9f020aa10328b5d1f761dee0f36186bcbc7b669487892299715abfeeca
metrics/figure_source_data/fig3_source_validation_summary.csv,160,3e38a20552fb60e1d09f87987a1021e5ab5bfef0ed8c474143c90107e51c059a
metrics/figure_source_data/fig3_zero_shot_and_retention.csv,2700,56b794c9267f7e2d6f6d1906cb011e8ab652b8794828df7d9183f7a8619504e3
metrics/figure_source_data/fig4_exploratory_transfer_deltas.csv,567,20f2e765d0be8712b27c8859c55e35d37e4dee0371fc896c79b5d8e6b0fb8955
metrics/figure_source_data/fig4_exposure_matched_causal_effects.csv,301,1cd6c768155a7ed3e657983569b737e343b224e04c7ba77aeb94566e71674838
metrics/figure_source_data/fig5_epochwise_replication.csv,1815,dbff3e0ec0b92d1be5242fd87d781dd6d044fea7df4b934f757dd9fc93cc5ef6
metrics/figure_source_data/fig5_source_fraction.csv,159,ea1c381a96f2e7321dbaaa8e6f76e179403fe92e2d69cdd031db8d476151ccf5
metrics/figure_source_data/fig6_e4_buffer_robustness.csv,549,080ca4ea19a0f5536a6be1d6066db0c9c9791afcda6216ea9bff0a8fdfa3ffd5
metrics/figure_source_data/fig6_e4_stitched_maps.csv,1607,453debbe6d3c43037b737a0e55beb21ad400a882a4a326bb8e18c4bf0db40472
metrics/figure_source_data/fig6_e4_support_draws.csv,840,22f10deaa25d0bf6858463ca56d8fca9c840ccc2c31d21cebbad7d2d22bdba6e
metrics/figure_source_data/fig6_fewshot_by_region.csv,7077,2b7fd598c6773fd1da54f3ecc65d94737d50c3ed351ac18045a98bd461372a0b
metrics/figure_source_data/fig6_fewshot_macro.csv,3547,156c9fff94f169389feb92c5d1d6cbb9c7c1b41f4abeb67793861ca696d1f661
metrics/figure_source_data/fig7_confidence_bins.csv,998,590df61c95a25f6ecb722ab269a7711c6e09d24e5b61c358f572097544669ced
metrics/figure_source_data/fig7_confidence_summary.csv,373,eebc59d1dfd35837a5332f7a2c454bcbbcdb13df07c6e9a702594059ca57cd0f
metrics/figure_source_data/fig8_prevalence_metrics.csv,817,6d205238a330e31e422dc8bb647a804a1b478645fb36be85f8f356ca93d5a2b3
metrics/q2_x1_128ref_eval_raw/q2_x1_128ref_none_segformerb0_seed2026_input128.json,14575,24b0990577b5bf67f56d2d6d8257501f153a38643fcf4585809b88ada412db61
metrics/q2_x1_128ref_eval_raw/q2_x1_128ref_none_segformerb0_seed42_input128.json,14569,510a26902fb750eaf96ab8ba8c753e69174ecce71ec7759a2fda835e9fa7529f
metrics/q2_x1_128ref_eval_raw/q2_x1_128ref_none_segformerb0_seed777_input128.json,14583,585d8d24131aceaf5ac5e186ac21ca591f77f8470c2c2bbdad4a48dd050c48d3
metrics/q2_x1_a1c_raw/q2_x1_a1c_none_resunet_seed2026.json,14529,c5a9f8c3f93035477c5d7ea564fcdfc53ce55fa742e1872c201ff217a930cb55
metrics/q2_x1_a1c_raw/q2_x1_a1c_none_resunet_seed42.json,14515,bfbba133d814a49524f62084986d2554851dbc84aa1950835d81fbb8d32dbc8d
metrics/q2_x1_a1c_raw/q2_x1_a1c_none_resunet_seed777.json,14512,936ed11522d8db1280d942cf8b7617a0099693ce7bfaf9f7ceb6af54dd0f8314
metrics/q2_x1_a1c_raw/q2_x1_a1c_none_segformerb0_seed2026.json,14582,1b5e738e0b6bfe65a1ab2747eb266e5a85dcccbc71ebdbe5b0bb6feaf457ea41
metrics/q2_x1_a1c_raw/q2_x1_a1c_none_segformerb0_seed42.json,14543,408df2c45d1f063aa2853465263592d66a9d874a016e283d94a68081c477d786
metrics/q2_x1_a1c_raw/q2_x1_a1c_none_segformerb0_seed777.json,14562,31fa563bbc4a2216e4804721ef262883ab4106926ea1e8234e6e72c1815ada3d
metrics/q2_x1_resolution_raw/q2_x1_256_none_resunet_seed2026.json,14576,f9f251baa5e877cb575d027e71febcb1ef95f79b5df7a561411cd1607b51dc21
metrics/q2_x1_resolution_raw/q2_x1_256_none_resunet_seed42.json,14567,1d75022013e17f5d29c7e85866f8ac9c4fc8bab6a7d060040f8a0b3eced45211
metrics/q2_x1_resolution_raw/q2_x1_256_none_resunet_seed777.json,14572,454a02e924bdf0a7ddbcda34c2dcc54fb20d36291829306b59ca070ba2ce51e6
metrics/q2_x1_resolution_raw/q2_x1_256_none_segformerb0_seed2026.json,14587,e3f2030a63f9aa8db028877a4e0a6ac930439bee0c8c78495e575cbf9971482f
metrics/q2_x1_resolution_raw/q2_x1_256_none_segformerb0_seed42.json,14571,92b124a225b49fcc5d22f6e43d0c6be991595c001875f56ed0bef046cb7c5b2c
metrics/q2_x1_resolution_raw/q2_x1_256_none_segformerb0_seed777.json,14586,d5b752efa970f5b593bdd2fc766769bbfeef63d1326134c2e97ab1cb1c6c0fd1
metrics/q2_x1_summary/grouped.csv,473,608e6cde049855208e9ab496a2d06d5df46770481da99162e5b9c61bac63d787
metrics/q2_x1_summary/per_run.csv,1220,0bed045bbb6cfd5616748fd476688ae66d5a1da78bee2b49bf99db901cf2714d
metrics/q2_x2_augmentation/grouped.csv,757,e5e316e621b74713791e9ded62471ae594e21012283c2927f1dcd590c6f2d75f
metrics/q2_x2_augmentation/paired_deltas.csv,1014,a557d5997d65b595df8687c442856387d411448b19037f9753b5d928b1d42f13
metrics/q2_x2_augmentation/paired_summary.csv,324,bd912160f9ba2fdf16c439338fbb4b47d17739ba31b36cdbfdbe809da0d231d1
metrics/q2_x2_augmentation/per_run.csv,3570,22c7242ba6c0da4d556d81b1ef0da7051c19e6a92960f54f846f9d44a69871fb
metrics/q2_x2_augmentation/primary_paired_summary.csv,324,bd912160f9ba2fdf16c439338fbb4b47d17739ba31b36cdbfdbe809da0d231d1
metrics/q2_x2_augmentation/summary.md,1185,32855c69f3d05906a5d999a99c7d0bc00cf963d5df02b1ab55d13c3af63d09cb
metrics/q2_x2_augmentation_raw/_smoke_resunet_seed42.json,2966,e1b20cb48845025c3e15bb30fc8ed78e349fdfa2762e5b7d61c044a3976f3235
metrics/q2_x2_augmentation_raw/q2_x2_aug_current_bottleneckliteask_seed2026.json,14594,ad133e8416a4e6ec622055f0510fbdb589e4b007c0e0a32850cccf4fd6b41307
metrics/q2_x2_augmentation_raw/q2_x2_aug_current_bottleneckliteask_seed42.json,14592,56a0eac5e21b1414eafdcb3fd65886c3d83c62f071ac086ff4483c4141bc8a11
metrics/q2_x2_augmentation_raw/q2_x2_aug_current_bottleneckliteask_seed777.json,14589,93c80a8100511591c814d3d684478f4fba01df98130b7c74e51ecc12d0a80022
metrics/q2_x2_augmentation_raw/q2_x2_aug_current_resunet_seed2026.json,14559,63f83472ae97b5a1ff2fbc5d93aed037e26b1c673d5f79f7c6fe547efc585424
metrics/q2_x2_augmentation_raw/q2_x2_aug_current_resunet_seed42.json,14565,e25f0d8d54080b89b9f6051b2c97e92c6c3d054e1741c415fb4fb31610ecb6ca
metrics/q2_x2_augmentation_raw/q2_x2_aug_current_resunet_seed777.json,14557,1e0c2112c556bbaac55970544248e98d9b3d8f0ba5480822e34d1c5bf7d4686e
metrics/q2_x2_augmentation_raw/q2_x2_aug_none_bottleneckliteask_seed2026.json,14561,0f86b2bfc6b1641ee8c24b8ed410863bd45ab7ee9bda6a85c67715e57c9e414d
metrics/q2_x2_augmentation_raw/q2_x2_aug_none_bottleneckliteask_seed42.json,14588,cbeb9eefa75eb80cb89baf42982562fe7122e1fb9cc69d1019a6fedb937a952e
metrics/q2_x2_augmentation_raw/q2_x2_aug_none_bottleneckliteask_seed777.json,14578,6c1b5b4f6761c13495bac32dfe568d541e0a2009b3af96c4e284de333cd690bf
metrics/q2_x2_augmentation_raw/q2_x2_aug_none_resunet_seed2026.json,14562,bee5cac424e7fd2da4c2223477171e720bf3453015aba9c190a2d776bb8b045a
metrics/q2_x2_augmentation_raw/q2_x2_aug_none_resunet_seed42.json,14526,b938096b3e996bf5fb08842572ca0731f0beec77d1e75120d72a38dbe432e24b
metrics/q2_x2_augmentation_raw/q2_x2_aug_none_resunet_seed777.json,14534,b82a035a8bbef2a1fbf7903a397ce4cdb19b2732c21a77941b6ffb77272a8b39
metrics/q2_x2_augmentation_raw/q2_x2_aug_strong_bottleneckliteask_seed2026.json,14572,516066629b3a05708d7509c0f70a5b0828940db09e9059775e2d5482a7950f08
metrics/q2_x2_augmentation_raw/q2_x2_aug_strong_bottleneckliteask_seed42.json,14583,43ff2ac2c2c3d9439df9f0d50c8d3efc7c9a912cc8efe5b603b9ec3ec1cc612a
metrics/q2_x2_augmentation_raw/q2_x2_aug_strong_bottleneckliteask_seed777.json,14575,6980cd261210608123e38ab6e20ca95bd19623ddef2e6d191c308e45a2aa1e7d
metrics/q2_x2_augmentation_raw/q2_x2_aug_strong_resunet_seed2026.json,14554,d31cbe2845e9f7dd4da9a0ea92dd08e8ac56fc77f5cd1faaa54dc59bbcb7a018
metrics/q2_x2_augmentation_raw/q2_x2_aug_strong_resunet_seed42.json,14555,9dd6cec0803485109bbcb23ce79d896bb5fc49d07b40b65e2d7baf674a9588d8
metrics/q2_x2_augmentation_raw/q2_x2_aug_strong_resunet_seed777.json,14545,efea544b5b03a2305b1428ad41c79d00d0ccb0dc8b82ac8ac1cbdc93a0025f44
metrics/q2_x3_bootstrap/run_metadata.json,225,aefb70755c324c32ca89daf9ee76e826b28e4855db3f714c2de1fd84d8aee1f5
metrics/q2_x3_bootstrap/summary.md,9977,7ea8e1cbe6042ab53b96eecb5a2d0abff111d076138ee8c5dcf84f3e340a6fa8
metrics/q2_x3_bootstrap/x3_spatial_cluster_bootstrap.csv,14495,e695a007e225476ada61abef2e5221a125f6178643a4c52cd21ecb857ae24a40
metrics/q2_x3_loro_bootstrap/loro_spatial_cluster_bootstrap.csv,24646,bfb689c7d8eaaabc293503fa4bf6c67861f546c5278327046ab98db676e4b284
metrics/q2_x3_loro_bootstrap/run_metadata.json,234,a4953bcb4deec3cb007eab71bf88618f51609f8f7306e84ea05ae10020c398a4
metrics/q2_x3_loro_bootstrap/summary.md,7163,a84cbc426b17e0f7b60aeae181b04c493ea773e03649106093ada7ad6079f125
metrics/q2_x3_loro_tiles/e1__cas-multistream__seed2026.tiles.csv,1993057,91d55a4d56528b614119c217853b890cf08633d046b40f98c836872dbcaade5a
metrics/q2_x3_loro_tiles/e1__cas-multistream__seed2026.tiles.json,614,90945ebf6b22d9a2adf3b46d00342d226636c64ec1f03f31a04a4fa7796fa4b6
metrics/q2_x3_loro_tiles/e1__cas-multistream__seed42.tiles.csv,1936098,8e6fcf42652a93e300225f31b8ef807f54c9a7182c3c17ddf4bbe8b47be8f595
metrics/q2_x3_loro_tiles/e1__cas-multistream__seed42.tiles.json,606,6053dcb25e876cd7f64621ce6e604736d9a4750da08b0da53c73d0e1d56f68d1
metrics/q2_x3_loro_tiles/e1__cas-multistream__seed777.tiles.csv,1955902,12a78599f3144d1d1aaa1787c1b2f3c45806c0e8a5c68d17987f2fd38066fe16
metrics/q2_x3_loro_tiles/e1__cas-multistream__seed777.tiles.json,611,edf8373f6dbfef8a5358d0910d8800aab3f7d61ccbf14e2ebd08af83534e5dc9
metrics/q2_x3_loro_tiles/e1__cas-single__seed2026.tiles.csv,1946068,9a8074a618a44d32af6acf4bd9857b64a279fd359c12abdb61f0a24ec3c35cb6
metrics/q2_x3_loro_tiles/e1__cas-single__seed2026.tiles.json,600,939a9e91b4881b9031b7d81f89ed99bd3b4859ca1d1d23c943c1368c883f6969
metrics/q2_x3_loro_tiles/e1__cas-single__seed42.tiles.csv,1894138,11d4c3eae9e43bd23cfbc4bd672144fb4e25311e7045b68f21c86c70857f2956
metrics/q2_x3_loro_tiles/e1__cas-single__seed42.tiles.json,592,5f35dfc7660c787450fac3ad741f0a58793812096a13eec6618dd64a78cba43e
metrics/q2_x3_loro_tiles/e1__cas-single__seed777.tiles.csv,1912734,14b6ec08e7bb0be04bc0392c2517ae53f369d3fff701a57fc20101dc21d756c9
metrics/q2_x3_loro_tiles/e1__cas-single__seed777.tiles.json,596,647541b84c24a3358bffe1485c1b1b750a0453da5106057aca8aed501f5ff85d
metrics/q2_x3_loro_tiles/q2_x3_loro_hokkaido_iburi_tobu_seed2026.tiles.csv,275374,b7967c7218455710112801687b74fef3500697f1acd46beb69ee7cf369ddd50e
metrics/q2_x3_loro_tiles/q2_x3_loro_hokkaido_iburi_tobu_seed2026.tiles.json,542,33fb43baf272b6cb98b7c2f69fa42b4c5628c0a0da9b831c1e447ad353b7a06d
metrics/q2_x3_loro_tiles/q2_x3_loro_hokkaido_iburi_tobu_seed42.tiles.csv,267726,624e69f21207b4e9afcf677f7689faa0e9cff6c3decba29b59a33066dbb3dbde
metrics/q2_x3_loro_tiles/q2_x3_loro_hokkaido_iburi_tobu_seed42.tiles.json,533,c1e3b5b41591bb855ebaf915e53a8fc0cdebb2e0e45184d0ce22de221df86d8d
metrics/q2_x3_loro_tiles/q2_x3_loro_hokkaido_iburi_tobu_seed777.tiles.csv,268454,a0ce69d9f1bceeb01c8fce87acb6e7fbc1ef2db022f0c09497097969f980cac1
metrics/q2_x3_loro_tiles/q2_x3_loro_hokkaido_iburi_tobu_seed777.tiles.json,537,5f37abc8c45b3208edc836abae80f38fa042363592778c32978e05cba2a72e39
metrics/q2_x3_loro_tiles/q2_x3_loro_jiuzhai_valley_seed2026.tiles.csv,1131974,cb47ce3516a6e54e151c55125676f99b232aef241f381b0f4a07eba65de415bd
metrics/q2_x3_loro_tiles/q2_x3_loro_jiuzhai_valley_seed2026.tiles.json,522,34b6d37e92702a1833167d83b2dfbe9fbb73c2a487a7042eeff92c7488ff61cf
metrics/q2_x3_loro_tiles/q2_x3_loro_jiuzhai_valley_seed42.tiles.csv,1111205,a5506abc302f2fe947b88d89c589634c148e1216226f0e3ae6aee015ad755690
metrics/q2_x3_loro_tiles/q2_x3_loro_jiuzhai_valley_seed42.tiles.json,513,491a9010f3e7efd25ceda793475468adc2b4ba751e902db6f0ae6d2b6147c76d
metrics/q2_x3_loro_tiles/q2_x3_loro_jiuzhai_valley_seed777.tiles.csv,1116422,ef32af52858495796176219cd72aab184294378c01416dff5a15901d9ece4a41
metrics/q2_x3_loro_tiles/q2_x3_loro_jiuzhai_valley_seed777.tiles.json,517,b64d97e69924846083b64f26d54474b8c36ac12cc54d3957e104db97c3e1e947
metrics/q2_x3_loro_tiles/q2_x3_loro_lombok_seed2026.tiles.csv,66872,82620b8b630da8531e6b661c1be2d2441eb9a4887690ee2554a033af1987d3da
metrics/q2_x3_loro_tiles/q2_x3_loro_lombok_seed2026.tiles.json,489,b427a653796e8f0bf1071f41b2a83ebb711c5eb03b4a17fabcb1870852fa2406
metrics/q2_x3_loro_tiles/q2_x3_loro_lombok_seed42.tiles.csv,65499,97e231bd14d2baa4e515f38c2e3d0cdc75cf0b65b291201a7acf2199ead6fe35
metrics/q2_x3_loro_tiles/q2_x3_loro_lombok_seed42.tiles.json,481,2749d105b3a42705d817648f0a98d670ab2899dd399e0209cb3a4e4cac3fd3ba
metrics/q2_x3_loro_tiles/q2_x3_loro_lombok_seed777.tiles.csv,66141,049e9bcbfd412a496dfb4e4b81726518961670485fbda29ab995a604c7ae7734
metrics/q2_x3_loro_tiles/q2_x3_loro_lombok_seed777.tiles.json,485,51a912bbba1143f0d41910fbf7490a78020ae23dcbdf09a64f217229129495b6
metrics/q2_x3_loro_tiles/q2_x3_loro_longxi_river_seed2026.tiles.csv,423905,2612c45f320b16d946ee7a45c26c4c8fc3adbd358dfc554a4e868b266feacc20
metrics/q2_x3_loro_tiles/q2_x3_loro_longxi_river_seed2026.tiles.json,513,f5abc48b7e03aebd7d415ea6d0e66887c9d2c90ca7da467f179b9e331aaf5427
metrics/q2_x3_loro_tiles/q2_x3_loro_longxi_river_seed42.tiles.csv,402089,f15975c40c5ebd60c1c0f23c30e4a25378aed630d525309f64cbffed2df9349c
metrics/q2_x3_loro_tiles/q2_x3_loro_longxi_river_seed42.tiles.json,506,668b85d6fdd5203602ffffddf5306bb1f04e02950a6459401ac27afa111aae7a
metrics/q2_x3_loro_tiles/q2_x3_loro_longxi_river_seed777.tiles.csv,400641,bf10ee10b53cb708f26777ec31da779b7c93bec82f9be0d440889eb2427c1fed
metrics/q2_x3_loro_tiles/q2_x3_loro_longxi_river_seed777.tiles.json,510,57886abfb84632fb4f14c598f7aab3e023662fbce2dd3a1f49180f8afc446559
metrics/q2_x3_loro_tiles/q2_x3_loro_palu_seed2026.tiles.csv,123528,44a8bf1af25db4c179a1a7d3a4cab4697f6bc2bfdb0d2f233f7df0ede1e9b2e4
metrics/q2_x3_loro_tiles/q2_x3_loro_palu_seed2026.tiles.json,480,e8999a1550b17b483942e606bc08ecf52b6829fcf62d729be7f67b009bd7e4dc
metrics/q2_x3_loro_tiles/q2_x3_loro_palu_seed42.tiles.csv,120854,39d11a2574a211c82bbbdc122570cb2b9b0880042e7b547250c0f628851d94bc
metrics/q2_x3_loro_tiles/q2_x3_loro_palu_seed42.tiles.json,473,a93ad68a2492783dcaea30b964bbb30871d5bfd30c96908144ab09b96c21875e
metrics/q2_x3_loro_tiles/q2_x3_loro_palu_seed777.tiles.csv,122310,34d82fb875a6d4e81849f6d198643f01ecf050659a715b842a4f958d91a52ca6
metrics/q2_x3_loro_tiles/q2_x3_loro_palu_seed777.tiles.json,477,0a7dd8f61b1b2b3b5a1525d53c0d3a92afeafd94f4965db447f6164033721d85
metrics/q2_x3_loro_tiles/q2_x3_loro_wenchuan_seed2026.tiles.csv,29796,2d06a190650921a35577cc59699e08398d9d503c41f813f9b2cecc179542f82d
metrics/q2_x3_loro_tiles/q2_x3_loro_wenchuan_seed2026.tiles.json,497,eaca9f4f99ed2a1ea9636b1f6ddf46a0dce1b547a1dfbc2ca7bf2259e2ac9fc8
metrics/q2_x3_loro_tiles/q2_x3_loro_wenchuan_seed42.tiles.csv,29069,49d5b699717cd13e345419cbe5a9bca44c6a597de5c4adc621777e5a9a036032
metrics/q2_x3_loro_tiles/q2_x3_loro_wenchuan_seed42.tiles.json,488,dcdf4a657923af540034c4298017e6579652148f67bdab532a8ed86fc17e25a9
metrics/q2_x3_loro_tiles/q2_x3_loro_wenchuan_seed777.tiles.csv,29501,9a0c1361f97317f2f57129d40fcb2f05fdb879f8248280e9a4b82d424a86c79e
metrics/q2_x3_loro_tiles/q2_x3_loro_wenchuan_seed777.tiles.json,492,339b1da9ad64d35ae6aef139aa3336819f29ea5043912b506a61676dec335945
metrics/q2_x3_raw/q2_x3_bottleneckliteask_cas-multistream_seed2026.json,7629,c7cfd063a4f7ebbf59d8678d27186dcfc28573f9e3c2fc10de21ba94bd4bba88
metrics/q2_x3_raw/q2_x3_bottleneckliteask_cas-multistream_seed42.json,7644,4959a76be4cb62197f8655b0723fe12a9e3a741ee42b0c125149f75b7134651d
metrics/q2_x3_raw/q2_x3_bottleneckliteask_cas-multistream_seed777.json,7641,d5fb52d1063b1b70dd4095ad3bb206c8c8a274cdef95a5ad72b5d1611ff9587e
metrics/q2_x3_raw/q2_x3_bottleneckliteask_cas-single_seed2026.json,7626,7779659e3fd122f190b6756c3080c9a55a68ea6cff3290dff41e33297a8424f8
metrics/q2_x3_raw/q2_x3_bottleneckliteask_cas-single_seed42.json,7639,02668484617eaef1d5f900b299add4758caa84cc3034cccb675a7446eec365ca
metrics/q2_x3_raw/q2_x3_bottleneckliteask_cas-single_seed777.json,7641,5a346aa6f10f53073ab2c2767efffdce37b5f2a668037417766abc28fa05f9c3
metrics/q2_x3_raw/q2_x3_bottleneckliteask_pooled_seed2026.json,7601,8a46943e1e87b014efb77077c38457dcd176234a41049e75adb98f97b749a14c
metrics/q2_x3_raw/q2_x3_bottleneckliteask_pooled_seed42.json,7613,7adba996037a4aaa3cea1d094a1044cbf7d5aa101fbfd64fb0531167e667649b
metrics/q2_x3_raw/q2_x3_bottleneckliteask_pooled_seed777.json,7610,ad928e2ba1f891a0414bd460876bcabb5ecc350f5c96f18552fda33d0300cd00
metrics/q2_x3_raw/q2_x3_resunet_cas-multistream_seed2026.json,7614,ad9c745582ff03224e30f8087e351be246ad9085be02496b251f8d4685a27b99
metrics/q2_x3_raw/q2_x3_resunet_cas-multistream_seed42.json,7612,c2fbe797746ec9fdde317a029f9ae5f275649de5911d69c720ec30bc00d1d388
metrics/q2_x3_raw/q2_x3_resunet_cas-multistream_seed777.json,7604,2330c16468bf98e02990d7d2fd21eb1f7d9f205c4c7555f85dec523b6966bc19
metrics/q2_x3_raw/q2_x3_resunet_cas-single_seed2026.json,7606,ec987730572e557dbec08e38968bc4d33b606a94c0d1b71597c8ff9174f3fd47
metrics/q2_x3_raw/q2_x3_resunet_cas-single_seed42.json,7592,28841652c046cb7117105ef4a2f7707420fb5908416e81349d671ce872873078
metrics/q2_x3_raw/q2_x3_resunet_cas-single_seed777.json,7611,71d328f77dd7b310f9557620da3c163ac5f2a32d7e845dd40887f5fe7d5ee7b9
metrics/q2_x3_raw/q2_x3_resunet_pooled_seed2026.json,7581,65a72cc1c410a35b883aa6672332fe3a42cf4b8a38d577092748510fa2f935fd
metrics/q2_x3_raw/q2_x3_resunet_pooled_seed42.json,7569,3e1a9c4ffc2c82a4925790b53b156ba6c7e5782c499203b92338db659895a85b
metrics/q2_x3_raw/q2_x3_resunet_pooled_seed777.json,7570,8fe3aecffdeb0cc2d3c89f709e85407a6396f08e9ad065713584bfab73b5028a
metrics/q2_x3_tiles/q2_x3_bottleneckliteask_cas-multistream_seed2026.tiles.csv,498818,e3bfb8587498b0d4f553d7323f7a0eaa0e44f7aa053eff8aecad57728a80d6ab
metrics/q2_x3_tiles/q2_x3_bottleneckliteask_cas-multistream_seed2026.tiles.json,589,8993b2536e6a7b4a0c1191c00ced01286b7383e7e2ddf7e67f0064161d345b7b
metrics/q2_x3_tiles/q2_x3_bottleneckliteask_cas-multistream_seed42.tiles.csv,485235,ba5e4d06fb6e16d3c6023b5cf8ae777985917d4a52e100e9171b9cd29a89f17a
metrics/q2_x3_tiles/q2_x3_bottleneckliteask_cas-multistream_seed42.tiles.json,580,17023ebb89c1335ed795148ec44ab0b22b46d74e5d0c8a46da0c8cde1b4ed7ca
metrics/q2_x3_tiles/q2_x3_bottleneckliteask_cas-multistream_seed777.tiles.csv,487846,29cb246126264a3a5dfca0fa141597541ef79d26d98d8231efd24e2a17b6636e
metrics/q2_x3_tiles/q2_x3_bottleneckliteask_cas-multistream_seed777.tiles.json,585,85118291c0e72afb8522a1161d2869f1ef5824d73525ca169ff7364df238c8da
metrics/q2_x3_tiles/q2_x3_bottleneckliteask_cas-single_seed2026.tiles.csv,488866,cc554d06c691892929aee38efadde32935f6fcc284dab31b08e6ec9500bb78aa
metrics/q2_x3_tiles/q2_x3_bottleneckliteask_cas-single_seed2026.tiles.json,575,2b0c9b1051672a5477086e33d05e1d4f43e21e029ac337508cf2af7bb8066f35
metrics/q2_x3_tiles/q2_x3_bottleneckliteask_cas-single_seed42.tiles.csv,472904,6560a331a949908c35d591aa3085f3fbf2cab805be2e0642b29efa4e9e7bae56
metrics/q2_x3_tiles/q2_x3_bottleneckliteask_cas-single_seed42.tiles.json,567,528a6a986daccecef1a177e8ba12adbe2c2494aa79b89ae7abcb0e15baff961f
metrics/q2_x3_tiles/q2_x3_bottleneckliteask_cas-single_seed777.tiles.csv,478258,7542eb79a979d07eda16aa01f8d836618744b5c99f499dbf76e06baaf7fc88b5
metrics/q2_x3_tiles/q2_x3_bottleneckliteask_cas-single_seed777.tiles.json,571,a790f89a5604194b1b0b450d9f52ee2f081bdf48bc250270656a95145a64ae35
metrics/q2_x3_tiles/q2_x3_bottleneckliteask_pooled_seed2026.tiles.csv,469636,35af90eaa1748ea4f26ea65d8ade59930bf776622ca08e89c849ef160fdfcdd7
metrics/q2_x3_tiles/q2_x3_bottleneckliteask_pooled_seed2026.tiles.json,558,7a31c0dc4e7da1c337d2eb3c158f892c5a23ae228fae35cb12e525e2008cbc76
metrics/q2_x3_tiles/q2_x3_bottleneckliteask_pooled_seed42.tiles.csv,452698,5b659558f930a4ed753215aac324e8815e88547b55a5c79b74fcd874524f1f42
metrics/q2_x3_tiles/q2_x3_bottleneckliteask_pooled_seed42.tiles.json,550,b978481f4d37c046d1a5f8b196f9adef3cf9b16f9210b0bb40e57e6e393c682d
metrics/q2_x3_tiles/q2_x3_bottleneckliteask_pooled_seed777.tiles.csv,456929,02a4c0da0f62e1c7c5f8bd08442a285eb50e1881ba941d321aad89cf12b5db4c
metrics/q2_x3_tiles/q2_x3_bottleneckliteask_pooled_seed777.tiles.json,554,c022413c0e547724a4fac952d32768d0de8bddb779985f3ba5a614c0671d6535
metrics/q2_x3_tiles/q2_x3_resunet_cas-multistream_seed2026.tiles.csv,466412,777110613c7a28a1ca47ee0da381bb22bbf00dfd83040f44d813097b0fa96831
metrics/q2_x3_tiles/q2_x3_resunet_cas-multistream_seed2026.tiles.json,536,ed9d7f4a16caeec3b28394bd8c93199d82234e90ca0edf11f92c3f8d18598228
metrics/q2_x3_tiles/q2_x3_resunet_cas-multistream_seed42.tiles.csv,459889,1e5417c28c3c6b8505f2bcac9239ba030b2d00fe288b71387812297bac0a5064
metrics/q2_x3_tiles/q2_x3_resunet_cas-multistream_seed42.tiles.json,529,3ae3969ab2643a4e41ca58b7e37dad6f9a17bb195dc4c4d70f128771d488253a
metrics/q2_x3_tiles/q2_x3_resunet_cas-multistream_seed777.tiles.csv,461667,22b4270f99aa45e22f32df403a3cb830a27b8f055c519bdbf11ac80a7447b755
metrics/q2_x3_tiles/q2_x3_resunet_cas-multistream_seed777.tiles.json,533,a974a5ba3cd97a8ad6068ee96525a27e05faa96aa46a8e6546701b2e1489d2c1
metrics/q2_x3_tiles/q2_x3_resunet_cas-single_seed2026.tiles.csv,457597,30575faffe282f89c53f57df17f918d90ab9b0edd4d9e8b8d923499d2bb371da
metrics/q2_x3_tiles/q2_x3_resunet_cas-single_seed2026.tiles.json,523,ad1deaa3e110ff5abc804dbf2642a37f314f31a90bdaca09da4256bb738c61db
metrics/q2_x3_tiles/q2_x3_resunet_cas-single_seed42.tiles.csv,447746,b5baf6f95463eafd23f2c620a15812ab980ca51865b5e2a573e4a1f99f4e36ac
metrics/q2_x3_tiles/q2_x3_resunet_cas-single_seed42.tiles.json,515,73fcfc968dc38febd01d124282e88922ea6c2aa9f63f9b32c13ea721d8806f46
metrics/q2_x3_tiles/q2_x3_resunet_cas-single_seed777.tiles.csv,454418,9874e4062904e4a9d66ecbdfcc0525e3334d8232188e4d2f8b8ece96aa40407f
metrics/q2_x3_tiles/q2_x3_resunet_cas-single_seed777.tiles.json,517,fcc09ea383d60189688ef654bda8c3591208aa6ca30b09a6e24ca5f1faf45312
metrics/q2_x3_tiles/q2_x3_resunet_pooled_seed2026.tiles.csv,442322,5c20707d8747935d3678520d47076e6d41a6b7e452a87a387e6f484fc327b0da
metrics/q2_x3_tiles/q2_x3_resunet_pooled_seed2026.tiles.json,504,59a4034eccbf32892bd554b388aff18b227cf2d5653c74eec7ab45c718c472ad
metrics/q2_x3_tiles/q2_x3_resunet_pooled_seed42.tiles.csv,430631,3fbd06f8c394f917860a76bf96d2915f61ca6e1fbb224da2c06adb6ae017dc26
metrics/q2_x3_tiles/q2_x3_resunet_pooled_seed42.tiles.json,497,8496fb25eb05bb8870b39b2e9111c4c3a309e223ce99cf74122e80d8af0de82a
metrics/q2_x3_tiles/q2_x3_resunet_pooled_seed777.tiles.csv,437418,5737bffc06d456e1bf266b0623312d96a5e06407ce0780370bbed25601b1708c
metrics/q2_x3_tiles/q2_x3_resunet_pooled_seed777.tiles.json,501,5c69e280ac8e91d4b6f98dca1d839bffeeae8be13c23e459271d6cf58303e8c0
metrics/README.md,835,3ee56bd5ebf6ebd29545c81fe8011efe94a8a6a1750d9b39f966568fff30cc22
metrics/route1_bootstrap/route1_calibration_summary.csv,1156,bf69714afb9984b020b97d0310de72c0caae72af3d987d5b483ef9f598dcdce3
metrics/route1_bootstrap/route1_e1_tile_bootstrap.csv,5662,7b01c2f8bd3ef853c101c694422800e551cc30a7f8e3343bec338828a0637696
metrics/route1_bootstrap/route1_e4_tile_bootstrap.csv,32825,029c7c46059a73a14edbb68a1128506529f840a3d5add49e582210759023d996
metrics/route1_bootstrap/route1_risk_coverage_summary.csv,12365,b096a37fce6034b40c7f82362daafcb195ae3d8a71fa7f5b1fb52b730df4cbaa
metrics/route1_bootstrap/route1_tile_bootstrap_report_20260925.md,7052,e58263e39c601ede78037c4774a4ffa9138cbefa6a271df4b2b54031d5283956
metrics/route1_recomputed/route1_e1_contrasts_bootstrap.csv,7273,9c75acb2f08027a46cf0bd4ff846c69b75638d36b4355202d0f47480349f347e
metrics/route1_recomputed/route1_e1_metrics_long.csv,51186,43c055439321df86dc9951e69dd153a76a7cd8f74c16a13f16889d93ceecca35
metrics/route1_recomputed/route1_e4_contrasts_bootstrap.csv,43454,6665bdb88c0ab1473a816b73068fcc50db2cf246b1515a925e7c60dc8173f688
metrics/route1_recomputed/route1_e4_metrics_long.csv,150535,4cb21cf00b3e8a31c65c926910e18d9bdc6081288f528e5ddd962a2207478664
metrics/route1_recomputed/route1_metric_report_20260925.md,5492,306738df1c5149b7e4c3b4038c955e330c693d98f7f3d9120a4e4f8bbd8fc7a1
README.md,4580,5d1c36b305f01d6b58bfa37b5f678eaeb945b6605f3cf2ef1d5512c05ce966d8
reports/selected/A1_balioU_floor.md,772,7442c7d206786351bd7297ddacc2bb8dad738daaedee69f11e549371a2509b0c
reports/selected/A3_resolution.md,742,8644a52667bdf5562b9c3ce48bd08020fe233bdf468df6723820ea37b765711e
reports/selected/A4_buffer_audit.md,505,3f0f8f2bdae712442a48f7567e4de5f66d565703d17ab06273be6d54070686d4
reports/selected/A6_table4_dispersion.md,590,dfaae0053c91d3064120508f6ac2d3c4543e0eb05989d82fe3909ecb06bf022b
reports/selected/B1_pooled_source.md,614,269fb4506a6acb6e67449d62811b7d09dc3802c21b9ee113370033faed2820bc
reports/selected/B2_leakage_audit.md,585,f795d381c972726fa59fda26b0433a279dbe828f169cdb911612994b5eb009f2
reports/selected/benchmark_v2_zero_shot_report.md,3224,91e0739a390fe51943d5816e2eca29c2822be028cd2d06837d63a33f9de524e9
reports/selected/data_asset_audit_20260925.json,13004,3860c65098e1967523bf87e12a863102222e3179be22d8025605e67cdc820aba
reports/selected/data_asset_gate_matrix_20260925.csv,3050,1d3291cc97206b907bbd53d46569f706569d2fd37e2b78ff525e50ef013c78c6
reports/selected/data_asset_readiness_audit_20260925.md,5204,5d19df7e7daa4ba8e8d905040fbdd376363e52f36c501c674d7241708f48661d
reports/selected/e0_architecture_rank.csv,215,9a77254ce5f5ffbe9bb66b0b38c153d2b90f8493ca001ea024344fe12f639159
reports/selected/e0_exposure_ledger.csv,520,23fa7cdf56149eb0683114bd77bbcc6374155f587a3be4178587ba28ef455c23
reports/selected/e0_exposure_ledger.md,1054,f70e93ba4a530e74381720c0f5360ee8d4c3589635516d3736a6f56b25533b8d
reports/selected/e0_physical_buffer_counts.csv,2154,a5bb460ef617264be798dbc67964644d80721969cb2242d7a54958f8ab390a99
reports/selected/e0_physical_buffer_report.md,2067,2a280e67ca070fb34629768ecc1fdfcece36f84a3f0d244c39de7fa88850ea82
reports/selected/e0_physical_buffer_summary.csv,512,8fd253bd5cc53434ea28f16a0961c1a1e0714bb22103b843fd02b67570689fb6
reports/selected/e0_prevalence_metrics.csv,1088,7708ee0bff885fbe15d11b58a803643fb51dea31daeae1adbdab2daee6c306c9
reports/selected/e0_region_threshold_sensitivity.csv,1015,c4d6157d3e53227b329a9142f68af5152142e5c22fdb7861e23561fd6bf77c4a
reports/selected/e0_reproducibility_manifest.csv,17220,f681f38427e0842774eb79957315523035d0554a48d2bc0de9a3309a0f63f5b3
reports/selected/e0_reproducibility_report.md,1414,bcc1997c36acbf026e8732295f62761a04173bbc48a7210a4b404bdc9fd7d83a
reports/selected/e0_summary.md,4514,8e7249ea6e6eece810effe8740ff5ff23d6689e34eed42e1a1eb02dcd728f423
reports/selected/e0_threshold_metrics.csv,153188,385ca41d0c1f927981e7a77bdc00d138c829975475e1ca5189111f43ac828ab3
reports/selected/e0_threshold_uncertainty_report.md,3856,1fda7341895e9d9742932eaceb1f2278140fb0246381345f58e49efe4db1fafc
reports/selected/e0_transfer_deltas.csv,6785,80661163e02da35885733ef0c60f1d853fb0cf00bbf3016f01d1354ac437386d
reports/selected/e0_transfer_threshold_summary.csv,1106,3840b3f5e59a5aa998cd74e6d061893bd980699cdd0bf238fa65a9037e2ad82a
reports/selected/e1_exposure_matched_bootstrap.csv,920,9a0cc23980ba7500f227589a2e7482019ef2464ccedd98daac7fe652e2f9b58e
reports/selected/e1_exposure_matched_contrasts.csv,6864,bd191101a35b9b579ca4cc44adb415dca49e8d74fcbe8d169e3186c9f66a2c84
reports/selected/e1_exposure_matched_per_run.csv,6301,6736b3c2c7e82835287caad9ea14c5500b2524524ebb0f39c4d0eb0db5e89e5c
reports/selected/e1_exposure_matched_report.md,2842,a442fb18632124d62110f4970cd62b0a74a30ce4011745054f615a9a7693eadc
reports/selected/e1_exposure_matched_summary.csv,3564,1a09f1647b5b7bdc7e15fbead8338277619dfb7d09880f459d848bb5b1f1cf13
reports/selected/e1_summary.md,2837,959b3e2c2785b98f17ab1432bb3ec9f064cf2f3133bb3b22800f25b8bc7f477f
reports/selected/e2_early_late_contrasts.csv,1001,f3bddf61d402dd0b5141a21d9e0299d42c9d4324e863f10c3efc4f211b49d1ec
reports/selected/e2_early_late_macro.csv,1394,f2cba0a1540bface82b6450d84175f8ec744f3932ae65251a74dd868e469cc2b
reports/selected/e2_early_late_per_region.csv,4159,b13c0c019c106f502a5df46d0f2a2a6c30caf1999d4d0b7c7ea7eacddbad7a65
reports/selected/e2_early_late_report.md,2541,1895c5bbd829f4aec8f23fe9f01c75a8e076baf8e38aaabad95eb3081b83b23d
reports/selected/e2_summary.md,2254,30f26d258e8b91ae78103a96297a4da5e6705116f4cd378ef35d8f29f6581c1d
reports/selected/e3_epochwise_diagnostics.csv,908,eacc35f1b41415fd6c32b41ac8c073739f7f6785d02c1af10e63b7dd349c0fe1
reports/selected/e3_epochwise_per_run.csv,2393,e0735b1ad0af3777037a7a21e8d95b78b3c9d62cb1b6031145ad34fae69fc406
reports/selected/e3_epochwise_replication_report.md,1229,f93ebaf3dae9925c4244e252830b33c9355bf0a8ea65c986108020c6e5e84bfd
reports/selected/e3_summary.md,2787,b56c59de11e9d414fe65bebd4c00008adeb1cc11a5c9cd4ecd3ea74f9b9f1047
reports/selected/e4_query_deltas.csv,11854,3cf07b409fe3b765c837b6a9538cb17647856304075d33101448f4f373438177
reports/selected/e4_query_metrics.csv,61116,f0a4857bea43c31757b25d3a48fb8fa7f62e3b003323e72a2ea971bc211391ce
reports/selected/e4_query_robustness_report.md,2982,8012dadfa100abc15ff0327c05be36fb8ec01a1b0bf21805a139dc6e0557059d
reports/selected/e4_query_summary.csv,727,f2dd937e8355f9ede20fef2b32b35bd4e64b3d10f91f5a8d41675795538a4a10
reports/selected/e4_query_threshold_summary.csv,1348,f0dd377c49478d393915690ba9ccd0454dd698c8e8ce658b3ae5ee54c2ee28b8
reports/selected/e4_stitched_report.md,1063,a74c0e21be05d79f50598060481a1d2794a93968c1c75d2516a095cd402482b0
reports/selected/e4_stitched_summary.csv,2174,fea74efe8d8b270a93ccd7bc66fc6496d21bc445b5fa23883764475c94dfdf79
reports/selected/e4_summary.md,3565,621ec8e63e2833349b7da62617a5cf9dfdf565c559666c82980e9d9036062366
reports/selected/e4_support_draws_per_region.csv,6038,7955e00d97520a3266a23f6b3544b348bc31675943e4fa730fe2a167e890e714
reports/selected/e4_support_draws_report.md,1214,cd135356eb4a7bc14f85a0200cf114a3a7b87ba6776e744d48f388ca525f58b4
reports/selected/e4_support_draws_summary.csv,1068,cf73d5a0642fee0addd76df6c6215ca39674043707987c46e85cd2009ead834f
reports/selected/p4_augmentation_curves.csv,1728,3660c8578e4059a1d2880d7333cbd16bbf4d7b9c49118ed70949b81b23c65d7b
reports/selected/p4_augmentation_report.md,863,31b3302d1397421cc3bddbe8f28391b6372f8704a2560dad06c993e274648b61
reports/selected/p4_confidence_calibration.json,4922,10ad23f787f29b079b769d908dfddb909709461125594fe4f03bfda4170ebb4b
reports/selected/p4_confidence_calibration_report.md,1728,bf79056aed4ae4e2f4fcb2d5eba08155b2030df7da60977d86e9f1bb2700e58c
reports/selected/p4_domain_shift.csv,2685,c0b0fdefc3e9518078223193e5a5245ed13d35deaf16d5caa893e60650693274
reports/selected/p4_domain_shift_report.md,1696,1421e24499f7ae00993ff557868544e6ed0185d243e8e898074da71f64eb92f6
reports/selected/p4_source_fraction_curves.csv,4585,6b9e56e7c0168757dc2739a528709a6ff5930c06da7359a08380618bfc379593
reports/selected/p4_source_fraction_report.md,978,0c0ad1d8850c28d84efdac31ecdef61caef8da6a833a466c4824839353f343f9
reports/selected/p4_source_overfit_curves.csv,1948,9ce9bdfb85cd3802a4241f9a10cae52635da30d56ce02e10dd250ac37d375199
reports/selected/p4_source_overfit_report.md,1290,d221fbfb4bdeb52c861913d357f8d7d2059e1cda1a53d7d697d8d0548bf28b94
reports/selected/p4_source_overfit_summary.md,4696,961f1295b2c768ae96becbb47b7883ed6c6b935084cf3a181c834472d97862e2
reports/selected/Q2_final_manuscript_revision_summary_20260928.md,3381,1550d49a002b31b6b5ac79b519e71b7e186c27aa3f1ad24a74aee05011e09b8f
reports/selected/q2_manuscript_numbers.json,47248,527eb387113e0bab9d88fb020479e73ad524e46c14ecb1aecf05bb490b6879ba
reports/selected/Q2_nature_writing_refinement_20260928.md,2825,5a4c89169159ed77604b9f936e2330a80bb971edbefbbcc3fcd3f52c2ad2b5c1
reports/selected/q2_x2_augmentation_amendment_01_20260927.md,3581,0029ecef6764f1a1f52824e092151b917c96ba8009111a901414df8037a01fa9
reports/selected/q2_x2_augmentation_protocol_20260927.md,2398,b0f4aced4f35a39a041436c0ad470eef054896e9db7cb4f8f438cf083df713ff
reports/selected/q2_x2_augmentation_protocol_v1_historical_20260927.md,377,0077f356397feb577ea6b889a99190f2a7a1a3e9cc246a7ace93bf93aef11a8a
reports/selected/q2_x3_component_summary.csv,2243,daf39c3656d16ecdcdf96a7ae0ceb7efa6d2a40f151b055ff9370851435a02e3
reports/selected/q2_x3_regime_rows.csv,2381,5270339aa74f7b93a7a4a580673d35002db7649b3f94a23d1f7a5d7425a961b4
reports/selected/q2_x5_spatial_bootstrap_protocol_20260927.md,1760,c1d8bb76c99c6f9968fc6d13e0c1ab784584b1a3fc3757762344081bf140c412
reports/selected/README.md,819,13c3ef801965bb8ade2aa17651cdfea749388554594edaa494c6975329a396cf
reports/selected/route1_analysis_protocol_20260925.json,5553,18167fe7a72bd9576dc147382253cd71a4c53880b34166b0814df56ca4b6b368
reports/selected/route1_analysis_protocol_20260925.md,5280,c5f12c13121e789c50cf671dcc88198a06713021e0b88d8ad6475e22f8ec3d0e
reports/selected/route1_claim_matrix_20260925.csv,4240,acd9ecf5aa280c14e57259b40dfe5d31f8ae6c4eacf5eb2de80f970b9d0f89d0
reports/selected/route1_final_analysis_summary_20260925.md,8975,83d9fb8876beb31bf6b42ddede3d675a30fe1747c6418220fb32f8f310318ea8
reports/selected/route1_manuscript_edits_20260925.json,14934,9c4bfb44833ab65c91d23aa3102f0088284e5313d784711e9d0c32c3de9ab8b7
reports/selected/route1_manuscript_edits_round2_20260925.json,3666,04955ec6ee262a4f05272c92db94ca81e2c2d2e1d96d9822764deb44f92fe616
reports/selected/route1_optional_expansion_decision_20260925.md,1428,6188adcfb80b48f24bdf9a8933b39584c3df6f891a694624af7b21d7939f534c
reports/selected/route1_pooled_source_composition_20260925.csv,1228,a51065cadd0aafcc6ded98888e7bc9549786e6272aee5bb2cce9b08ef94c9c59
reports/selected/route1_pooled_source_composition_20260925.md,1687,29e1a793995f1b67dbcaf72b495e8aeab9ffeb1f7d4f03a15358e191e7ec5f90
reports/selected/route1_table1_count_audit_20260925.csv,236,ba918c61eb51b065a2fd9ab7d473933cc420fee30387a0ef42eb5990a2beb05e
reports/selected/route1_table1_source_adjacency_audit_20260925.md,2058,7a438b066415c661e900ed4b3d3fa9c80963094090cc3bf45667e83346849eca
reports/selected/route1_zero_shot_heldout6_summary_20260925.csv,349,360e81263d02e9b995bc94dcd465c142f3e0bc74945ac88223d7418e8202f47a
reports/selected/spatial_leakage_audit.md,3142,aa3d23696062dfb09fd3baf24da1f2c56ca2d1950e6c4cf12a69073e493b5f54
REPRODUCIBILITY.md,5000,b816bdd7841e59437efe4e46c85871ad65aef506b3e0ba869bd201538e2a4d83
requirements.txt,412,7c317a1e07f87524d23211e16c762d7e7bfe8f2c6f2fdd8c8eeb08d3bddeef43
scripts/analyze_external_regions.py,9128,457c0bb26dca9be9937755a45eabe06605d7c37dffe4a397b3bddb0828e30baf
scripts/audit_data_assets.py,21717,f06e8eb228a44f46475ae80aae25131027e96bc227a59dfab72a89c5927c8061
scripts/audit_loro_protocols.py,4696,c84b7b216371b974bab23b1d6d8aaf8da62129b631a54b6bad4e440e94008b23
scripts/audit_physical_buffers.py,7385,fadfc7ea037015defeebf01424946e0560fd5da3a6593e947acf9246e8a1badf
scripts/audit_spatial_leakage.py,10075,5b6ee423b90c14fe64bf87a36085fa4a27298f26ca253d78a5f452250850f30d
scripts/audit_threshold_uncertainty.py,20853,f6b939ea8f825b7ac326d4a50f0b1479447f53f65e8cb0577f17ad5ff85963f7
scripts/audit_training_exposure.py,3816,49ebc024d47b7f216c04f4e16633875973816e8e59c113a7f8c3f8de856ac55c
scripts/build_buffered_fewshot_queries.py,2850,fe7871abfcce880b3a9b747db0418a234cbe0c01140edb1c15e46fa840615dcd
scripts/build_reproducibility_inventory.py,4599,626f6c47859ce950111ef493f648c3adce06f21c6e3c68cd49284cc5c4634b1d
scripts/build_target_spatial_index.py,5894,835c256b6a6fe1799dfa78b1340fa9c3a5e30e26fea99d1f7a2c167abc042c85
scripts/checks/build_manifest.py,1263,4898ae30430dc28885fa67015dd4792186d309f8305f13f56ff43b764ce0e3e9
scripts/checks/check_environment.py,1409,fa3fc3ee6941ef5752a04c5643c142c40f2fb2c28b4669ee186710852d171596
scripts/checks/rebase_manifest_paths.py,1766,f7fb6652f1bfad01d755776c2aba11265ee94961966cdb6300b25287dec68bd6
scripts/checks/validate_release.py,4584,26f4b68c3ae433f60694e9894bf4c61955f3955fb0ef984b8a4ba10bf289894e
scripts/checks/verify_manifest.py,1354,90aae519d2d57b8ee3c26baf17b5f4d86d855031a5e4214131eefa2ee0e4603d
scripts/evaluate_benchmark_v2_256_pilot.py,3771,3744b608232485db2fc305fb8b9b64ef2279ec8b997926b62840de5fc9aa6bfe
scripts/evaluate_boundary_metrics.py,8023,2dd0560fbc6f1b44b2bbd3c297aafd085de48e09229a15c47d07746f3a4edfbc
scripts/evaluate_confidence_calibration.py,5590,8506b107f2cb5d86f751ca5136cc714bbd3ff61acb9a379a05a7b5506de3ab26
scripts/evaluate_control_checkpoints.py,2943,5482cf1caeddbc97ede81ad3d1b8433e9ffc7f1be8b7ef31e47dd1de2ce93c0d
scripts/evaluate_cross_groups.py,7692,caa6b4a8fd7d4e1885629851dd27fab72686038f26cd0f71b643070324ea4f5c
scripts/evaluate_dg_checkpoint.py,1920,9075defb4d5a5b11571ad949b523f8b71ed1d6b39a8980d22f780692d6a1c68f
scripts/evaluate_domain_shift.py,5303,1e9e7b4937e700e1a3aaa31f784e894c16ad11dc7d4b533461afaca208abca46
scripts/evaluate_epochwise_overfit.py,4496,f14857318b736b52c58a8812ee159217db2298126d255f508103c2672d0449ad
scripts/evaluate_exposure_matched.py,3564,c57b188f33d540637644958bf6956fccb511f9a20e4d21f23ede2b94afab00ca
scripts/evaluate_external_benchmark.py,9637,192b9645cd61384a0d88b6c2c13d84951d8948c514fc516a7cadc4d922b9a7cc
scripts/evaluate_fewshot_split.py,5108,c34055c00781367922a871d8f98fc23acf88376ac9905dd91e6a0e01e9a3fd1c
scripts/evaluate_q2_checkpoint.py,4990,e0f33ffc71e0c07729517e3d4601d82cb5029b61373852c25fc5268896f87d74
scripts/evaluate_q2_tile_metrics.py,6632,79824565d5ec5c8c24f70052dbd9d102a356c698b350b3ec1a936b4d1da9c159
scripts/evaluate_stitched_map.py,6004,db6c7f51f66b5aa6a4af37de51c6d2de5ceca5ba37054b6ae93568ebdc65c441
scripts/evaluate_threshold_sensitivity.py,6546,25db797f157c1bbad7fadb6320ebfcf87e50c95d94511f4e5ab62043bbb17fad
scripts/loro_all6_spatial_bootstrap.py,5282,d5c82cc721630d1a227328ec7978130d54157af385f3a8ddd2fcf5055f4b165b
scripts/make_fewshot_target_splits.py,6552,9a6af8a34f9cf35680d362b680c5dbc3ff17c3825295ac1a86ef8dafe769c214
scripts/make_group_split.py,2118,5dc9a3e56919cb12532f4b8cbdb73f8aeb17694f3773aee745dc71dfa921da67
scripts/plot_new_dataset_examples.py,2552,ce7a9ff6b97cc4dc492aa970f28ca4307be059e5da0a75381c1786463d43ba15
scripts/plot_region_difficulty.py,3818,03806ff75be0c3d8fabadcf71a7c767bd02a4d24df949d2e3a604a4792c4894d
scripts/plot_region_examples.py,2288,72d02e68deb6a45235a5a1c9382a4875c3d383fd46cec301c67e71f9a38c3bbb
scripts/prepare_benchmark_v2.py,7880,c80ec65552b2bafd90c0ef0e366650719b993e225b7f0ca478d45ad64609d52f
scripts/prepare_external_regions.py,8204,42203a177e84ad17415d168e2bc93f7087cd85d85c49d573a4ec1c452ebefefe
scripts/prepare_resunet_bfa.py,1861,95ce6d07e6620fe7b1fafd3408b6d31e8893521cf80f44bc356bdb899650882a
scripts/profile_models.py,4882,b81e476b91ccc548365f232a07cfbde9dce15b6716be04ca0669b271224a64f1
scripts/q2_x3_spatial_bootstrap.py,4952,36db73e06044f6b18ba53deaf9aed60b48bede0b59fedde67d081a68b00a1c30
scripts/route1_evalonly_tile_calibration.py,16271,7aa35de0200a6b329d441b6d700c82ba2ec5a8283741a45d351bfc0ac9bff063
scripts/route1_recompute_from_raw.py,17802,5163583308770bbd131df62c489380e02c7aaf5cbfdce11c388fde59b647bc63
scripts/route1_spatial_cluster_bootstrap.py,11421,41782a85e3f2f6d26f522cd2828b3f4d277927f30c188ab7b44de93850ad79ed
scripts/route1_tile_bootstrap.py,20293,358fd902e11d733d6cc3a08e1218b031af5d735fe464aa0250086593309e8cf7
scripts/run_adabn_pilot.py,5303,9b71332e4bb096b75f53f33a0fb8ced63ed68cc155c8fd3c7b557b867234e658
scripts/run_asunet_group_seeds.ps1,1239,449888aa25c493e309871b19b2d40cf3e3330c3f1d412cd0c2ebc55853eef5b2
scripts/run_asunet_group_seeds_batch32.ps1,2043,60a61cdd11fbcdb0d476be888005fdf302e326bcb25b1aee777de217aa978272
scripts/run_benchmark_v2_256_pilot.ps1,2143,97b37034b60fda59c7d6e0eb476d1b00753c38d29d444530f89becc6fe41f3c4
scripts/run_benchmark_v2_256_zero_shot.ps1,2159,0666ebeb2ca1fd1724bac32bd1df1cb266ecb278615e757f9c5d16fd5f0d4ba0
scripts/run_benchmark_v2_extended_multisource.ps1,3468,d030aad27ff012c75c1a04e18f2d60cb51ced39477f1ac620090fb1af29db243
scripts/run_benchmark_v2_extended_resunet.ps1,2388,5a7f8a726f44a0e4d87955e24fa4d7cce71528be1f97f05d2adfcc077c40be29
scripts/run_benchmark_v2_fewshot128_seed42.ps1,2629,8455353f01cebca3b1dd1f8bf0000c065f7bbe88130ece15bf9902725828bdea
scripts/run_benchmark_v2_fewshot128_stage2.ps1,3395,be85e154bcdc35cf252a12df903ac6a314dcaea0c64e5b3056be1a9661bc0c85
scripts/run_bottleneck_lite_seeds.ps1,1939,72b4cfb6189a101be06af05f3c076a4e148b5eb308931ffa14ff0271d5c9d22a
scripts/run_cas_baselines_3seeds.ps1,4664,468d6dc62cbe58303823cb60f5822c0bb5df4f12ac697937e264c240f462b139
scripts/run_cas_retrain20_control.ps1,2552,3d3119a767aad97eabd892fc24713ec4dfa4bf8ab54f8500e940d1d38cb90e0f
scripts/run_control_evaluation_after_uniform.ps1,1047,ca238d4069497a72ab824e7fcd016e0928de5d2dd580bd30bade823ea676e44d
scripts/run_e1_exposure_matched.ps1,2138,19e8f369d446ef435a72157c93ea21d7bebf2f2604f25cd8f39e7f73126056fc
scripts/run_e1_exposure_matched_eval.ps1,1877,ec705064b5aabd569d7fd723e17090711d5a46aebad590280281ae98d8e019c1
scripts/run_e2_early_late_adaptation.ps1,2408,9a40346bd311b9d355fdfc96ee03ed16ad457944a8860bc78e819f0bf6226758
scripts/run_e3_epochwise_replication.ps1,2395,a2633d08e9df272e2f290c1dcd64723df60e7de022f245854397610f33171c66
scripts/run_e4_query_evaluation.ps1,2719,368c2fb327046fa47a3ae420a7351908fc4683dda0703501701db16813b79695
scripts/run_e4_support_draws.ps1,1829,398fdbfd48cd196834a35688fe5a35c1555e755609459362742332a9f1817069
scripts/run_key_models_extra_seeds.ps1,2117,45c7e94a335cfff9f12313cbdfe380a717ba79356c3d0126a2f3bac95cd8cc3d
scripts/run_liteask_screening.ps1,2152,f5e351d58e6f8936af8c9a7d8b822fe710e3489248d853efa3708a3b70b1fa82
scripts/run_multisource_loro_secondary.ps1,5364,558599d2749ff40efe8da836d0737f205e0a8ddc32d6023d197cf704f5c334da
scripts/run_multisource_loro_uniform.ps1,4362,304d10d202c4c3647cd5303021871807963eccc2fc1dbf9d8c15d753acd9f8f1
scripts/run_p1_zero_shot_evaluation.ps1,1352,4b7fbe15a1b0486f228b49f95a7a74ef86a47fe90a27be48d0323f7512c6ddfc
scripts/run_p4_augmentation.ps1,2043,faaefed337f5feb148d17fb57f2efdf04c488a2e58875aa72f98e5bdb26dff59
scripts/run_p4_augmentation_eval.ps1,1516,b0a8dd1380434e8958063d97a755ee2bb6ae0ea9a5136b86db7bc5c33f6f00e5
scripts/run_p4_source_fraction.ps1,2143,3558781e61678391e7eec482aa2532cc80c132133dab0eced9d62b16f63baa0d
scripts/run_p4_source_fraction_eval.ps1,1534,c7177cceafeadf467d48bd441a1c98e38044aefb03ddf897967f83877c486067
scripts/run_q2_loro_extension_queue.ps1,1825,6909a6beeca94a8fc49dd478351b8c438aabdfde69ba68017914c77cbe19f6fa
scripts/run_q2_major_revision_queue.ps1,2982,44f302540c62a452e5ff03e371c3514621a79196195ed434c92fcb611ff016e4
scripts/run_q2_major_revision_queue_v2.ps1,4251,4ac357a73d1ece1ae6e2407de4a1c690ffda395cb8f541de225a17293c1c5b69
scripts/run_q2_major_revision_queue_v3.ps1,3993,de6ec28bdb234bb183cd4342d1324aa9ce988d9a3b215b7545113423d824642e
scripts/run_q2_x1_128ref_eval.ps1,1238,a9254b81488ae7e8fad640e931dca20610b4bfaaece2abd4d85a6b553f958644
scripts/run_q2_x1_resolution.ps1,6790,7a9f5f86e19e646e2816b6267205fdd3853b096638b4c52d5892cdd81170bafd
scripts/run_q2_x2_augmentation.ps1,4775,543d557fdf9f1a161cd566a253c548227b9a9d4ebe4d3f5768a73b5322059680
scripts/run_q2_x3_loro_all6.ps1,5117,f24bb187b134f4e95b65a6a08dfbbbee513e2962602cf3de75716fb9985c68da
scripts/run_q2_x3_resunet.ps1,5313,e04c37b55d2bb55c7140c4a7d7dbd25e9962bacd8c9fa3a53f25be36f3b8f5b0
scripts/run_target_fewshot.py,10415,29e99c720a56053f512af673a5209193327c75d85188d56cec65783b220fc5d1
scripts/run_unetpp_askunetpp_group_seeds.ps1,2271,b8d4c1bd6370e456780a620c34bd7cf3c417e59d840c3ed91c920ce575a44f4d
scripts/smoke_asunet.py,1652,8b8bf6ca1a08aabcb8e056e04c65acffaeb0a9e0a7cbdee00a368562106dc76f
scripts/stop_q2_x2_after_resunet.ps1,1284,e9a8a8ae9d771082ad65482170a3e874cedb8fb7f9d69be7a6b6614a4cc02889
scripts/summarize_adabn_pilot.py,3576,56557cce883fd8e291196d778b308f3e520d336ea0b5da730bf007cbf222ed78
scripts/summarize_all_results.py,7786,25ed6541b5f6c11bdb7e94c466fdc4ae010b60198fd1e7f183f4c78ca996bdef
scripts/summarize_augmentation_ablation.py,4858,d8a984cb22f84c693d681dca6e79741ac7001fc6730020b9a2d1ddc2ff321ac2
scripts/summarize_benchmark_v2_zero_shot.py,5554,8c6997ef1abec5c47bafe633cab89240e5b29d281bdd71604a652957bf91428a
scripts/summarize_boundary_loss_screen.py,3085,e50dec8524bf9616f7973df192af329b43156167b79b9666800fba0ae5048fd2
scripts/summarize_boundary_metrics.py,10084,e66349414d028fd94efdf7a04fa99205eff6c86dec850663a98e89d55960ae47
scripts/summarize_confidence_calibration.py,1987,a62245a6e68357d142be8cab0d14cfd7205371e667705329c50666ef6a80bcc8
scripts/summarize_cross_groups.py,14476,9423925bc9fed4ed6ec1b188199a7fecb7cc91afa3c2e94da746126da40f9270
scripts/summarize_domain_shift.py,1319,68dfe9e6c3a71ee67cb7af5252c6887cb52043412564b8544cb1e671873a87dd
scripts/summarize_e1_exposure_matched.py,9454,f72000e588248552fa9a020a70cdbfdc466ef21f68ad0f62a580d21bf3f0824d
scripts/summarize_e2_early_late.py,6173,3972ccd25e6144e37e045a116b3d9cda20f602302052bfa8aaa6964fb744a420
scripts/summarize_e3_epochwise_replication.py,6513,eb3e47375a78369ec255bee1c0626ab488e0b6b42d31d93d1318f0c686d7d121
scripts/summarize_e4_robustness.py,9987,c77a395f4d116e0d879edb87e9d447a4a77705397d13a4d5236e3e309247a906
scripts/summarize_e4_stitched.py,2639,fb6cc4151cf8ce0b64990ba8a625126a7a2d8dbfb6f0a20758e3a897a3e4f41b
scripts/summarize_e4_support_draws.py,5728,20858bff18061e742df790c5dd9f7cdee720d5a04d7807dafbde7988da6ab2d7
scripts/summarize_epochwise_overfit.py,5497,105e38d101bc022a1df02e432170bfe61eaef507e23c0edc1a976f07d628f1ff
scripts/summarize_external_benchmark.py,11927,a518aadd07f3dd1cc1c71098be47102b99baebc44b7b4d9fe33ad79ba8048219
scripts/summarize_fewshot128.py,6352,f474c4d61d0254b58c583976075f51bee0ae8d0f7eb7f48aa1e4c7b18417f113
scripts/summarize_fewshot128_multiseed.py,9856,fb10139173df94f97798a8377f463f654818370bd0a4edf5bb9411471d1bb382
scripts/summarize_five_seed_key_models.py,6392,4a27cb3d21e2365a2c20f612619abe70d909b16a0a3e33775172b086b2d27440
scripts/summarize_group_models.py,14781,3445323328c1d4dc49ea4bd5085eabeea43c7beb586d09d79b5c88e4fa0e8879
scripts/summarize_group_seeds.py,2202,338277bcdf4773861df1ce1eafcb6e83f252479608e5587045b611ccbca4c0ff
scripts/summarize_liteask_variants.py,4150,d902365b28453763161e902a70129d6584a14b0bf93fd51efb1022e92bca8a9a
scripts/summarize_multisource_dg_pilot.py,3001,19c8e115b0fbab1698fe314f2564c4c7c676c1c409f35c412302e2d5fb1640ca
scripts/summarize_multisource_loro.py,14440,b9e3762bf24b9cd7233a654eaf693863059761fae1457d70d0b2e8b5ca84cf7c
scripts/summarize_q2_x1.py,3210,674543850edd06443123e70c2741f5634c4451ae6fc4b83a993274372a5c8ed7
scripts/summarize_q2_x2_augmentation.py,8836,4a174795fdc574b53884831d9a52e78ceb2041d0adecdf12b34a85e565f6589f
scripts/summarize_region_difficulty.py,6729,5c7342b5e5253f836fd40ed9efb8a02c793938f1cda34bd2e3dc3571813fa130
scripts/summarize_resolution_gate_a.py,12694,28dfde70b441e2bb8ce31b8b9f33cf676cc5812bf16f27dac17430514e4acd7d
scripts/summarize_source_fraction.py,5651,7a079d898d809b510ea00c7da2408a51e837bdd04ecebda8b4d0c677f84a1cd8
scripts/summarize_threshold_sensitivity.py,8552,2ea4af5440d7a67075fba43262129b7b894ae7105f6e04fa56e25edff28f4e1a
scripts/train_exposure_matched.py,8596,7d70e0743210a0e7cd704a5a87b8b25351e4fc17d979b206da2396d3746d24aa
scripts/train_exposure_matched_loro.py,8653,649ec0462acb6f354ee3a2470ef6c27ed768276812238deeaba67cc0e51fc2f8
scripts/train_multisource_dg.py,13745,49ff5bb15039b30dbe3f5528be6e2f4118b85ae567995544e074bd9e1b4878b7
scripts/train_unified.py,9581,ae101b72789d57c85bd93a6d462445647c3b3785ace281f29fe1db2f91f18e57
scripts/watch_q2_major_revision.ps1,1845,8490964c378ab0c57faa7856b9e07c7db04916e6f1b4ef4477327b996583c003
src/datasets.py,2736,9531406549d416dd219f511212f7fa7e299dba0f8b7136cc88559cb0182784dc
src/metrics.py,1366,227dc6f900c2a3b319d34177b6724dd1d5fcb94daa36fd35ffa9222f25945142
src/models.py,3632,21396ec06058a98b4e8cd2752addbf98ea9569c4622a1a0494862c7686abe319
src/unet_plus_plus.py,9945,c90c70206d4dc8e51788b2d681a19c54061695aea63b023462329edb06e40edf
