experiment,run_id,regime,role,seed,step,buffer_m,region,id,threshold,tp,fp,fn,tn,hd95,f1_2,f1_4
E1,q2_x3_loro_lombok_seed777,pooled_loro,intervention,777,1120,na,lombok,Lombok003,0.5,50,13475,0,2859,58.69412236331676,0.007189934092110183,0.016718913270311688
E1,q2_x3_loro_lombok_seed777,pooled_loro,intervention,777,1120,na,lombok,Lombok005,0.5,50,9865,0,6469,45.59155463103848,0.0,0.0
E1,q2_x3_loro_lombok_seed777,pooled_loro,intervention,777,1120,na,lombok,Lombok006,0.5,50,4922,9,11403,34.058772731852805,0.06034324803012395,0.14894330761468502
E1,q2_x3_loro_lombok_seed777,pooled_loro,intervention,777,1120,na,lombok,Lombok009,0.5,58,1142,65,15119,97.02061636580135,0.1880190846434476,0.3145478374831185
E1,q2_x3_loro_lombok_seed777,pooled_loro,intervention,777,1120,na,lombok,Lombok010,0.5,0,417,40,15927,110.32564890545463,0.0,0.0
E1,q2_x3_loro_lombok_seed777,pooled_loro,intervention,777,1120,na,lombok,Lombok013,0.5,49,400,53,15882,111.14583428477681,0.11851851851806465,0.23062692702936358
E1,q2_x3_loro_lombok_seed777,pooled_loro,intervention,777,1120,na,lombok,Lombok014,0.5,0,9,33,16342,93.98607771442381,0.0,0.0
E1,q2_x3_loro_lombok_seed777,pooled_loro,intervention,777,1120,na,lombok,Lombok016,0.5,78,998,68,15240,20.425355388511562,0.2621945186499785,0.37719651240732965
E1,q2_x3_loro_lombok_seed777,pooled_loro,intervention,777,1120,na,lombok,Lombok017,0.5,7,61,89,16227,112.81775771425438,0.21573033707819114,0.3040540540535661
E1,q2_x3_loro_lombok_seed777,pooled_loro,intervention,777,1120,na,lombok,Lombok029,0.5,48,700,45,15591,54.656735621385046,0.20883054892553923,0.35019455252872106
E1,q2_x3_loro_lombok_seed777,pooled_loro,intervention,777,1120,na,lombok,Lombok030,0.5,43,580,35,15726,117.28702325109334,0.2345058626461423,0.3355559560277217
E1,q2_x3_loro_lombok_seed777,pooled_loro,intervention,777,1120,na,lombok,Lombok033,0.5,0,1,61,16322,44.50632899218022,0.09523809523800453,0.1249999999998828
E1,q2_x3_loro_lombok_seed777,pooled_loro,intervention,777,1120,na,lombok,Lombok034,0.5,92,30,214,16048,11.583521646828316,0.7411760097147336,0.8463073852290527
E1,q2_x3_loro_lombok_seed777,pooled_loro,intervention,777,1120,na,lombok,Lombok035,0.5,97,39,149,16099,24.926315013550575,0.7533875338748691,0.7894736842100485
E1,q2_x3_loro_lombok_seed777,pooled_loro,intervention,777,1120,na,lombok,Lombok036,0.5,34,79,40,16231,49.70448898847628,0.35897435897386193,0.3666666666661717
E1,q2_x3_loro_lombok_seed777,pooled_loro,intervention,777,1120,na,lombok,Lombok037,0.5,96,84,68,16136,29.29386915101668,0.6045868575141946,0.7251547142332323
E1,q2_x3_loro_lombok_seed777,pooled_loro,intervention,777,1120,na,lombok,Lombok038,0.5,37,45,145,16157,29.712592685615597,0.4284908851715031,0.4566044573287567
E1,q2_x3_loro_lombok_seed777,pooled_loro,intervention,777,1120,na,lombok,Lombok039,0.5,133,65,176,16010,24.582301067095553,0.6892000274978594,0.7688245854889992
E1,q2_x3_loro_lombok_seed777,pooled_loro,intervention,777,1120,na,lombok,Lombok040,0.5,134,43,123,16084,19.79776609361536,0.8367211874817839,0.882833046158932
E1,q2_x3_loro_lombok_seed777,pooled_loro,intervention,777,1120,na,lombok,Lombok041,0.5,90,46,238,16010,17.315745976181372,0.6179093477455255,0.7065558130021121
E1,q2_x3_loro_lombok_seed777,pooled_loro,intervention,777,1120,na,lombok,Lombok042,0.5,69,35,219,16061,104.8546385201839,0.6926406926402151,0.8179315768772059
E1,q2_x3_loro_lombok_seed777,pooled_loro,intervention,777,1120,na,lombok,Lombok043,0.5,0,3335,22,13027,58.52349955359813,0.0,0.0
E1,q2_x3_loro_lombok_seed777,pooled_loro,intervention,777,1120,na,lombok,Lombok044,0.5,71,4546,60,11707,71.85345226390865,0.14869888475805246,0.22187325869985014
E1,q2_x3_loro_lombok_seed777,pooled_loro,intervention,777,1120,na,lombok,Lombok045,0.5,328,1967,153,13936,20.22745466343067,0.4629740019229712,0.5841842110299765
E1,q2_x3_loro_lombok_seed777,pooled_loro,intervention,777,1120,na,lombok,Lombok046,0.5,215,304,158,15707,69.28924880528002,0.6087189962060975,0.7610342076856716
E1,q2_x3_loro_lombok_seed777,pooled_loro,intervention,777,1120,na,lombok,Lombok047,0.5,0,116,17,16251,74.97466067885155,0.0,0.0
E1,q2_x3_loro_lombok_seed777,pooled_loro,intervention,777,1120,na,lombok,Lombok048,0.5,0,10,85,16289,113.51384818011515,0.0,0.0
E1,q2_x3_loro_lombok_seed777,pooled_loro,intervention,777,1120,na,lombok,Lombok049,0.5,0,0,92,16292,181.01933598375618,0.0,0.0
E1,q2_x3_loro_lombok_seed777,pooled_loro,intervention,777,1120,na,lombok,Lombok050,0.5,0,0,59,16325,181.01933598375618,0.0,0.0
E1,q2_x3_loro_lombok_seed777,pooled_loro,intervention,777,1120,na,lombok,Lombok051,0.5,1,1,81,16301,128.4445405612866,0.2197802197800241,0.29473684210501183
E1,q2_x3_loro_lombok_seed777,pooled_loro,intervention,777,1120,na,lombok,Lombok052,0.5,18,52,60,16254,55.484187601345184,0.3639795093011988,0.4068932503585276
E1,q2_x3_loro_lombok_seed777,pooled_loro,intervention,777,1120,na,lombok,Lombok053,0.5,10,3,31,16340,80.12327982649151,0.4166666666663368,0.4166666666663368
E1,q2_x3_loro_lombok_seed777,pooled_loro,intervention,777,1120,na,lombok,Lombok055,0.5,82,159,80,16063,40.410273914675685,0.4089249492895609,0.4709122203093221
E1,q2_x3_loro_lombok_seed777,pooled_loro,intervention,777,1120,na,lombok,Lombok056,0.5,112,47,195,16030,32.59216007101075,0.4733043514957878,0.5830041756004707
E1,q2_x3_loro_lombok_seed777,pooled_loro,intervention,777,1120,na,lombok,Lombok057,0.5,273,224,211,15676,17.848147651254695,0.6548466416456827,0.760253457954679
E1,q2_x3_loro_lombok_seed777,pooled_loro,intervention,777,1120,na,lombok,Lombok058,0.5,139,106,159,15980,39.184632745617314,0.6724813286671768,0.7257100030292778
E1,q2_x3_loro_lombok_seed777,pooled_loro,intervention,777,1120,na,lombok,Lombok059,0.5,40,58,215,16071,48.190005363287604,0.4581100141039071,0.5333333333328435
E1,q2_x3_loro_lombok_seed777,pooled_loro,intervention,777,1120,na,lombok,Lombok060,0.5,45,74,178,16087,106.09570878209084,0.5507305609477109,0.6276458678441544
E1,q2_x3_loro_lombok_seed777,pooled_loro,intervention,777,1120,na,lombok,Lombok061,0.5,9,760,54,15561,78.94134673929734,0.10176125244589121,0.1051663908804208
E1,q2_x3_loro_lombok_seed777,pooled_loro,intervention,777,1120,na,lombok,Lombok062,0.5,10,2311,90,13973,67.23094525588644,0.09830411037614799,0.10450795169162543
E1,q2_x3_loro_lombok_seed777,pooled_loro,intervention,777,1120,na,lombok,Lombok063,0.5,64,2633,183,13504,78.63756336720871,0.19244336157629782,0.2565843508728619
E1,q2_x3_loro_lombok_seed777,pooled_loro,intervention,777,1120,na,lombok,Lombok064,0.5,518,1506,343,14017,39.824615503479755,0.5562840956772184,0.6886079525385222
E1,q2_x3_loro_lombok_seed777,pooled_loro,intervention,777,1120,na,lombok,Lombok065,0.5,421,737,237,14989,67.43473704516215,0.5593918488994122,0.7112492149014941
E1,q2_x3_loro_lombok_seed777,pooled_loro,intervention,777,1120,na,lombok,Lombok066,0.5,0,172,117,16095,96.70245034184977,0.0,0.0
E1,q2_x3_loro_lombok_seed777,pooled_loro,intervention,777,1120,na,lombok,Lombok067,0.5,105,75,336,15868,98.17708561846011,0.29469647272514193,0.2979965770660461
E1,q2_x3_loro_lombok_seed777,pooled_loro,intervention,777,1120,na,lombok,Lombok068,0.5,215,88,363,15718,47.46142788605259,0.5359661495059546,0.5915875169602346
E1,q2_x3_loro_lombok_seed777,pooled_loro,intervention,777,1120,na,lombok,Lombok069,0.5,221,202,290,15671,45.39789383338546,0.6023029229402249,0.6993006993002444
E1,q2_x3_loro_lombok_seed777,pooled_loro,intervention,777,1120,na,lombok,Lombok070,0.5,30,3,285,16066,66.0037876614185,0.24169184290008963,0.3743016759773493
E1,q2_x3_loro_lombok_seed777,pooled_loro,intervention,777,1120,na,lombok,Lombok076,0.5,100,30,189,16065,46.31590061256783,0.5278797996656603,0.5975116640741758
E1,q2_x3_loro_lombok_seed777,pooled_loro,intervention,777,1120,na,lombok,Lombok077,0.5,20,92,137,16135,44.061213121283245,0.26212319790254446,0.30534351144998306
E1,q2_x3_loro_lombok_seed777,pooled_loro,intervention,777,1120,na,lombok,Lombok078,0.5,6,43,108,16227,50.14618642674325,0.1345291479815657,0.1385281385276444
E1,q2_x3_loro_lombok_seed777,pooled_loro,intervention,777,1120,na,lombok,Lombok079,0.5,4,16,143,16221,47.18334046803592,0.16438356164336948,0.23036649214609756
E1,q2_x3_loro_lombok_seed777,pooled_loro,intervention,777,1120,na,lombok,Lombok080,0.5,6,263,120,15995,46.46883508038504,0.08053691275118975,0.09005628517777867
E1,q2_x3_loro_lombok_seed777,pooled_loro,intervention,777,1120,na,lombok,Lombok081,0.5,35,1047,100,15202,55.01072613546964,0.19379702697694853,0.24871989379812065
E1,q2_x3_loro_lombok_seed777,pooled_loro,intervention,777,1120,na,lombok,Lombok082,0.5,307,1418,278,14381,76.5030883067607,0.36532591371948453,0.4539956677855656
E1,q2_x3_loro_lombok_seed777,pooled_loro,intervention,777,1120,na,lombok,Lombok083,0.5,409,643,414,14918,34.29529958284469,0.48709175031499236,0.6391028941061048
E1,q2_x3_loro_lombok_seed777,pooled_loro,intervention,777,1120,na,lombok,Lombok084,0.5,159,200,146,15879,93.62183159803388,0.47930283224350917,0.6971428571423572
E1,q2_x3_loro_lombok_seed777,pooled_loro,intervention,777,1120,na,lombok,Lombok085,0.5,0,5237,43,11104,133.36208800323814,0.0,0.0
E1,q2_x3_loro_lombok_seed777,pooled_loro,intervention,777,1120,na,lombok,Lombok092,0.5,0,397,19,15968,54.9658363866928,0.0,0.0
E1,q2_x3_loro_lombok_seed777,pooled_loro,intervention,777,1120,na,lombok,Lombok093,0.5,119,310,186,15769,38.07492497705375,0.3320851219284512,0.36026360751722025
E1,q2_x3_loro_lombok_seed777,pooled_loro,intervention,777,1120,na,lombok,Lombok094,0.5,162,178,534,15510,42.30306371041718,0.3850307945161398,0.4471920154918499
E1,q2_x3_loro_lombok_seed777,pooled_loro,intervention,777,1120,na,lombok,Lombok095,0.5,662,229,843,14650,36.82386522543601,0.6308093994773749,0.6883441720855915
E1,q2_x3_loro_lombok_seed777,pooled_loro,intervention,777,1120,na,lombok,Lombok096,0.5,975,368,851,14190,25.184142197784347,0.7331571893291132,0.8018362662581271
E1,q2_x3_loro_lombok_seed777,pooled_loro,intervention,777,1120,na,lombok,Lombok097,0.5,499,254,718,14913,26.851436707543144,0.6624683782761035,0.7574031890655887
E1,q2_x3_loro_lombok_seed777,pooled_loro,intervention,777,1120,na,lombok,Lombok098,0.5,53,233,521,15577,41.6293165929973,0.1443235475257321,0.1880223612105807
E1,q2_x3_loro_lombok_seed777,pooled_loro,intervention,777,1120,na,lombok,Lombok099,0.5,0,43,81,16260,48.76656641152175,0.0,0.03669724770599276
E1,q2_x3_loro_lombok_seed777,pooled_loro,intervention,777,1120,na,lombok,Lombok100,0.5,47,3444,13,12880,94.367836808324,0.08293709564249352,0.1683303284813784
E1,q2_x3_loro_lombok_seed777,pooled_loro,intervention,777,1120,na,lombok,Lombok101,0.5,44,437,87,15816,71.75624083366056,0.12825801612552687,0.24087516613793908
E1,q2_x3_loro_lombok_seed777,pooled_loro,intervention,777,1120,na,lombok,Lombok102,0.5,14,31,111,16228,45.62619639438446,0.1937716262971598,0.21017514595452533
E1,q2_x3_loro_lombok_seed777,pooled_loro,intervention,777,1120,na,lombok,Lombok103,0.5,8,1346,71,14959,72.40163964931052,0.07734450531713565,0.07823960880166908
E1,q2_x3_loro_lombok_seed777,pooled_loro,intervention,777,1120,na,lombok,Lombok104,0.5,2,2500,99,13783,46.82306948413464,0.01343183344514699,0.013757523645666207
E1,q2_x3_loro_lombok_seed777,pooled_loro,intervention,777,1120,na,lombok,Lombok105,0.5,16,2761,90,13517,46.68382933469122,0.0,0.0
E1,q2_x3_loro_lombok_seed777,pooled_loro,intervention,777,1120,na,lombok,Lombok106,0.5,215,6498,50,9621,28.18249815992945,0.25995765841125756,0.38880075746834714
E1,q2_x3_loro_lombok_seed777,pooled_loro,intervention,777,1120,na,lombok,Lombok107,0.5,312,5566,478,10028,38.34902064295396,0.2653109410867263,0.39995201295600186
E1,q2_x3_loro_lombok_seed777,pooled_loro,intervention,777,1120,na,lombok,Lombok108,0.5,230,1909,348,13897,50.17761429440709,0.3075473558503751,0.4091882904712409
E1,q2_x3_loro_lombok_seed777,pooled_loro,intervention,777,1120,na,lombok,Lombok109,0.5,0,21,19,16344,119.14581532059317,0.0,0.0
E1,q2_x3_loro_lombok_seed777,pooled_loro,intervention,777,1120,na,lombok,Lombok110,0.5,14,2923,40,13407,116.18024455702675,0.08958789567971835,0.12045577862167096
E1,q2_x3_loro_lombok_seed777,pooled_loro,intervention,777,1120,na,lombok,Lombok111,0.5,15,2289,39,14041,65.54183101682445,0.0604703247479406,0.08309100855085068
E1,q2_x3_loro_lombok_seed777,pooled_loro,intervention,777,1120,na,lombok,Lombok112,0.5,6,952,81,15345,101.74275271370236,0.04677581022361922,0.04793458339187221
E1,q2_x3_loro_lombok_seed777,pooled_loro,intervention,777,1120,na,lombok,Lombok113,0.5,17,563,171,15633,82.13324011128886,0.0669856459325355,0.1256443298964537
E1,q2_x3_loro_lombok_seed777,pooled_loro,intervention,777,1120,na,lombok,Lombok114,0.5,0,60,101,16223,74.24957912338628,0.0,0.0
E1,q2_x3_loro_lombok_seed777,pooled_loro,intervention,777,1120,na,lombok,Lombok115,0.5,0,11,220,16153,126.576193183989,0.0,0.0
E1,q2_x3_loro_lombok_seed777,pooled_loro,intervention,777,1120,na,lombok,Lombok116,0.5,0,0,754,15630,181.01933598375618,0.0,0.0
E1,q2_x3_loro_lombok_seed777,pooled_loro,intervention,777,1120,na,lombok,Lombok117,0.5,1,0,731,15652,83.01917336874708,0.023584905660354052,0.07356321839073375
E1,q2_x3_loro_lombok_seed777,pooled_loro,intervention,777,1120,na,lombok,Lombok119,0.5,0,0,183,16201,181.01933598375618,0.0,0.0
E1,q2_x3_loro_lombok_seed777,pooled_loro,intervention,777,1120,na,lombok,Lombok120,0.5,0,19,140,16225,118.89259194622264,0.0,0.0
E1,q2_x3_loro_lombok_seed777,pooled_loro,intervention,777,1120,na,lombok,Lombok121,0.5,0,208,19,16157,81.32158367418455,0.0,0.0
E1,q2_x3_loro_lombok_seed777,pooled_loro,intervention,777,1120,na,lombok,Lombok122,0.5,0,422,31,15931,60.373689497756025,0.0,0.0
E1,q2_x3_loro_lombok_seed777,pooled_loro,intervention,777,1120,na,lombok,Lombok123,0.5,183,397,392,15412,59.392556301158585,0.30817931828305833,0.340125887390646
E1,q2_x3_loro_lombok_seed777,pooled_loro,intervention,777,1120,na,lombok,Lombok124,0.5,482,364,920,14618,37.69873001213937,0.42308044126486244,0.5311457151691978
E1,q2_x3_loro_lombok_seed777,pooled_loro,intervention,777,1120,na,lombok,Lombok125,0.5,909,282,1451,13742,20.248456731316587,0.6113681427622986,0.7058823529407197
E1,q2_x3_loro_lombok_seed777,pooled_loro,intervention,777,1120,na,lombok,Lombok126,0.5,1197,359,1445,13383,14.498113174043713,0.7216380741555986,0.8105046343970462
E1,q2_x3_loro_lombok_seed777,pooled_loro,intervention,777,1120,na,lombok,Lombok127,0.5,735,304,880,14465,24.07695536799829,0.7330209747335193,0.8115226337443737
E1,q2_x3_loro_lombok_seed777,pooled_loro,intervention,777,1120,na,lombok,Lombok128,0.5,103,383,525,15373,41.48992547511005,0.30985915492908234,0.3535643049893602
E1,q2_x3_loro_lombok_seed777,pooled_loro,intervention,777,1120,na,lombok,Lombok129,0.5,37,36,282,16029,44.65371467859943,0.35780219780181277,0.4141209791620417
E1,q2_x3_loro_lombok_seed777,pooled_loro,intervention,777,1120,na,lombok,Lombok132,0.5,176,1762,8,14438,25.56265951906679,0.2146434533742398,0.4590509381200458
E1,q2_x3_loro_lombok_seed777,pooled_loro,intervention,777,1120,na,lombok,Lombok133,0.5,96,1326,50,14912,46.1545265367488,0.1812022374533435,0.3282887077993697
E1,q2_x3_loro_lombok_seed777,pooled_loro,intervention,777,1120,na,lombok,Lombok134,0.5,0,476,73,15835,54.71745379294079,0.0,0.0
E1,q2_x3_loro_lombok_seed777,pooled_loro,intervention,777,1120,na,lombok,Lombok135,0.5,0,1270,107,15007,72.3394774656273,0.0,0.0
E1,q2_x3_loro_lombok_seed777,pooled_loro,intervention,777,1120,na,lombok,Lombok136,0.5,51,6999,79,9255,53.18833129617915,0.0,0.0
E1,q2_x3_loro_lombok_seed777,pooled_loro,intervention,777,1120,na,lombok,Lombok137,0.5,94,10388,23,5879,35.954113900496544,0.0,0.03741496598590733
E1,q2_x3_loro_lombok_seed777,pooled_loro,intervention,777,1120,na,lombok,Lombok138,0.5,232,13188,8,2956,31.557846449944115,0.23143973549694552,0.3609820836093429
E1,q2_x3_loro_lombok_seed777,pooled_loro,intervention,777,1120,na,lombok,Lombok139,0.5,277,9055,272,6780,37.06210502778698,0.25558526187126324,0.3710886571051085
E1,q2_x3_loro_lombok_seed777,pooled_loro,intervention,777,1120,na,lombok,Lombok140,0.5,101,2558,352,13373,55.027720251514296,0.1271335657043438,0.18039385524623328
E1,q2_x3_loro_lombok_seed777,pooled_loro,intervention,777,1120,na,lombok,Lombok141,0.5,0,118,99,16167,94.43748376632068,0.0,0.0
E1,q2_x3_loro_lombok_seed777,pooled_loro,intervention,777,1120,na,lombok,Lombok142,0.5,42,1303,9,15030,75.09157608277683,0.10403916768652345,0.14286857051421342
E1,q2_x3_loro_lombok_seed777,pooled_loro,intervention,777,1120,na,lombok,Lombok143,0.5,49,2387,2,13946,41.56957754247421,0.06940874035976799,0.17594409024014987
E1,q2_x3_loro_lombok_seed777,pooled_loro,intervention,777,1120,na,lombok,Lombok144,0.5,19,1440,8,14917,96.96596852726206,0.10348013550959927,0.18761061946885652
E1,q2_x3_loro_lombok_seed777,pooled_loro,intervention,777,1120,na,lombok,Lombok145,0.5,27,1828,0,14529,62.06246607778631,0.053993250843558604,0.08371703641681168
E1,q2_x3_loro_lombok_seed777,pooled_loro,intervention,777,1120,na,lombok,Lombok146,0.5,0,1963,32,14389,65.06415051946823,0.0,0.006739679865155534
E1,q2_x3_loro_lombok_seed777,pooled_loro,intervention,777,1120,na,lombok,Lombok147,0.5,0,533,64,15787,61.994455690067,0.0,0.0
E1,q2_x3_loro_lombok_seed777,pooled_loro,intervention,777,1120,na,lombok,Lombok148,0.5,0,467,57,15860,63.379885694904175,0.0,0.0
E1,q2_x3_loro_lombok_seed777,pooled_loro,intervention,777,1120,na,lombok,Lombok149,0.5,5,16,670,15693,84.34296072806367,0.044943820224580516,0.10927152317851005
E1,q2_x3_loro_lombok_seed777,pooled_loro,intervention,777,1120,na,lombok,Lombok150,0.5,8,1,1066,15309,79.26709749151016,0.04065040650402522,0.09736842105253894
E1,q2_x3_loro_lombok_seed777,pooled_loro,intervention,777,1120,na,lombok,Lombok153,0.5,16,139,167,16062,77.95349078991742,0.1599999999995072,0.1599999999995072
E1,q2_x3_loro_lombok_seed777,pooled_loro,intervention,777,1120,na,lombok,Lombok154,0.5,0,730,130,15524,104.72358185567943,0.0,0.0
E1,q2_x3_loro_lombok_seed777,pooled_loro,intervention,777,1120,na,lombok,Lombok155,0.5,0,119,20,16245,51.08041268103131,0.0,0.0
E1,q2_x3_loro_lombok_seed777,pooled_loro,intervention,777,1120,na,lombok,Lombok156,0.5,0,129,21,16234,50.15974481593781,0.0,0.0
E1,q2_x3_loro_lombok_seed777,pooled_loro,intervention,777,1120,na,lombok,Lombok157,0.5,82,196,205,15901,71.678090115836,0.2713876381493239,0.317026276436159
E1,q2_x3_loro_lombok_seed777,pooled_loro,intervention,777,1120,na,lombok,Lombok158,0.5,477,360,596,14951,49.510603987234276,0.39859862029078413,0.537379718726476
E1,q2_x3_loro_lombok_seed777,pooled_loro,intervention,777,1120,na,lombok,Lombok159,0.5,899,239,1556,13690,20.081059530306533,0.6351606805288671,0.7344434706393249
E1,q2_x3_loro_lombok_seed777,pooled_loro,intervention,777,1120,na,lombok,Lombok160,0.5,1031,333,1763,13257,12.771001588787147,0.6649033656738877,0.7673672304041842
E1,q2_x3_loro_lombok_seed777,pooled_loro,intervention,777,1120,na,lombok,Lombok161,0.5,545,293,1013,14533,18.439088914585774,0.6238200019666083,0.7065953023395083
E1,q2_x3_loro_lombok_seed777,pooled_loro,intervention,777,1120,na,lombok,Lombok162,0.5,133,124,410,15717,39.293765408777,0.4587601436738974,0.5034106988232178
E1,q2_x3_loro_lombok_seed777,pooled_loro,intervention,777,1120,na,lombok,Lombok163,0.5,108,39,398,15839,60.62324329438837,0.4991999999996254,0.5852187028653477
E1,q2_x3_loro_lombok_seed777,pooled_loro,intervention,777,1120,na,lombok,Lombok164,0.5,175,41,384,15784,18.637285142277282,0.6121297602252451,0.6914893617016753
E1,q2_x3_loro_lombok_seed777,pooled_loro,intervention,777,1120,na,lombok,Lombok166,0.5,96,357,343,15588,47.97289108452634,0.19556635286936758,0.29681671226029976
E1,q2_x3_loro_lombok_seed777,pooled_loro,intervention,777,1120,na,lombok,Lombok167,0.5,136,1735,532,13981,53.786598577407226,0.0910867964758836,0.1900168581344573
E1,q2_x3_loro_lombok_seed777,pooled_loro,intervention,777,1120,na,lombok,Lombok168,0.5,72,1311,287,14714,60.57305811407372,0.0811010076180984,0.1291204617950605
E1,q2_x3_loro_lombok_seed777,pooled_loro,intervention,777,1120,na,lombok,Lombok169,0.5,0,0,328,16056,181.01933598375618,0.0,0.0
E1,q2_x3_loro_lombok_seed777,pooled_loro,intervention,777,1120,na,lombok,Lombok170,0.5,238,774,516,14856,76.84562441715524,0.13088753604573983,0.21730132450288311
E1,q2_x3_loro_lombok_seed777,pooled_loro,intervention,777,1120,na,lombok,Lombok171,0.5,1290,7340,343,7411,48.49329451512444,0.21721599107198672,0.3151347615751768
E1,q2_x3_loro_lombok_seed777,pooled_loro,intervention,777,1120,na,lombok,Lombok172,0.5,1165,15143,0,76,50.976452467768816,0.0,0.0
E1,q2_x3_loro_lombok_seed777,pooled_loro,intervention,777,1120,na,lombok,Lombok173,0.5,119,16220,1,44,54.97743976550534,0.1092896174858639,0.22691148259747754
E1,q2_x3_loro_lombok_seed777,pooled_loro,intervention,777,1120,na,lombok,Lombok174,0.5,48,7469,580,8287,70.06068716017673,0.05892403601892388,0.11787267879647291
E1,q2_x3_loro_lombok_seed777,pooled_loro,intervention,777,1120,na,lombok,Lombok175,0.5,50,1221,964,14149,112.16169324851775,0.08454343735047035,0.1508190663871784
E1,q2_x3_loro_lombok_seed777,pooled_loro,intervention,777,1120,na,lombok,Lombok176,0.5,0,572,462,15350,130.79224946218133,0.0,0.0
E1,q2_x3_loro_lombok_seed777,pooled_loro,intervention,777,1120,na,lombok,Lombok177,0.5,44,1327,23,14990,93.1785884552909,0.08010835913294534,0.11089227607450344
E1,q2_x3_loro_lombok_seed777,pooled_loro,intervention,777,1120,na,lombok,Lombok178,0.5,69,7812,4,8499,60.98520128351069,0.04028241001421152,0.09492600669369514
E1,q2_x3_loro_lombok_seed777,pooled_loro,intervention,777,1120,na,lombok,Lombok179,0.5,106,6153,23,10102,45.326583568935675,0.10995175932049174,0.18404641044217687
E1,q2_x3_loro_lombok_seed777,pooled_loro,intervention,777,1120,na,lombok,Lombok180,0.5,91,3904,32,12357,57.068379525164886,0.1136104783597758,0.17145468790790622
E1,q2_x3_loro_lombok_seed777,pooled_loro,intervention,777,1120,na,lombok,Lombok181,0.5,0,2268,37,14079,70.37186666743254,0.0,0.0
E1,q2_x3_loro_lombok_seed777,pooled_loro,intervention,777,1120,na,lombok,Lombok182,0.5,16,903,152,15313,38.28511418311729,0.10848601735737352,0.13318258903301602
E1,q2_x3_loro_lombok_seed777,pooled_loro,intervention,777,1120,na,lombok,Lombok183,0.5,64,1541,448,14331,52.150261608161216,0.15265123226241228,0.20974576271144335
E1,q2_x3_loro_lombok_seed777,pooled_loro,intervention,777,1120,na,lombok,Lombok184,0.5,15,57,981,15331,76.06694972829325,0.0956028803430073,0.19075816855214367
E1,q2_x3_loro_lombok_seed777,pooled_loro,intervention,777,1120,na,lombok,Lombok185,0.5,5,1,970,15408,116.86736608814617,0.0306513409961384,0.08208955223872724
E1,q2_x3_loro_lombok_seed777,pooled_loro,intervention,777,1120,na,lombok,Lombok186,0.5,1,0,884,15499,119.45961321573617,0.008720930232549457,0.03724928366758522
E1,q2_x3_loro_lombok_seed777,pooled_loro,intervention,777,1120,na,lombok,Lombok187,0.5,0,2070,25,14289,54.45548529455324,0.0,0.0
E1,q2_x3_loro_lombok_seed777,pooled_loro,intervention,777,1120,na,lombok,Lombok188,0.5,0,884,32,15468,39.56008088970496,0.0,0.0
E1,q2_x3_loro_lombok_seed777,pooled_loro,intervention,777,1120,na,lombok,Lombok189,0.5,37,5,255,16087,93.05777632641917,0.3102310231020481,0.3746031746028701
E1,q2_x3_loro_lombok_seed777,pooled_loro,intervention,777,1120,na,lombok,Lombok190,0.5,385,78,845,15076,18.027756377319946,0.6340819022452736,0.7218788627931109
E1,q2_x3_loro_lombok_seed777,pooled_loro,intervention,777,1120,na,lombok,Lombok191,0.5,459,148,1051,14726,16.928916384272075,0.5960181732933137,0.7020510658992797
E1,q2_x3_loro_lombok_seed777,pooled_loro,intervention,777,1120,na,lombok,Lombok192,0.5,162,345,625,15252,51.058695737339136,0.3730061349688428,0.42784243251245563
E1,q2_x3_loro_lombok_seed777,pooled_loro,intervention,777,1120,na,lombok,Lombok193,0.5,46,1118,259,14961,61.0,0.13633904418349027,0.1436716077532687
E1,q2_x3_loro_lombok_seed777,pooled_loro,intervention,777,1120,na,lombok,Lombok194,0.5,78,99,240,15967,74.13140498988996,0.41167071077659634,0.4678184097221144
E1,q2_x3_loro_lombok_seed777,pooled_loro,intervention,777,1120,na,lombok,Lombok195,0.5,433,70,509,15372,18.99723663613911,0.7378204885672488,0.8091993185685131
E1,q2_x3_loro_lombok_seed777,pooled_loro,intervention,777,1120,na,lombok,Lombok196,0.5,577,97,389,15321,14.0,0.8109096821391784,0.8810061774386335
E1,q2_x3_loro_lombok_seed777,pooled_loro,intervention,777,1120,na,lombok,Lombok197,0.5,197,79,554,15554,47.252101856380335,0.464266436359309,0.5151261879934037
E1,q2_x3_loro_lombok_seed777,pooled_loro,intervention,777,1120,na,lombok,Lombok198,0.5,45,120,761,15458,99.55848902392444,0.11478238223877583,0.15276695245492214
E1,q2_x3_loro_lombok_seed777,pooled_loro,intervention,777,1120,na,lombok,Lombok199,0.5,184,558,772,14870,98.93885024627362,0.11785465521210857,0.2409375851726874
E1,q2_x3_loro_lombok_seed777,pooled_loro,intervention,777,1120,na,lombok,Lombok200,0.5,305,1850,596,13633,41.0,0.0851970181039105,0.17897798505546403
E1,q2_x3_loro_lombok_seed777,pooled_loro,intervention,777,1120,na,lombok,Lombok201,0.5,691,5950,188,9555,24.669671386557976,0.1535235406790095,0.24790802771038162
E1,q2_x3_loro_lombok_seed777,pooled_loro,intervention,777,1120,na,lombok,Lombok202,0.5,1387,7447,286,7264,65.03076195155643,0.15416648142338168,0.24009415456994262
E1,q2_x3_loro_lombok_seed777,pooled_loro,intervention,777,1120,na,lombok,Lombok203,0.5,589,8678,498,6619,73.80548567714634,0.29616941332436464,0.3971214568947979
E1,q2_x3_loro_lombok_seed777,pooled_loro,intervention,777,1120,na,lombok,Lombok204,0.5,1008,11006,685,3685,50.229083811770934,0.18098571045211959,0.29485262670454726
E1,q2_x3_loro_lombok_seed777,pooled_loro,intervention,777,1120,na,lombok,Lombok205,0.5,1233,3915,2322,8914,51.803465587828924,0.10256299991360274,0.1607259080770988
E1,q2_x3_loro_lombok_seed777,pooled_loro,intervention,777,1120,na,lombok,Lombok206,0.5,15,148,2918,13303,81.32158367418454,0.012628511292613382,0.03897435897417326
E1,q2_x3_loro_lombok_seed777,pooled_loro,intervention,777,1120,na,lombok,Lombok207,0.5,11,269,1634,14470,101.97218439216333,0.03469219182711766,0.04735267334433737
E1,q2_x3_loro_lombok_seed777,pooled_loro,intervention,777,1120,na,lombok,Lombok208,0.5,51,1226,737,14370,69.72087205421343,0.16838456626786155,0.22268851287955804
E1,q2_x3_loro_lombok_seed777,pooled_loro,intervention,777,1120,na,lombok,Lombok209,0.5,96,1936,117,14235,57.21887800367987,0.2269195094297942,0.33097569822240747
E1,q2_x3_loro_lombok_seed777,pooled_loro,intervention,777,1120,na,lombok,Lombok210,0.5,32,4584,18,11750,50.11835948461198,0.06576561727369337,0.11171613637969205
E1,q2_x3_loro_lombok_seed777,pooled_loro,intervention,777,1120,na,lombok,Lombok211,0.5,66,4628,54,11636,58.23830303395088,0.11727839657458575,0.19466347802073278
E1,q2_x3_loro_lombok_seed777,pooled_loro,intervention,777,1120,na,lombok,Lombok212,0.5,8,1777,88,14511,107.67914525629264,0.05029337803835755,0.05321844906222604
E1,q2_x3_loro_lombok_seed777,pooled_loro,intervention,777,1120,na,lombok,Lombok213,0.5,59,3920,328,12077,59.07622195096772,0.09479090242083305,0.14846249705273895
E1,q2_x3_loro_lombok_seed777,pooled_loro,intervention,777,1120,na,lombok,Lombok214,0.5,138,2613,1143,12490,58.614408456041794,0.1768095293911089,0.2593579072527866
E1,q2_x3_loro_lombok_seed777,pooled_loro,intervention,777,1120,na,lombok,Lombok215,0.5,16,58,1504,14806,98.45506208987788,0.06437521554188888,0.14389407354211708
E1,q2_x3_loro_lombok_seed777,pooled_loro,intervention,777,1120,na,lombok,Lombok216,0.5,0,0,1002,15382,181.01933598375618,0.0,0.0
E1,q2_x3_loro_lombok_seed777,pooled_loro,intervention,777,1120,na,lombok,Lombok217,0.5,0,0,850,15534,181.01933598375618,0.0,0.0
E1,q2_x3_loro_lombok_seed777,pooled_loro,intervention,777,1120,na,lombok,Lombok218,0.5,0,425,30,15929,59.14085422657566,0.0,0.0
E1,q2_x3_loro_lombok_seed777,pooled_loro,intervention,777,1120,na,lombok,Lombok219,0.5,0,120,57,16207,71.01971439982333,0.0,0.0
E1,q2_x3_loro_lombok_seed777,pooled_loro,intervention,777,1120,na,lombok,Lombok220,0.5,0,939,31,15414,41.58544018737236,0.0,0.0
E1,q2_x3_loro_lombok_seed777,pooled_loro,intervention,777,1120,na,lombok,Lombok221,0.5,0,2018,47,14319,58.83705520163055,0.0,0.0
E1,q2_x3_loro_lombok_seed777,pooled_loro,intervention,777,1120,na,lombok,Lombok222,0.5,0,798,71,15515,43.69196082855886,0.0,0.0
E1,q2_x3_loro_lombok_seed777,pooled_loro,intervention,777,1120,na,lombok,Lombok223,0.5,0,42,25,16317,83.98464659721137,0.0,0.0
E1,q2_x3_loro_lombok_seed777,pooled_loro,intervention,777,1120,na,lombok,Lombok224,0.5,0,0,25,16359,181.01933598375618,0.0,0.0
E1,q2_x3_loro_lombok_seed777,pooled_loro,intervention,777,1120,na,lombok,Lombok230,0.5,522,236,268,15358,9.31425384355806,0.787138263665097,0.88403874322212
E1,q2_x3_loro_lombok_seed777,pooled_loro,intervention,777,1120,na,lombok,Lombok231,0.5,155,102,263,15864,39.27873280503527,0.5172705245952498,0.5739902596839221
E1,q2_x3_loro_lombok_seed777,pooled_loro,intervention,777,1120,na,lombok,Lombok232,0.5,10,276,315,15783,66.10671008309852,0.11525423728770898,0.14848143981959694
E1,q2_x3_loro_lombok_seed777,pooled_loro,intervention,777,1120,na,lombok,Lombok233,0.5,1551,1519,482,12832,65.23944869540641,0.382495948135644,0.4970461034000172
E1,q2_x3_loro_lombok_seed777,pooled_loro,intervention,777,1120,na,lombok,Lombok234,0.5,1945,5535,1,8903,29.3699863387765,0.2287906249219791,0.25346162872521927
E1,q2_x3_loro_lombok_seed777,pooled_loro,intervention,777,1120,na,lombok,Lombok235,0.5,206,5504,0,10674,94.61762478969598,0.013086150490307279,0.11442456372823877
E1,q2_x3_loro_lombok_seed777,pooled_loro,intervention,777,1120,na,lombok,Lombok236,0.5,197,9639,0,6548,79.15048812280455,0.030445813700142314,0.06738868832688122
E1,q2_x3_loro_lombok_seed777,pooled_loro,intervention,777,1120,na,lombok,Lombok237,0.5,76,12398,0,3910,121.57396604729507,0.0,0.0
E1,q2_x3_loro_lombok_seed777,pooled_loro,intervention,777,1120,na,lombok,Lombok238,0.5,1244,12483,663,1994,66.41535583262024,0.14746621384517025,0.2292420052466324
E1,q2_x3_loro_lombok_seed777,pooled_loro,intervention,777,1120,na,lombok,Lombok239,0.5,1294,5561,4165,5364,60.239025674250435,0.08710440697987812,0.1504770001449914
E1,q2_x3_loro_lombok_seed777,pooled_loro,intervention,777,1120,na,lombok,Lombok240,0.5,8,27,6610,9739,137.55507972149155,0.005263322785788922,0.005277707966818574
E1,q2_x3_loro_lombok_seed777,pooled_loro,intervention,777,1120,na,lombok,Lombok241,0.5,2,1,4267,12114,128.07067862842902,0.005194805194800012,0.0072651790347618315
E1,q2_x3_loro_lombok_seed777,pooled_loro,intervention,777,1120,na,lombok,Lombok242,0.5,320,481,1545,14038,35.99143755779416,0.4311809763594547,0.5728206000948872
E1,q2_x3_loro_lombok_seed777,pooled_loro,intervention,777,1120,na,lombok,Lombok243,0.5,614,1677,227,13866,18.867962264113206,0.5378631575692889,0.706382978722937
E1,q2_x3_loro_lombok_seed777,pooled_loro,intervention,777,1120,na,lombok,Lombok244,0.5,190,3553,50,12591,49.52773301629176,0.20904879733952167,0.28523824256521507
E1,q2_x3_loro_lombok_seed777,pooled_loro,intervention,777,1120,na,lombok,Lombok245,0.5,19,4501,18,11846,77.7442498424848,0.05544500370667023,0.11271756146963945
E1,q2_x3_loro_lombok_seed777,pooled_loro,intervention,777,1120,na,lombok,Lombok246,0.5,291,3147,237,12709,75.73305219254834,0.22823685613817632,0.32761411459987
E1,q2_x3_loro_lombok_seed777,pooled_loro,intervention,777,1120,na,lombok,Lombok247,0.5,324,1856,803,13401,59.98957362980419,0.2397108718095134,0.35684446083309257
E1,q2_x3_loro_lombok_seed777,pooled_loro,intervention,777,1120,na,lombok,Lombok248,0.5,1,0,1171,15212,109.16684449157151,0.002628120893558479,0.03617571059427972
E1,q2_x3_loro_lombok_seed777,pooled_loro,intervention,777,1120,na,lombok,Lombok249,0.5,0,0,752,15632,181.01933598375618,0.0,0.0
E1,q2_x3_loro_lombok_seed777,pooled_loro,intervention,777,1120,na,lombok,Lombok250,0.5,0,0,635,15749,181.01933598375618,0.0,0.0
E1,q2_x3_loro_lombok_seed777,pooled_loro,intervention,777,1120,na,lombok,Lombok251,0.5,0,51,33,16300,74.13441253639317,0.0,0.0
E1,q2_x3_loro_lombok_seed777,pooled_loro,intervention,777,1120,na,lombok,Lombok252,0.5,0,73,62,16249,60.426372089092254,0.0,0.0
E1,q2_x3_loro_lombok_seed777,pooled_loro,intervention,777,1120,na,lombok,Lombok253,0.5,0,261,30,16093,30.257305068109407,0.0,0.0
E1,q2_x3_loro_lombok_seed777,pooled_loro,intervention,777,1120,na,lombok,Lombok254,0.5,17,354,82,15931,70.28226582450851,0.2005059021917926,0.22915340547378865
E1,q2_x3_loro_lombok_seed777,pooled_loro,intervention,777,1120,na,lombok,Lombok255,0.5,25,285,219,15855,36.19698955588434,0.2251701565001349,0.307903780068242
E1,q2_x3_loro_lombok_seed777,pooled_loro,intervention,777,1120,na,lombok,Lombok256,0.5,5,18,142,16219,44.30774563387543,0.17444529456726723,0.21730382293713973
E1,q2_x3_loro_lombok_seed777,pooled_loro,intervention,777,1120,na,lombok,Lombok260,0.5,24,3541,393,12426,67.52534645730954,0.09480034472802926,0.15955983493762113
E1,q2_x3_loro_lombok_seed777,pooled_loro,intervention,777,1120,na,lombok,Lombok261,0.5,2332,2124,746,11182,32.19067854168671,0.25370137294228207,0.3514838249705761
E1,q2_x3_loro_lombok_seed777,pooled_loro,intervention,777,1120,na,lombok,Lombok262,0.5,2833,2834,0,10717,26.570660511172846,0.2973286875721648,0.33305643782024197
E1,q2_x3_loro_lombok_seed777,pooled_loro,intervention,777,1120,na,lombok,Lombok263,0.5,66,4576,0,11742,143.9519667817433,0.0,0.0
E1,q2_x3_loro_lombok_seed777,pooled_loro,intervention,777,1120,na,lombok,Lombok264,0.5,81,11381,0,4922,86.3342338333383,0.0,0.0
E1,q2_x3_loro_lombok_seed777,pooled_loro,intervention,777,1120,na,lombok,Lombok265,0.5,109,15663,0,612,64.1084449605748,0.0,0.0
E1,q2_x3_loro_lombok_seed777,pooled_loro,intervention,777,1120,na,lombok,Lombok266,0.5,863,15498,2,21,101.86855299624851,0.030927835051213038,0.04195804195763294
E1,q2_x3_loro_lombok_seed777,pooled_loro,intervention,777,1120,na,lombok,Lombok267,0.5,1065,7633,5088,2598,54.120236510939236,0.07643981172826213,0.12348783471494736
E1,q2_x3_loro_lombok_seed777,pooled_loro,intervention,777,1120,na,lombok,Lombok268,0.5,483,57,9434,6410,94.14987533268787,0.0640410737269289,0.09564755325815898
E1,q2_x3_loro_lombok_seed777,pooled_loro,intervention,777,1120,na,lombok,Lombok269,0.5,943,72,4806,10563,95.27328591464723,0.10423769609070158,0.1623486406212669
E1,q2_x3_loro_lombok_seed777,pooled_loro,intervention,777,1120,na,lombok,Lombok270,0.5,328,207,2228,13621,59.158252049228004,0.32145834732720735,0.4220714486199407
E1,q2_x3_loro_lombok_seed777,pooled_loro,intervention,777,1120,na,lombok,Lombok271,0.5,1252,1971,378,12783,20.518284528683193,0.6186166293770379,0.7583803850638604
E1,q2_x3_loro_lombok_seed777,pooled_loro,intervention,777,1120,na,lombok,Lombok272,0.5,244,4127,56,11957,41.36357849046029,0.25355397380291017,0.35145781773952667
E1,q2_x3_loro_lombok_seed777,pooled_loro,intervention,777,1120,na,lombok,Lombok273,0.5,163,5025,110,11086,45.03323339960119,0.15460258196810747,0.21617490618043111
E1,q2_x3_loro_lombok_seed777,pooled_loro,intervention,777,1120,na,lombok,Lombok274,0.5,67,1565,144,14608,82.29523034922835,0.18237357167074253,0.19698447228242516
E1,q2_x3_loro_lombok_seed777,pooled_loro,intervention,777,1120,na,lombok,Lombok275,0.5,1,1090,15,15278,133.51205855551922,0.01793721973090647,0.018045112781931116
E1,q2_x3_loro_lombok_seed777,pooled_loro,intervention,777,1120,na,lombok,Lombok276,0.5,240,109,54,15981,66.77041192814403,0.5493345571358111,0.6055508830945431
E1,q2_x3_loro_lombok_seed777,pooled_loro,intervention,777,1120,na,lombok,Lombok277,0.5,229,73,150,15932,63.49285299189125,0.40894039735053545,0.48681541582105553
E1,q2_x3_loro_lombok_seed777,pooled_loro,intervention,777,1120,na,lombok,Lombok278,0.5,0,0,213,16171,181.01933598375618,0.0,0.0
E1,q2_x3_loro_lombok_seed777,pooled_loro,intervention,777,1120,na,lombok,Lombok279,0.5,0,0,171,16213,181.01933598375618,0.0,0.0
E1,q2_x3_loro_lombok_seed777,pooled_loro,intervention,777,1120,na,lombok,Lombok280,0.5,0,0,144,16240,181.01933598375618,0.0,0.0
E1,q2_x3_loro_lombok_seed777,pooled_loro,intervention,777,1120,na,lombok,Lombok281,0.5,0,27,17,16340,88.76528380587119,0.0,0.0
E1,q2_x3_loro_lombok_seed777,pooled_loro,intervention,777,1120,na,lombok,Lombok282,0.5,0,5,23,16356,83.67722998882682,0.0,0.0
E1,q2_x3_loro_lombok_seed777,pooled_loro,intervention,777,1120,na,lombok,Lombok283,0.5,19,142,44,16179,24.16809592040608,0.4875640087778468,0.6373107376019483
E1,q2_x3_loro_lombok_seed777,pooled_loro,intervention,777,1120,na,lombok,Lombok284,0.5,35,168,161,16020,40.37092290094355,0.3928181619729108,0.4587560652840851
E1,q2_x3_loro_lombok_seed777,pooled_loro,intervention,777,1120,na,lombok,Lombok285,0.5,23,23,134,16204,50.456186132152894,0.29518716577503895,0.29518716577503895
E1,q2_x3_loro_lombok_seed777,pooled_loro,intervention,777,1120,na,lombok,Lombok286,0.5,0,37,51,16296,68.13735454507086,0.0,0.0
E1,q2_x3_loro_lombok_seed777,pooled_loro,intervention,777,1120,na,lombok,Lombok287,0.5,0,11,60,16313,85.88853532489864,0.0,0.0
E1,q2_x3_loro_lombok_seed777,pooled_loro,intervention,777,1120,na,lombok,Lombok288,0.5,0,2909,33,13442,120.96524764104873,0.0,0.0
E1,q2_x3_loro_lombok_seed777,pooled_loro,intervention,777,1120,na,lombok,Lombok290,0.5,62,9486,305,6531,90.22153954884682,0.1455026455021546,0.23970951099100454
E1,q2_x3_loro_lombok_seed777,pooled_loro,intervention,777,1120,na,lombok,Lombok291,0.5,1144,1802,888,12550,52.37281723059191,0.2753469706254429,0.4341483630330732
E1,q2_x3_loro_lombok_seed777,pooled_loro,intervention,777,1120,na,lombok,Lombok292,0.5,1939,6707,28,7710,31.736363599166495,0.06994171523681739,0.12390222897046556
E1,q2_x3_loro_lombok_seed777,pooled_loro,intervention,777,1120,na,lombok,Lombok293,0.5,258,7300,0,8826,77.44189914220001,0.0,0.0
E1,q2_x3_loro_lombok_seed777,pooled_loro,intervention,777,1120,na,lombok,Lombok294,0.5,165,9049,0,7170,77.0064521899332,0.0,0.0
E1,q2_x3_loro_lombok_seed777,pooled_loro,intervention,777,1120,na,lombok,Lombok295,0.5,146,14230,0,2008,56.95962574384999,0.0,0.0
E1,q2_x3_loro_lombok_seed777,pooled_loro,intervention,777,1120,na,lombok,Lombok296,0.5,620,14610,63,1091,51.0,0.08223510806493504,0.15068493150640005
E1,q2_x3_loro_lombok_seed777,pooled_loro,intervention,777,1120,na,lombok,Lombok297,0.5,822,6942,4613,4007,61.34519358403,0.06495360456773298,0.10015400665664409
E1,q2_x3_loro_lombok_seed777,pooled_loro,intervention,777,1120,na,lombok,Lombok298,0.5,955,346,6805,8278,69.52697318307479,0.11520886831127851,0.24093934337736542
E1,q2_x3_loro_lombok_seed777,pooled_loro,intervention,777,1120,na,lombok,Lombok299,0.5,1265,383,2394,12342,43.15021650296708,0.1638561638559038,0.2691719005644404
E1,q2_x3_loro_lombok_seed777,pooled_loro,intervention,777,1120,na,lombok,Lombok300,0.5,465,377,1533,14009,47.38143096192854,0.45580110497192267,0.5928896808479072
E1,q2_x3_loro_lombok_seed777,pooled_loro,intervention,777,1120,na,lombok,Lombok301,0.5,800,569,650,14365,57.982756057296896,0.6349680920957427,0.7385079125842813
E1,q2_x3_loro_lombok_seed777,pooled_loro,intervention,777,1120,na,lombok,Lombok302,0.5,60,1037,106,15181,63.93074769207551,0.24933960226573074,0.3714957949535084
E1,q2_x3_loro_lombok_seed777,pooled_loro,intervention,777,1120,na,lombok,Lombok303,0.5,142,1716,112,14414,41.91637845740482,0.2650822669101182,0.35608777925237645
E1,q2_x3_loro_lombok_seed777,pooled_loro,intervention,777,1120,na,lombok,Lombok304,0.5,88,541,119,15636,41.61970659329516,0.3204341926726235,0.34429594489771354
E1,q2_x3_loro_lombok_seed777,pooled_loro,intervention,777,1120,na,lombok,Lombok305,0.5,3,24,13,16344,92.36495659978053,0.29177718832857813,0.29702970296997944
E1,q2_x3_loro_lombok_seed777,pooled_loro,intervention,777,1120,na,lombok,Lombok306,0.5,0,32,19,16333,116.72507635326889,0.0,0.0
E1,q2_x3_loro_lombok_seed777,pooled_loro,intervention,777,1120,na,lombok,Lombok307,0.5,25,84,149,16126,16.824903099319418,0.45349647641863194,0.5618415918840103
E1,q2_x3_loro_lombok_seed777,pooled_loro,intervention,777,1120,na,lombok,Lombok308,0.5,48,42,374,15920,27.52018800700794,0.3425733172634646,0.557746478872806
E1,q2_x3_loro_lombok_seed777,pooled_loro,intervention,777,1120,na,lombok,Lombok309,0.5,62,6,558,15758,56.98637695221106,0.30962578108516664,0.48275862068928893
E1,q2_x3_loro_lombok_seed777,pooled_loro,intervention,777,1120,na,lombok,Lombok310,0.5,29,4,586,15765,22.313556835850882,0.2323049001812829,0.3575042158513084
E1,q2_x3_loro_lombok_seed777,pooled_loro,intervention,777,1120,na,lombok,Lombok311,0.5,28,5,539,15812,39.24405631799454,0.2890624999997527,0.43010752688138276
E1,q2_x3_loro_lombok_seed777,pooled_loro,intervention,777,1120,na,lombok,Lombok313,0.5,1,117,46,16220,90.00888820316173,0.024096385542034547,0.02492809204210871
E1,q2_x3_loro_lombok_seed777,pooled_loro,intervention,777,1120,na,lombok,Lombok314,0.5,0,180,17,16187,108.86392393266127,0.0,0.0
E1,q2_x3_loro_lombok_seed777,pooled_loro,intervention,777,1120,na,lombok,Lombok315,0.5,19,3656,36,12673,33.97477969584522,0.0,0.023006134968992318
E1,q2_x3_loro_lombok_seed777,pooled_loro,intervention,777,1120,na,lombok,Lombok316,0.5,10,1748,83,14543,53.18456808493381,0.1299951853630239,0.1671200932758318
E1,q2_x3_loro_lombok_seed777,pooled_loro,intervention,777,1120,na,lombok,Lombok317,0.5,0,792,75,15517,74.54389071144465,0.0,0.0
E1,q2_x3_loro_lombok_seed777,pooled_loro,intervention,777,1120,na,lombok,Lombok318,0.5,0,5453,28,10903,114.98238995212168,0.0,0.0
E1,q2_x3_loro_lombok_seed777,pooled_loro,intervention,777,1120,na,lombok,Lombok321,0.5,63,1111,317,14893,55.8321204222807,0.19757411218586482,0.28073422798037306
E1,q2_x3_loro_lombok_seed777,pooled_loro,intervention,777,1120,na,lombok,Lombok322,0.5,149,457,374,15404,91.00274716981383,0.32911392405019135,0.4183749073840794
E1,q2_x3_loro_lombok_seed777,pooled_loro,intervention,777,1120,na,lombok,Lombok323,0.5,42,2773,150,13419,52.22834184587096,0.040721888014372265,0.07194382995046741
E1,q2_x3_loro_lombok_seed777,pooled_loro,intervention,777,1120,na,lombok,Lombok324,0.5,45,2206,114,14019,43.72179201900441,0.08421052631542249,0.1253731343280311
E1,q2_x3_loro_lombok_seed777,pooled_loro,intervention,777,1120,na,lombok,Lombok325,0.5,42,4461,114,11767,70.04521062472443,0.07402185407084494,0.11707317073134102
E1,q2_x3_loro_lombok_seed777,pooled_loro,intervention,777,1120,na,lombok,Lombok326,0.5,48,4728,166,11442,66.28385761909955,0.09418151776186973,0.14548298787597333
E1,q2_x3_loro_lombok_seed777,pooled_loro,intervention,777,1120,na,lombok,Lombok327,0.5,115,2622,1602,12045,68.91298250487542,0.07029652351689102,0.11633906000053942
E1,q2_x3_loro_lombok_seed777,pooled_loro,intervention,777,1120,na,lombok,Lombok328,0.5,172,587,2188,13437,39.670433752935615,0.16637290592473003,0.2249114068478715
E1,q2_x3_loro_lombok_seed777,pooled_loro,intervention,777,1120,na,lombok,Lombok329,0.5,376,1675,906,13427,32.284669392088304,0.3373333333328395,0.4509724473252744
E1,q2_x3_loro_lombok_seed777,pooled_loro,intervention,777,1120,na,lombok,Lombok330,0.5,307,1143,689,14245,39.408120990476064,0.35745416858225687,0.4417404313671742
E1,q2_x3_loro_lombok_seed777,pooled_loro,intervention,777,1120,na,lombok,Lombok331,0.5,64,52,586,15682,59.874397709376595,0.3168419685751897,0.39043824701163793
E1,q2_x3_loro_lombok_seed777,pooled_loro,intervention,777,1120,na,lombok,Lombok332,0.5,3,5,94,16282,110.17000037356982,0.10084033613432837,0.10084033613432837
E1,q2_x3_loro_lombok_seed777,pooled_loro,intervention,777,1120,na,lombok,Lombok333,0.5,2,525,12,15845,84.14600325668914,0.02420574886531696,0.02425876010778228
E1,q2_x3_loro_lombok_seed777,pooled_loro,intervention,777,1120,na,lombok,Lombok334,0.5,7,315,96,15966,73.62469989679884,0.10050251256244287,0.10735586481081946
E1,q2_x3_loro_lombok_seed777,pooled_loro,intervention,777,1120,na,lombok,Lombok335,0.5,6,8,92,16278,100.73462122842824,0.23816793893105848,0.32711621233828514
E1,q2_x3_loro_lombok_seed777,pooled_loro,intervention,777,1120,na,lombok,Lombok336,0.5,24,29,111,16220,17.656096159145257,0.48916064480224836,0.6201550387592187
E1,q2_x3_loro_lombok_seed777,pooled_loro,intervention,777,1120,na,lombok,Lombok337,0.5,47,26,314,15997,32.22575768470172,0.33770014556007455,0.5606663657621502
E1,q2_x3_loro_lombok_seed777,pooled_loro,intervention,777,1120,na,lombok,Lombok338,0.5,69,6,536,15773,30.155664753766597,0.3183260996304738,0.4904458598722412
E1,q2_x3_loro_lombok_seed777,pooled_loro,intervention,777,1120,na,lombok,Lombok339,0.5,74,4,800,15506,22.05668396823526,0.2675402675399981,0.4087968952131288
E1,q2_x3_loro_lombok_seed777,pooled_loro,intervention,777,1120,na,lombok,Lombok340,0.5,68,2,756,15558,21.352905092806623,0.2835096744020017,0.4879356568360922
E1,q2_x3_loro_lombok_seed777,pooled_loro,intervention,777,1120,na,lombok,Lombok342,0.5,17,150,142,16075,80.76012190887046,0.20680272108794273,0.2340960523002654
E1,q2_x3_loro_lombok_seed777,pooled_loro,intervention,777,1120,na,lombok,Lombok343,0.5,19,241,100,16024,65.81596883991409,0.20467836257264746,0.2307009760422045
E1,q2_x3_loro_lombok_seed777,pooled_loro,intervention,777,1120,na,lombok,Lombok344,0.5,0,232,31,16121,57.51300834251694,0.0,0.0
E1,q2_x3_loro_lombok_seed777,pooled_loro,intervention,777,1120,na,lombok,Lombok345,0.5,0,8,18,16358,33.409514761745186,0.0,0.0
E1,q2_x3_loro_lombok_seed777,pooled_loro,intervention,777,1120,na,lombok,Lombok346,0.5,0,0,56,16328,181.01933598375618,0.0,0.0
E1,q2_x3_loro_lombok_seed777,pooled_loro,intervention,777,1120,na,lombok,Lombok347,0.5,13,3715,141,12515,48.06245260897203,0.03896736483163476,0.10199714693249516
E1,q2_x3_loro_lombok_seed777,pooled_loro,intervention,777,1120,na,lombok,Lombok348,0.5,55,135,171,16023,64.02889933921774,0.47001223990158547,0.5669988220682046
E1,q2_x3_loro_lombok_seed777,pooled_loro,intervention,777,1120,na,lombok,Lombok349,0.5,7,131,157,16089,67.66494751653416,0.09537166900371226,0.11304347826041457
E1,q2_x3_loro_lombok_seed777,pooled_loro,intervention,777,1120,na,lombok,Lombok352,0.5,0,178,19,16187,66.68469812257518,0.0,0.0
E1,q2_x3_loro_lombok_seed777,pooled_loro,intervention,777,1120,na,lombok,Lombok354,0.5,62,230,39,16053,69.65267654133632,0.45130333290060504,0.4896472159810885
E1,q2_x3_loro_lombok_seed777,pooled_loro,intervention,777,1120,na,lombok,Lombok355,0.5,50,306,146,15882,57.29999999999998,0.24748700173260899,0.27770586922512047
E1,q2_x3_loro_lombok_seed777,pooled_loro,intervention,777,1120,na,lombok,Lombok356,0.5,0,4,199,16181,75.13386736048479,0.0,0.0
E1,q2_x3_loro_lombok_seed777,pooled_loro,intervention,777,1120,na,lombok,Lombok357,0.5,0,2,92,16290,164.23793377208267,0.0,0.0
E1,q2_x3_loro_lombok_seed777,pooled_loro,intervention,777,1120,na,lombok,Lombok358,0.5,0,12,93,16279,119.68655036932964,0.0,0.0
E1,q2_x3_loro_lombok_seed777,pooled_loro,intervention,777,1120,na,lombok,Lombok359,0.5,0,106,181,16097,96.59659796792273,0.0,0.0
E1,q2_x3_loro_lombok_seed777,pooled_loro,intervention,777,1120,na,lombok,Lombok360,0.5,0,48,198,16138,132.61965307453798,0.0,0.0
E1,q2_x3_loro_lombok_seed777,pooled_loro,intervention,777,1120,na,lombok,Lombok361,0.5,0,74,284,16026,124.90311269113177,0.007462686566920807,0.008032128513915259
E1,q2_x3_loro_lombok_seed777,pooled_loro,intervention,777,1120,na,lombok,Lombok362,0.5,4,182,237,15961,108.70714171094534,0.0444444444440158,0.060235507246057134
E1,q2_x3_loro_lombok_seed777,pooled_loro,intervention,777,1120,na,lombok,Lombok363,0.5,65,849,70,15400,61.067583759448674,0.17401513175011976,0.33793103448226913
E1,q2_x3_loro_lombok_seed777,pooled_loro,intervention,777,1120,na,lombok,Lombok364,0.5,136,344,242,15662,12.11595286787478,0.5117596443419637,0.6890447606239926
E1,q2_x3_loro_lombok_seed777,pooled_loro,intervention,777,1120,na,lombok,Lombok365,0.5,78,19,468,15819,44.64563581975325,0.4243913334818956,0.5710281752466755
E1,q2_x3_loro_lombok_seed777,pooled_loro,intervention,777,1120,na,lombok,Lombok366,0.5,15,6,234,16129,49.58325844338889,0.1858890913822492,0.3122362869195677
E1,q2_x3_loro_lombok_seed777,pooled_loro,intervention,777,1120,na,lombok,Lombok367,0.5,0,0,21,16363,181.01933598375618,0.0,0.0
E1,q2_x3_loro_lombok_seed777,pooled_loro,intervention,777,1120,na,lombok,Lombok368,0.5,0,0,18,16366,181.01933598375618,0.0,0.0
E1,q2_x3_loro_lombok_seed777,pooled_loro,intervention,777,1120,na,lombok,Lombok369,0.5,5,0,57,16322,65.42576033765455,0.657534246574901,0.8333333333328471
E1,q2_x3_loro_lombok_seed777,pooled_loro,intervention,777,1120,na,lombok,Lombok370,0.5,17,3,139,16225,46.09772228646444,0.3977272727269541,0.4756756756753131
E1,q2_x3_loro_lombok_seed777,pooled_loro,intervention,777,1120,na,lombok,Lombok371,0.5,15,3,126,16240,82.45921977722844,0.33333333333305554,0.3647798742135382
E1,q2_x3_loro_lombok_seed777,pooled_loro,intervention,777,1120,na,lombok,Lombok372,0.5,9,0,56,16319,63.49286765518417,0.45070422535176347,0.5333333333329422
E1,q2_x3_loro_lombok_seed777,pooled_loro,intervention,777,1120,na,lombok,Lombok373,0.5,0,0,73,16311,181.01933598375618,0.0,0.0
E1,q2_x3_loro_lombok_seed777,pooled_loro,intervention,777,1120,na,lombok,Lombok374,0.5,0,0,72,16312,181.01933598375618,0.0,0.0
E1,q2_x3_loro_lombok_seed777,pooled_loro,intervention,777,1120,na,lombok,Lombok375,0.5,21,0,251,16112,83.48667707339904,0.18384401114181753,0.3815028901731016
E1,q2_x3_loro_lombok_seed777,pooled_loro,intervention,777,1120,na,lombok,Lombok376,0.5,21,0,249,16114,82.17597019924321,0.18612521150567587,0.38596491228039026
E1,q2_x3_loro_lombok_seed777,pooled_loro,intervention,777,1120,na,lombok,Lombok377,0.5,20,131,275,15958,47.069090651311384,0.1523093660365162,0.19443535188166058
E1,q2_x3_loro_lombok_seed777,pooled_loro,intervention,777,1120,na,lombok,Lombok378,0.5,26,1298,283,14777,48.999178495480464,0.12249280590941322,0.13340753106985256
E1,q2_x3_loro_lombok_seed777,pooled_loro,intervention,777,1120,na,lombok,Lombok379,0.5,0,2266,42,14076,45.702658698313826,0.0,0.008064516128756275
E1,q2_x3_loro_lombok_seed777,pooled_loro,intervention,777,1120,na,lombok,Lombok380,0.5,0,811,20,15553,43.918357798105305,0.0,0.0
E1,q2_x3_loro_lombok_seed777,pooled_loro,intervention,777,1120,na,lombok,Lombok381,0.5,0,1,83,16300,100.06205909514294,0.11363636363625644,0.25263157894714766
E1,q2_x3_loro_lombok_seed777,pooled_loro,intervention,777,1120,na,lombok,Lombok382,0.5,67,3398,157,12762,40.20693052891393,0.08121827411120523,0.13211009174263577
E1,q2_x3_loro_lombok_seed777,pooled_loro,intervention,777,1120,na,lombok,Lombok383,0.5,36,131,263,15954,63.021817031497655,0.32012934518952574,0.399189641503959
E1,q2_x3_loro_lombok_seed777,pooled_loro,intervention,777,1120,na,lombok,Lombok384,0.5,8,182,238,15956,54.128484219730474,0.0725440806040343,0.09119323404991841
E1,q2_x3_loro_lombok_seed777,pooled_loro,intervention,777,1120,na,lombok,Lombok385,0.5,8,602,95,15679,75.81807744200725,0.039268183846201545,0.042735042734850216
E1,q2_x3_loro_lombok_seed777,pooled_loro,intervention,777,1120,na,lombok,Lombok386,0.5,0,713,16,15655,85.83471561160455,0.0,0.0
E1,q2_x3_loro_lombok_seed777,pooled_loro,intervention,777,1120,na,lombok,Lombok387,0.5,0,217,19,16148,92.07872714746388,0.0,0.0
E1,q2_x3_loro_lombok_seed777,pooled_loro,intervention,777,1120,na,lombok,Lombok388,0.5,69,197,18,16100,35.068348972285115,0.5525363604110377,0.644318181817709
E1,q2_x3_loro_lombok_seed777,pooled_loro,intervention,777,1120,na,lombok,Lombok389,0.5,143,1459,38,14744,32.35097063798923,0.36882546651990483,0.5483577826816295
E1,q2_x3_loro_lombok_seed777,pooled_loro,intervention,777,1120,na,lombok,Lombok390,0.5,85,3257,93,12949,37.743703945074756,0.20483051725881013,0.34913360120496867
E1,q2_x3_loro_lombok_seed777,pooled_loro,intervention,777,1120,na,lombok,Lombok391,0.5,43,1569,95,14677,73.52413197182435,0.07901850696569776,0.12870082465821395
E1,q2_x3_loro_lombok_seed777,pooled_loro,intervention,777,1120,na,lombok,Lombok392,0.5,78,749,136,15421,79.13320769377012,0.2195706544388504,0.3317584577709943
E1,q2_x3_loro_lombok_seed777,pooled_loro,intervention,777,1120,na,lombok,Lombok393,0.5,9,272,291,15812,105.03089213644236,0.10957324106078489,0.16290658693453272
E1,q2_x3_loro_lombok_seed777,pooled_loro,intervention,777,1120,na,lombok,Lombok394,0.5,29,1,369,15985,108.3651035257918,0.11940298507451458,0.1379310344826302
E1,q2_x3_loro_lombok_seed777,pooled_loro,intervention,777,1120,na,lombok,Lombok395,0.5,46,6,603,15729,49.46057440961863,0.20858895705502786,0.27728613569297644
E1,q2_x3_loro_lombok_seed777,pooled_loro,intervention,777,1120,na,lombok,Lombok396,0.5,12,2,411,15959,88.00987267936313,0.15724815724801236,0.23943661971809907
E1,q2_x3_loro_lombok_seed777,pooled_loro,intervention,777,1120,na,lombok,Lombok397,0.5,1,0,38,16345,104.24681677871334,0.3404255319146111,0.40816326530579755
E1,q2_x3_loro_lombok_seed777,pooled_loro,intervention,777,1120,na,lombok,Lombok398,0.5,1,0,18,16365,100.85483820396193,0.34782608695623435,0.34782608695623435
E1,q2_x3_loro_lombok_seed777,pooled_loro,intervention,777,1120,na,lombok,Lombok399,0.5,2,4,77,16301,50.215598041160895,0.18390804597684446,0.3368421052628778
E1,q2_x3_loro_lombok_seed777,pooled_loro,intervention,777,1120,na,lombok,Lombok400,0.5,1,2,67,16314,32.78149769684971,0.11111111111100616,0.2105263157892853
E1,q2_x3_loro_lombok_seed777,pooled_loro,intervention,777,1120,na,lombok,Lombok401,0.5,0,0,21,16363,181.01933598375618,0.0,0.0
E1,q2_x3_loro_lombok_seed777,pooled_loro,intervention,777,1120,na,lombok,Lombok402,0.5,0,0,18,16366,181.01933598375618,0.0,0.0
E1,q2_x3_loro_lombok_seed777,pooled_loro,intervention,777,1120,na,lombok,Lombok403,0.5,1,0,74,16309,118.77645727333422,0.1818181818180165,0.5714285714281633
E1,q2_x3_loro_lombok_seed777,pooled_loro,intervention,777,1120,na,lombok,Lombok404,0.5,2,0,88,16294,118.67180514655442,0.20779220779202157,0.49999999999962497
E1,q2_x3_loro_lombok_seed777,pooled_loro,intervention,777,1120,na,lombok,Lombok405,0.5,10,0,52,16322,87.16879627867914,0.48571428571391795,0.5479452054790542
E1,q2_x3_loro_lombok_seed777,pooled_loro,intervention,777,1120,na,lombok,Lombok406,0.5,10,0,55,16319,63.49286765518417,0.47222222222186144,0.5333333333329422
E1,q2_x3_loro_lombok_seed777,pooled_loro,intervention,777,1120,na,lombok,Lombok407,0.5,0,0,106,16278,181.01933598375618,0.0,0.0
E1,q2_x3_loro_lombok_seed777,pooled_loro,intervention,777,1120,na,lombok,Lombok408,0.5,0,0,152,16232,181.01933598375618,0.0,0.0
E1,q2_x3_loro_lombok_seed777,pooled_loro,intervention,777,1120,na,lombok,Lombok409,0.5,0,0,67,16317,181.01933598375618,0.0,0.0
E1,q2_x3_loro_lombok_seed777,pooled_loro,intervention,777,1120,na,lombok,Lombok410,0.5,0,0,38,16346,181.01933598375618,0.0,0.0
E1,q2_x3_loro_lombok_seed777,pooled_loro,intervention,777,1120,na,lombok,Lombok411,0.5,0,296,194,15894,83.99685150695498,0.0,0.0
E1,q2_x3_loro_lombok_seed777,pooled_loro,intervention,777,1120,na,lombok,Lombok412,0.5,0,712,212,15460,54.88384957491765,0.0,0.0
E1,q2_x3_loro_lombok_seed777,pooled_loro,intervention,777,1120,na,lombok,Lombok413,0.5,0,2099,25,14260,82.68370905855461,0.0,0.0
E1,q2_x3_loro_lombok_seed777,pooled_loro,intervention,777,1120,na,lombok,Lombok414,0.5,0,0,19,16365,181.01933598375618,0.0,0.0
E1,q2_x3_loro_lombok_seed777,pooled_loro,intervention,777,1120,na,lombok,Lombok415,0.5,2,226,92,16064,57.2257494601853,0.040376850605187906,0.040376850605187906
E1,q2_x3_loro_lombok_seed777,pooled_loro,intervention,777,1120,na,lombok,Lombok416,0.5,31,1060,165,15128,32.108783260724,0.08379213105902171,0.20744416873401825
E1,q2_x3_loro_lombok_seed777,pooled_loro,intervention,777,1120,na,lombok,Lombok417,0.5,7,191,151,16035,66.92665277392373,0.19111661652755435,0.24749071909753698
E1,q2_x3_loro_lombok_seed777,pooled_loro,intervention,777,1120,na,lombok,Lombok418,0.5,14,21,80,16269,41.400483088968905,0.3022941970305965,0.32989690721603365
E1,q2_x3_loro_lombok_seed777,pooled_loro,intervention,777,1120,na,lombok,Lombok419,0.5,0,349,57,15978,81.41497563304617,0.0,0.0
E1,q2_x3_loro_lombok_seed777,pooled_loro,intervention,777,1120,na,lombok,Lombok420,0.5,0,303,19,16062,33.13296549670005,0.0,0.0
E1,q2_x3_loro_lombok_seed777,pooled_loro,intervention,777,1120,na,lombok,Lombok421,0.5,6,12,31,16335,34.15,0.31428571428521596,0.31428571428521596
E1,q2_x3_loro_lombok_seed777,pooled_loro,intervention,777,1120,na,lombok,Lombok422,0.5,19,17,40,16308,94.50625997461933,0.6062717770030026,0.642140468226935
E1,q2_x3_loro_lombok_seed777,pooled_loro,intervention,777,1120,na,lombok,Lombok423,0.5,71,39,113,16161,58.33428679984603,0.6170622844386016,0.7037037037032475
E1,q2_x3_loro_lombok_seed777,pooled_loro,intervention,777,1120,na,lombok,Lombok424,0.5,132,759,111,15382,58.45294617524004,0.346818248929083,0.42083249547508184
E1,q2_x3_loro_lombok_seed777,pooled_loro,intervention,777,1120,na,lombok,Lombok425,0.5,238,1343,97,14706,22.29358908979574,0.4661368348301959,0.6079664170199722
E1,q2_x3_loro_lombok_seed777,pooled_loro,intervention,777,1120,na,lombok,Lombok426,0.5,277,544,245,15318,39.54408425665719,0.5992990577384727,0.766044268578705
E1,q2_x3_loro_lombok_seed777,pooled_loro,intervention,777,1120,na,lombok,Lombok427,0.5,245,589,337,15213,49.02853226793378,0.4339389663075224,0.6079021587280146
E1,q2_x3_loro_lombok_seed777,pooled_loro,intervention,777,1120,na,lombok,Lombok428,0.5,102,49,493,15740,44.91515848897129,0.36873156342152813,0.44880785413709934
E1,q2_x3_loro_lombok_seed777,pooled_loro,intervention,777,1120,na,lombok,Lombok429,0.5,62,38,327,15957,40.311288741492746,0.4015998867333387,0.4987965313722158
E1,q2_x3_loro_lombok_seed777,pooled_loro,intervention,777,1120,na,lombok,Lombok430,0.5,4,0,74,16306,109.39429782454513,0.2790697674416203,0.3555555555552632
E1,q2_x3_loro_lombok_seed777,pooled_loro,intervention,777,1120,na,lombok,Lombok431,0.5,0,0,27,16357,181.01933598375618,0.0,0.0
E1,q2_x3_loro_lombok_seed777,pooled_loro,intervention,777,1120,na,lombok,Lombok432,0.5,0,0,27,16357,181.01933598375618,0.0,0.0
E1,q2_x3_loro_lombok_seed777,pooled_loro,intervention,777,1120,na,lombok,Lombok433,0.5,0,6,40,16338,142.4902526570866,0.0,0.0
E1,q2_x3_loro_lombok_seed777,pooled_loro,intervention,777,1120,na,lombok,Lombok434,0.5,0,0,94,16290,181.01933598375618,0.0,0.0
E1,q2_x3_loro_lombok_seed777,pooled_loro,intervention,777,1120,na,lombok,Lombok435,0.5,0,0,54,16330,181.01933598375618,0.0,0.0
E1,q2_x3_loro_lombok_seed777,pooled_loro,intervention,777,1120,na,lombok,Lombok436,0.5,0,0,25,16359,181.01933598375618,0.0,0.0
E1,q2_x3_loro_lombok_seed777,pooled_loro,intervention,777,1120,na,lombok,Lombok437,0.5,0,0,36,16348,181.01933598375618,0.0,0.0
E1,q2_x3_loro_lombok_seed777,pooled_loro,intervention,777,1120,na,lombok,Lombok438,0.5,0,33,43,16308,62.07474207729777,0.0,0.0
E1,q2_x3_loro_lombok_seed777,pooled_loro,intervention,777,1120,na,lombok,Lombok439,0.5,0,276,20,16088,54.93428371942224,0.0,0.0
E1,q2_x3_loro_lombok_seed777,pooled_loro,intervention,777,1120,na,lombok,Lombok440,0.5,0,471,25,15888,57.050851841602736,0.0,0.0
E1,q2_x3_loro_lombok_seed777,pooled_loro,intervention,777,1120,na,lombok,Lombok441,0.5,0,310,34,16040,65.94096228909514,0.0,0.0
E1,q2_x3_loro_lombok_seed777,pooled_loro,intervention,777,1120,na,lombok,Lombok442,0.5,9,1275,46,15054,47.028790311995536,0.02894356005740794,0.04140786749433363
E1,q2_x3_loro_lombok_seed777,pooled_loro,intervention,777,1120,na,lombok,Lombok443,0.5,0,656,89,15639,45.68746253319657,0.0,0.032362459546515426
E1,q2_x3_loro_lombok_seed777,pooled_loro,intervention,777,1120,na,lombok,Lombok444,0.5,6,2017,57,14304,62.12326226236804,0.12485221092410907,0.24633710541943615
E1,q2_x3_loro_lombok_seed777,pooled_loro,intervention,777,1120,na,lombok,Lombok445,0.5,0,31,17,16336,32.422143823562514,0.0,0.0
E1,q2_x3_loro_lombok_seed777,pooled_loro,intervention,777,1120,na,lombok,Lombok446,0.5,6,23,29,16326,22.27823636799203,0.24952741020746078,0.24952741020746078
E1,q2_x3_loro_lombok_seed777,pooled_loro,intervention,777,1120,na,lombok,Lombok447,0.5,2,0,21,16361,143.61636123095917,0.3571428571425637,0.3571428571425637
E1,q2_x3_loro_lombok_seed777,pooled_loro,intervention,777,1120,na,lombok,Lombok448,0.5,108,90,105,16081,37.63161414675539,0.8103913919487591,0.8777777777772853
E1,q2_x3_loro_lombok_seed777,pooled_loro,intervention,777,1120,na,lombok,Lombok449,0.5,217,279,158,15730,14.106206901532737,0.7540785021128298,0.8680445151028474
E1,q2_x3_loro_lombok_seed777,pooled_loro,intervention,777,1120,na,lombok,Lombok450,0.5,131,202,119,15932,52.08214324380059,0.6546393769806786,0.7112462006074027
E1,q2_x3_loro_lombok_seed777,pooled_loro,intervention,777,1120,na,lombok,Lombok451,0.5,175,192,118,15899,32.05905521636541,0.6890182694233119,0.7280727587695303
E1,q2_x3_loro_lombok_seed777,pooled_loro,intervention,777,1120,na,lombok,Lombok452,0.5,337,475,201,15371,25.8860330593555,0.6605395006654263,0.7625994694955248
E1,q2_x3_loro_lombok_seed777,pooled_loro,intervention,777,1120,na,lombok,Lombok453,0.5,270,511,279,15324,33.20084540838063,0.5656102075052476,0.6601278544328607
E1,q2_x3_loro_lombok_seed777,pooled_loro,intervention,777,1120,na,lombok,Lombok454,0.5,122,74,237,15951,43.54529710688374,0.6378194390465066,0.6880907372396242
E1,q2_x3_loro_lombok_seed777,pooled_loro,intervention,777,1120,na,lombok,Lombok455,0.5,73,62,136,16113,32.146552590425955,0.596607463579638,0.6633845249462293
E1,q2_x3_loro_lombok_seed777,pooled_loro,intervention,777,1120,na,lombok,Lombok456,0.5,23,349,50,15962,30.12768151482865,0.33917171386430317,0.39455595270780075
E1,q2_x3_loro_lombok_seed777,pooled_loro,intervention,777,1120,na,lombok,Lombok457,0.5,0,68,26,16290,72.57387739642917,0.0,0.0
E1,q2_x3_loro_lombok_seed777,pooled_loro,intervention,777,1120,na,lombok,Lombok458,0.5,0,43,31,16310,79.16118195925634,0.0,0.0
E1,q2_x3_loro_lombok_seed777,pooled_loro,intervention,777,1120,na,lombok,Lombok459,0.5,0,506,16,15862,44.157657090844296,0.0,0.0
E1,q2_x3_loro_lombok_seed777,pooled_loro,intervention,777,1120,na,lombok,Lombok460,0.5,0,329,20,16035,57.837666584939726,0.0,0.0
E1,q2_x3_loro_lombok_seed777,pooled_loro,intervention,777,1120,na,lombok,Lombok461,0.5,0,3328,24,13032,70.15823173985386,0.0,0.0
E1,q2_x3_loro_lombok_seed777,pooled_loro,intervention,777,1120,na,lombok,Lombok462,0.5,13,4132,5,12234,32.03974282840563,0.017191977077102318,0.06386066763400647
E1,q2_x3_loro_lombok_seed777,pooled_loro,intervention,777,1120,na,lombok,Lombok463,0.5,88,75,107,16114,37.80532503800292,0.7599999999995288,0.8264984227124488
E1,q2_x3_loro_lombok_seed777,pooled_loro,intervention,777,1120,na,lombok,Lombok464,0.5,136,144,128,15976,19.354519885075817,0.7690330870538101,0.8473804100222906
E1,q2_x3_loro_lombok_seed777,pooled_loro,intervention,777,1120,na,lombok,Lombok465,0.5,38,29,58,16259,22.844954892416617,0.7833411324281557,0.8809523809518881
E1,q2_x3_loro_lombok_seed777,pooled_loro,intervention,777,1120,na,lombok,Lombok466,0.5,22,18,97,16247,40.872464076124004,0.4840764331206521,0.5308641975304742
E1,q2_x3_loro_lombok_seed777,pooled_loro,intervention,777,1120,na,lombok,Lombok467,0.5,102,68,189,16025,40.58916288170512,0.6040609137051621,0.6215538847113511
E1,q2_x3_loro_lombok_seed777,pooled_loro,intervention,777,1120,na,lombok,Lombok468,0.5,155,107,183,15939,25.08484661877188,0.7361116495440173,0.7620889748544605
E1,q2_x3_loro_lombok_seed777,pooled_loro,intervention,777,1120,na,lombok,Lombok469,0.5,150,130,118,15986,40.31624708146558,0.7819232790326266,0.8227272727267884
E1,q2_x3_loro_lombok_seed777,pooled_loro,intervention,777,1120,na,lombok,Lombok470,0.5,59,26,62,16237,28.610047714659046,0.8383838383833514,0.888888888888395
E1,q2_x3_loro_lombok_seed777,pooled_loro,intervention,777,1120,na,lombok,Lombok471,0.5,0,1996,16,14372,52.94699619923975,0.0,0.0
E1,q2_x3_loro_lombok_seed777,pooled_loro,intervention,777,1120,na,lombok,Lombok472,0.5,0,40,35,16309,45.00444649343768,0.05172413793061311,0.05172413793061311
E1,q2_x3_loro_lombok_seed777,pooled_loro,intervention,777,1120,na,lombok,Lombok473,0.5,0,0,69,16315,181.01933598375618,0.0,0.0
E1,q2_x3_loro_lombok_seed777,pooled_loro,intervention,777,1120,na,lombok,Lombok474,0.5,0,0,34,16350,181.01933598375618,0.0,0.0
E1,q2_x3_loro_lombok_seed777,pooled_loro,intervention,777,1120,na,lombok,Lombok475,0.5,7,9,34,16334,58.67648410717111,0.38596491228029794,0.4339908952954708
E1,q2_x3_loro_lombok_seed777,pooled_loro,intervention,777,1120,na,lombok,Lombok476,0.5,64,45,115,16160,24.027060784794223,0.6469359066900353,0.6766464841568994
E1,q2_x3_loro_lombok_seed777,pooled_loro,intervention,777,1120,na,lombok,Lombok477,0.5,70,52,107,16155,38.337767287037316,0.6670869671810882,0.722021660649358
E1,q2_x3_loro_lombok_seed777,pooled_loro,intervention,777,1120,na,lombok,Lombok478,0.5,13,15,32,16324,47.382067102493814,0.5333333333329422,0.5806451612899105
E1,q2_x3_loro_lombok_seed777,pooled_loro,intervention,777,1120,na,lombok,Lombok479,0.5,2,52,49,16281,35.6619124910626,0.0869565217387591,0.0926640926637764
E1,q2_x3_loro_lombok_seed777,pooled_loro,intervention,777,1120,na,lombok,Lombok480,0.5,1,5,60,16318,102.0,0.07594936708825571,0.1098901098896679
E1,q2_x3_loro_lombok_seed777,pooled_loro,intervention,777,1120,na,lombok,Lombok481,0.5,17,23,33,16311,89.40627622678693,0.622222222221752,0.6942148760325701
E1,q2_x3_loro_lombok_seed777,pooled_loro,intervention,777,1120,na,lombok,Lombok483,0.5,0,144,21,16219,48.866109004647015,0.0,0.0
E1,q2_x3_loro_lombok_seed777,pooled_loro,intervention,777,1120,na,lombok,Lombok484,0.5,0,313,59,16012,46.92635360170285,0.06557377049141629,0.1648830757031041
E1,q2_x3_loro_lombok_seed777,pooled_loro,intervention,777,1120,na,lombok,Lombok485,0.5,2,1515,36,14831,46.55963501110426,0.022304832713491134,0.10452961672440797
E1,q2_x3_loro_lombok_seed777,pooled_loro,intervention,777,1120,na,lombok,Lombok486,0.5,12,323,28,16021,49.026302830637455,0.1502209131071907,0.19139681005283093
E1,q2_x3_loro_lombok_seed777,pooled_loro,intervention,777,1120,na,lombok,Lombok487,0.5,23,43,37,16281,28.47709199932844,0.6036077705823246,0.639596136961776
E1,q2_x3_loro_lombok_seed777,pooled_loro,intervention,777,1120,na,lombok,Lombok488,0.5,21,21,15,16327,15.28277716925003,0.7586206896547015,0.7586206896547015
E1,q2_x3_loro_lombok_seed777,pooled_loro,intervention,777,1120,na,lombok,Lombok489,0.5,0,921,43,15420,58.137767414994535,0.0,0.006802721088236083
E1,q2_x3_loro_lombok_seed777,pooled_loro,intervention,777,1120,na,lombok,Lombok490,0.5,0,0,39,16345,181.01933598375618,0.0,0.0
E1,q2_x3_loro_lombok_seed777,pooled_loro,intervention,777,1120,na,lombok,Lombok494,0.5,0,973,43,15368,59.158206332419425,0.0,0.0
E1,q2_x3_loro_lombok_seed777,pooled_loro,intervention,777,1120,na,lombok,Lombok495,0.5,0,1,39,16344,75.49653882759208,0.0,0.0
