experiment,contrast,region,region_label,threshold,mode,buffer_m,endpoint,higher_is_better,mean_delta,ci95_low,ci95_high,probability_positive,probability_negative,n_pairs
E4,full-source,hokkaido_iburi_tobu,Hokkaido,0.5,full,0,iou,True,0.303398866499349,0.25900612637908665,0.3423418791348616,1.0,0.0,3
E4,full-source,hokkaido_iburi_tobu,Hokkaido,0.5,full,0,dice,True,0.4106798199565375,0.3548457249594688,0.4605132212516507,1.0,0.0,3
E4,full-source,hokkaido_iburi_tobu,Hokkaido,0.5,full,0,precision,True,0.5148726412437324,0.4650376626342137,0.5712575562078375,1.0,0.0,3
E4,full-source,hokkaido_iburi_tobu,Hokkaido,0.5,full,0,recall,True,0.2954948437353491,0.2360287514838116,0.3484584047869161,1.0,0.0,3
E4,full-source,hokkaido_iburi_tobu,Hokkaido,0.5,full,0,f1,True,0.41067981995649977,0.354845724959439,0.4605132212516169,1.0,0.0,3
E4,full-source,hokkaido_iburi_tobu,Hokkaido,0.5,full,0,accuracy,True,0.1695437256879814,0.14887590940113848,0.18199658783548467,1.0,0.0,3
E4,full-source,hokkaido_iburi_tobu,Hokkaido,0.5,full,0,mcc,True,0.5024391182278948,0.4361063645562678,0.5628889204800498,1.0,0.0,3
E4,full-source,hokkaido_iburi_tobu,Hokkaido,0.5,full,0,balanced_accuracy,True,0.2253137526337927,0.18751744743446808,0.2555231227696062,1.0,0.0,3
E4,full-source,hokkaido_iburi_tobu,Hokkaido,0.5,full,0,balanced_iou,True,0.23682617727687347,0.20449850715388895,0.26217357570156874,1.0,0.0,3
E4,full-source,hokkaido_iburi_tobu,Hokkaido,0.5,full,0,background_iou,True,0.17025348805439788,0.1499908879286912,0.1820052722682759,1.0,0.0,3
E4,full-source,hokkaido_iburi_tobu,Hokkaido,0.5,full,0,bf1_2,True,0.36294526876060723,0.337556919520023,0.3834080992422977,1.0,0.0,3
E4,full-source,hokkaido_iburi_tobu,Hokkaido,0.5,full,0,bf1_4,True,0.432574149216648,0.40645701365398557,0.456689804420997,1.0,0.0,3
E4,full-source,hokkaido_iburi_tobu,Hokkaido,0.5,full,0,hd95,False,-10.519194044557901,-12.39805955161708,-8.717510205658428,0.0,1.0,3
E4,full-source,lombok,Lombok,0.5,full,0,iou,True,0.024869382251379694,0.023242723266154553,0.027656755001363987,1.0,0.0,3
E4,full-source,lombok,Lombok,0.5,full,0,dice,True,0.043997990260950505,0.040805626153239447,0.049344254059401765,1.0,0.0,3
E4,full-source,lombok,Lombok,0.5,full,0,precision,True,0.2050488718401282,0.11829769861144306,0.30710655811976756,1.0,0.0,3
E4,full-source,lombok,Lombok,0.5,full,0,recall,True,-0.1485345793447652,-0.20491760904684975,-0.0978737607673434,0.0,1.0,3
E4,full-source,lombok,Lombok,0.5,full,0,f1,True,0.043997990260868404,0.04080562615311284,0.049344254059251545,1.0,0.0,3
E4,full-source,lombok,Lombok,0.5,full,0,accuracy,True,0.1044280171074324,0.09623134974675074,0.11484338008996209,1.0,0.0,3
E4,full-source,lombok,Lombok,0.5,full,0,mcc,True,0.07825144402861162,0.06187334929096258,0.10441697383518565,1.0,0.0,3
E4,full-source,lombok,Lombok,0.5,full,0,balanced_accuracy,True,-0.01801727372399346,-0.04032621427633665,0.002374169576448315,0.0365,0.9635,3
E4,full-source,lombok,Lombok,0.5,full,0,balanced_iou,True,0.06514381714949306,0.06233892656845952,0.0696555102283336,1.0,0.0,3
E4,full-source,lombok,Lombok,0.5,full,0,background_iou,True,0.1054182520476064,0.09702109813555504,0.11606829719051259,1.0,0.0,3
E4,full-source,lombok,Lombok,0.5,full,0,bf1_2,True,0.08007243054327935,0.06556862258047937,0.10053478850645899,1.0,0.0,3
E4,full-source,lombok,Lombok,0.5,full,0,bf1_4,True,0.09188594940782413,0.07518370775260468,0.11621415460175459,1.0,0.0,3
E4,full-source,lombok,Lombok,0.5,full,0,hd95,False,-0.30251490734780856,-1.781734582987184,1.3604305178916718,0.3761,0.6239,3
E4,full-source,palu,Palu,0.5,full,0,iou,True,0.06654258243951088,0.05864606229801609,0.07082649978646018,1.0,0.0,3
E4,full-source,palu,Palu,0.5,full,0,dice,True,0.11920391464819681,0.10532649473327883,0.12647884845931306,1.0,0.0,3
E4,full-source,palu,Palu,0.5,full,0,precision,True,0.29624430246586214,0.2438640117235998,0.35340574207385966,1.0,0.0,3
E4,full-source,palu,Palu,0.5,full,0,recall,True,-0.1375489660355291,-0.146012081641764,-0.1217237332454858,0.0,1.0,3
E4,full-source,palu,Palu,0.5,full,0,f1,True,0.11920391464798168,0.1053264947330503,0.12647884845913887,1.0,0.0,3
E4,full-source,palu,Palu,0.5,full,0,accuracy,True,0.11005854271840354,0.09759789035744859,0.12737779331467136,1.0,0.0,3
E4,full-source,palu,Palu,0.5,full,0,mcc,True,0.13848124206501783,0.11386059883853462,0.15770244909535416,1.0,0.0,3
E4,full-source,palu,Palu,0.5,full,0,balanced_accuracy,True,-0.012244049409909566,-0.022201583874585262,-0.006862594704145186,0.0,1.0,3
E4,full-source,palu,Palu,0.5,full,0,balanced_iou,True,0.08847723563376668,0.07828201683195946,0.09897684901862547,1.0,0.0,3
E4,full-source,palu,Palu,0.5,full,0,background_iou,True,0.11041188882802255,0.09791797136590286,0.12779851280319465,1.0,0.0,3
E4,full-source,palu,Palu,0.5,full,0,bf1_2,True,0.10870509424003294,0.08449270905498284,0.1414300320609019,1.0,0.0,3
E4,full-source,palu,Palu,0.5,full,0,bf1_4,True,0.10284198960022016,0.07761275843940382,0.1390104244850827,1.0,0.0,3
E4,full-source,palu,Palu,0.5,full,0,hd95,False,32.070791021859186,30.521217320443455,35.017335902479985,1.0,0.0,3
E4,full-source,target_macro,Target Macro,0.5,full,0,iou,True,0.1316036103967465,0.025308058530795634,0.29786081454323654,1.0,0.0,9
E4,full-source,target_macro,Target Macro,0.5,full,0,dice,True,0.19129390828856163,0.04471595682453058,0.4038592936597171,1.0,0.0,9
E4,full-source,target_macro,Target Macro,0.5,full,0,precision,True,0.3387219385165743,0.20036169337591783,0.5078798799861002,1.0,0.0,9
E4,full-source,target_macro,Target Macro,0.5,full,0,recall,True,0.0031370994516849685,-0.15934284138094848,0.28300266003500424,0.529,0.471,9
E4,full-source,target_macro,Target Macro,0.5,full,0,f1,True,0.19129390828844994,0.04471595682441093,0.40380928787883263,1.0,0.0,9
E4,full-source,target_macro,Target Macro,0.5,full,0,accuracy,True,0.12801009517127246,0.10236001373596447,0.16633452897396114,1.0,0.0,9
E4,full-source,target_macro,Target Macro,0.5,full,0,mcc,True,0.23972393477384144,0.07898373954735873,0.4924541671890598,1.0,0.0,9
E4,full-source,target_macro,Target Macro,0.5,full,0,balanced_accuracy,True,0.06501747649996321,-0.022122595068113537,0.2202865448399477,0.7021,0.2979,9
E4,full-source,target_macro,Target Macro,0.5,full,0,balanced_iou,True,0.13014907668671105,0.06571275131542872,0.2347853854183839,1.0,0.0,9
E4,full-source,target_macro,Target Macro,0.5,full,0,background_iou,True,0.1286945429766756,0.10291815848703854,0.16741654941712167,1.0,0.0,9
E4,full-source,target_macro,Target Macro,0.5,full,0,bf1_2,True,0.18390759784797317,0.0799338891304553,0.3595770612051097,1.0,0.0,9
E4,full-source,target_macro,Target Macro,0.5,full,0,bf1_4,True,0.20910069607489742,0.08675331754511723,0.42944985855876183,1.0,0.0,9
E4,full-source,target_macro,Target Macro,0.5,full,0,hd95,False,7.083027356651158,-10.110244117229163,31.588178126322973,0.7127,0.2873,9
E4,full-source,hokkaido_iburi_tobu,Hokkaido,0.5,full,256,iou,True,0.30454467473752583,0.2561356945703873,0.34011683092168304,1.0,0.0,3
E4,full-source,hokkaido_iburi_tobu,Hokkaido,0.5,full,256,dice,True,0.4132958475353525,0.35211899898174986,0.4595761241131384,1.0,0.0,3
E4,full-source,hokkaido_iburi_tobu,Hokkaido,0.5,full,256,precision,True,0.517746974286839,0.46091554714500443,0.5771441719284767,1.0,0.0,3
E4,full-source,hokkaido_iburi_tobu,Hokkaido,0.5,full,256,recall,True,0.2954627413114173,0.22938354412918516,0.3467668545147104,1.0,0.0,3
E4,full-source,hokkaido_iburi_tobu,Hokkaido,0.5,full,256,f1,True,0.4132958475353102,0.3521189989817135,0.45957612411311,1.0,0.0,3
E4,full-source,hokkaido_iburi_tobu,Hokkaido,0.5,full,256,accuracy,True,0.17041658052618155,0.14838701740334492,0.18202482804008147,1.0,0.0,3
E4,full-source,hokkaido_iburi_tobu,Hokkaido,0.5,full,256,mcc,True,0.5039638947403353,0.4304005052283559,0.5637257768680342,1.0,0.0,3
E4,full-source,hokkaido_iburi_tobu,Hokkaido,0.5,full,256,balanced_accuracy,True,0.22597278047681768,0.18452217464618625,0.25398174964993375,1.0,0.0,3
E4,full-source,hokkaido_iburi_tobu,Hokkaido,0.5,full,256,balanced_iou,True,0.23785097486217355,0.20288951135397015,0.2603909557478071,1.0,0.0,3
E4,full-source,hokkaido_iburi_tobu,Hokkaido,0.5,full,256,background_iou,True,0.17115727498682118,0.149643328137553,0.18316341624897947,1.0,0.0,3
E4,full-source,hokkaido_iburi_tobu,Hokkaido,0.5,full,256,bf1_2,True,0.3622594204536937,0.3413046948637269,0.3830440588360829,1.0,0.0,3
E4,full-source,hokkaido_iburi_tobu,Hokkaido,0.5,full,256,bf1_4,True,0.4318746996589502,0.411116143121034,0.45507924331873345,1.0,0.0,3
E4,full-source,hokkaido_iburi_tobu,Hokkaido,0.5,full,256,hd95,False,-9.969656614050214,-11.268889984909684,-8.125114312289178,0.0,1.0,3
E4,full-source,lombok,Lombok,0.5,full,256,iou,True,0.01692713008190083,-0.00028650861371530556,0.04941686716876059,0.9621,0.0379,3
E4,full-source,lombok,Lombok,0.5,full,256,dice,True,0.030152011279041515,-0.0005199863491739259,0.08800154099657782,0.9611,0.0389,3
E4,full-source,lombok,Lombok,0.5,full,256,precision,True,0.19497420379692612,0.11408957005971115,0.3355202782424318,1.0,0.0,3
E4,full-source,lombok,Lombok,0.5,full,256,recall,True,-0.1826168547080476,-0.35147100828334765,-0.04339316248507855,0.0,1.0,3
E4,full-source,lombok,Lombok,0.5,full,256,f1,True,0.030152011278975707,-0.0005199863492271473,0.08800154099661717,0.9635,0.0365,3
E4,full-source,lombok,Lombok,0.5,full,256,accuracy,True,0.10834172166015625,0.08127298160475127,0.14996225383424544,1.0,0.0,3
E4,full-source,lombok,Lombok,0.5,full,256,mcc,True,0.061683914552053,0.002856610649807592,0.15177621489855908,1.0,0.0,3
E4,full-source,lombok,Lombok,0.5,full,256,balanced_accuracy,True,-0.03312313347256054,-0.09468570268377785,0.02079868136562546,0.15,0.85,3
E4,full-source,lombok,Lombok,0.5,full,256,balanced_iou,True,0.0631330688728946,0.04718349445712555,0.07668389059464076,1.0,0.0,3
E4,full-source,lombok,Lombok,0.5,full,256,background_iou,True,0.10933900766388838,0.08164677596507453,0.15171674949862424,1.0,0.0,3
E4,full-source,lombok,Lombok,0.5,full,256,bf1_2,True,0.06171057692154599,0.02652807652334231,0.1048712927785365,1.0,0.0,3
E4,full-source,lombok,Lombok,0.5,full,256,bf1_4,True,0.06892918584860239,0.02326775020023697,0.1267729137198324,1.0,0.0,3
E4,full-source,lombok,Lombok,0.5,full,256,hd95,False,4.0751941619339265,-4.273773651068026,9.991372698332214,0.8502,0.1498,3
E4,full-source,palu,Palu,0.5,full,256,iou,True,0.06944638224503173,0.059704076278033015,0.07551933739285777,1.0,0.0,3
E4,full-source,palu,Palu,0.5,full,256,dice,True,0.12397557022853083,0.1072743103063744,0.13409531167436076,1.0,0.0,3
E4,full-source,palu,Palu,0.5,full,256,precision,True,0.29479653070141393,0.23616722714794414,0.35645672955487334,1.0,0.0,3
E4,full-source,palu,Palu,0.5,full,256,recall,True,-0.14693472085695333,-0.15557321999253765,-0.1316195411819239,0.0,1.0,3
E4,full-source,palu,Palu,0.5,full,256,f1,True,0.12397557022829987,0.10727431030612515,0.13409531167417,1.0,0.0,3
E4,full-source,palu,Palu,0.5,full,256,accuracy,True,0.11160708506378632,0.09907035044561041,0.1280645742990547,1.0,0.0,3
E4,full-source,palu,Palu,0.5,full,256,mcc,True,0.13924838699895692,0.11120922460791367,0.16130153832229127,1.0,0.0,3
E4,full-source,palu,Palu,0.5,full,256,balanced_accuracy,True,-0.01614628431051061,-0.026830969751511113,-0.010521314127241888,0.0,1.0,3
E4,full-source,palu,Palu,0.5,full,256,balanced_iou,True,0.09071018543327952,0.07954529932215343,0.10081087620568036,1.0,0.0,3
E4,full-source,palu,Palu,0.5,full,256,background_iou,True,0.1119739886215273,0.09938652236627388,0.12850601934715622,1.0,0.0,3
E4,full-source,palu,Palu,0.5,full,256,bf1_2,True,0.11122270939955005,0.0854869247849817,0.14345347011681686,1.0,0.0,3
E4,full-source,palu,Palu,0.5,full,256,bf1_4,True,0.10461017721463918,0.07823480618048441,0.13980122322618727,1.0,0.0,3
E4,full-source,palu,Palu,0.5,full,256,hd95,False,32.40459262336015,30.820425302240665,34.87777544249591,1.0,0.0,3
E4,full-source,target_macro,Target Macro,0.5,full,256,iou,True,0.13030606235481945,0.022019162878982042,0.2977395853875125,1.0,0.0,9
E4,full-source,target_macro,Target Macro,0.5,full,256,dice,True,0.1891411430143083,0.039599462590914535,0.4048432452543059,1.0,0.0,9
E4,full-source,target_macro,Target Macro,0.5,full,256,precision,True,0.33583923626172635,0.19227966854182105,0.5108622000489011,1.0,0.0,9
E4,full-source,target_macro,Target Macro,0.5,full,256,recall,True,-0.011362944751194544,-0.21505010717095305,0.2864789322935094,0.4193,0.5807,9
E4,full-source,target_macro,Target Macro,0.5,full,256,f1,True,0.18914114301419527,0.03959946259087349,0.4083303235433779,1.0,0.0,9
E4,full-source,target_macro,Target Macro,0.5,full,256,accuracy,True,0.13012179575004137,0.09966163072500034,0.16747118449990545,1.0,0.0,9
E4,full-source,target_macro,Target Macro,0.5,full,256,mcc,True,0.23496539876378175,0.061128519824795426,0.48914997566925994,1.0,0.0,9
E4,full-source,target_macro,Target Macro,0.5,full,256,balanced_accuracy,True,0.0589011208979155,-0.04340781357592824,0.2227355954733508,0.7029,0.2971,9
E4,full-source,target_macro,Target Macro,0.5,full,256,balanced_iou,True,0.13056474305611587,0.06464607437848578,0.23371048065465028,1.0,0.0,9
E4,full-source,target_macro,Target Macro,0.5,full,256,background_iou,True,0.1308234237574123,0.10010826376428376,0.16826559931056767,1.0,0.0,9
E4,full-source,target_macro,Target Macro,0.5,full,256,bf1_2,True,0.1783975689249299,0.06218426130148331,0.3599689147676035,1.0,0.0,9
E4,full-source,target_macro,Target Macro,0.5,full,256,bf1_4,True,0.20180468757406392,0.0645251894681407,0.42902464068321133,1.0,0.0,9
E4,full-source,target_macro,Target Macro,0.5,full,256,hd95,False,8.836710057081289,-9.704117588198812,32.031015032565485,0.7947,0.2053,9
E4,full-source,hokkaido_iburi_tobu,Hokkaido,0.5,full,512,iou,True,0.30454467473752583,0.2561356945703873,0.34011683092168304,1.0,0.0,3
E4,full-source,hokkaido_iburi_tobu,Hokkaido,0.5,full,512,dice,True,0.4132958475353525,0.35211899898174986,0.4595761241131384,1.0,0.0,3
E4,full-source,hokkaido_iburi_tobu,Hokkaido,0.5,full,512,precision,True,0.517746974286839,0.46091554714500443,0.5771441719284767,1.0,0.0,3
E4,full-source,hokkaido_iburi_tobu,Hokkaido,0.5,full,512,recall,True,0.2954627413114173,0.22938354412918516,0.3467668545147104,1.0,0.0,3
E4,full-source,hokkaido_iburi_tobu,Hokkaido,0.5,full,512,f1,True,0.4132958475353102,0.3521189989817135,0.45957612411311,1.0,0.0,3
E4,full-source,hokkaido_iburi_tobu,Hokkaido,0.5,full,512,accuracy,True,0.17041658052618155,0.14838701740334492,0.18202482804008147,1.0,0.0,3
E4,full-source,hokkaido_iburi_tobu,Hokkaido,0.5,full,512,mcc,True,0.5039638947403353,0.4304005052283559,0.5637257768680342,1.0,0.0,3
E4,full-source,hokkaido_iburi_tobu,Hokkaido,0.5,full,512,balanced_accuracy,True,0.22597278047681768,0.18452217464618625,0.25398174964993375,1.0,0.0,3
E4,full-source,hokkaido_iburi_tobu,Hokkaido,0.5,full,512,balanced_iou,True,0.23785097486217355,0.20288951135397015,0.2603909557478071,1.0,0.0,3
E4,full-source,hokkaido_iburi_tobu,Hokkaido,0.5,full,512,background_iou,True,0.17115727498682118,0.149643328137553,0.18316341624897947,1.0,0.0,3
E4,full-source,hokkaido_iburi_tobu,Hokkaido,0.5,full,512,bf1_2,True,0.3622594204536937,0.3413046948637269,0.3830440588360829,1.0,0.0,3
E4,full-source,hokkaido_iburi_tobu,Hokkaido,0.5,full,512,bf1_4,True,0.4318746996589502,0.411116143121034,0.45507924331873345,1.0,0.0,3
E4,full-source,hokkaido_iburi_tobu,Hokkaido,0.5,full,512,hd95,False,-9.969656614050214,-11.268889984909684,-8.125114312289178,0.0,1.0,3
E4,full-source,lombok,Lombok,0.5,full,512,iou,True,0.01692713008190083,-0.00028650861371530556,0.04941686716876059,0.9658,0.0342,3
E4,full-source,lombok,Lombok,0.5,full,512,dice,True,0.030152011279041515,-0.0005199863491739259,0.08800154099657782,0.9646,0.0354,3
E4,full-source,lombok,Lombok,0.5,full,512,precision,True,0.19497420379692612,0.11408957005971115,0.3355202782424318,1.0,0.0,3
E4,full-source,lombok,Lombok,0.5,full,512,recall,True,-0.1826168547080476,-0.35147100828334765,-0.04339316248507855,0.0,1.0,3
E4,full-source,lombok,Lombok,0.5,full,512,f1,True,0.030152011278975707,-0.0005199863492271473,0.08800154099661717,0.9622,0.0378,3
E4,full-source,lombok,Lombok,0.5,full,512,accuracy,True,0.10834172166015625,0.08127298160475127,0.14996225383424544,1.0,0.0,3
E4,full-source,lombok,Lombok,0.5,full,512,mcc,True,0.061683914552053,0.002856610649807592,0.15177621489855908,1.0,0.0,3
E4,full-source,lombok,Lombok,0.5,full,512,balanced_accuracy,True,-0.03312313347256054,-0.09468570268377785,0.02079868136562546,0.1451,0.8549,3
E4,full-source,lombok,Lombok,0.5,full,512,balanced_iou,True,0.0631330688728946,0.04718349445712555,0.07668389059464076,1.0,0.0,3
E4,full-source,lombok,Lombok,0.5,full,512,background_iou,True,0.10933900766388838,0.08164677596507453,0.15171674949862424,1.0,0.0,3
E4,full-source,lombok,Lombok,0.5,full,512,bf1_2,True,0.06171057692154599,0.02652807652334231,0.1048712927785365,1.0,0.0,3
E4,full-source,lombok,Lombok,0.5,full,512,bf1_4,True,0.06892918584860239,0.02326775020023697,0.1267729137198324,1.0,0.0,3
E4,full-source,lombok,Lombok,0.5,full,512,hd95,False,4.0751941619339265,-4.273773651068026,9.991372698332214,0.8466,0.1534,3
E4,full-source,palu,Palu,0.5,full,512,iou,True,0.06944638224503173,0.059704076278033015,0.07551933739285777,1.0,0.0,3
E4,full-source,palu,Palu,0.5,full,512,dice,True,0.12397557022853083,0.1072743103063744,0.13409531167436076,1.0,0.0,3
E4,full-source,palu,Palu,0.5,full,512,precision,True,0.29479653070141393,0.23616722714794414,0.35645672955487334,1.0,0.0,3
E4,full-source,palu,Palu,0.5,full,512,recall,True,-0.14693472085695333,-0.15557321999253765,-0.1316195411819239,0.0,1.0,3
E4,full-source,palu,Palu,0.5,full,512,f1,True,0.12397557022829987,0.10727431030612515,0.13409531167417,1.0,0.0,3
E4,full-source,palu,Palu,0.5,full,512,accuracy,True,0.11160708506378632,0.09907035044561041,0.1280645742990547,1.0,0.0,3
E4,full-source,palu,Palu,0.5,full,512,mcc,True,0.13924838699895692,0.11120922460791367,0.16130153832229127,1.0,0.0,3
E4,full-source,palu,Palu,0.5,full,512,balanced_accuracy,True,-0.01614628431051061,-0.026830969751511113,-0.010521314127241888,0.0,1.0,3
E4,full-source,palu,Palu,0.5,full,512,balanced_iou,True,0.09071018543327952,0.07954529932215343,0.10081087620568036,1.0,0.0,3
E4,full-source,palu,Palu,0.5,full,512,background_iou,True,0.1119739886215273,0.09938652236627388,0.12850601934715622,1.0,0.0,3
E4,full-source,palu,Palu,0.5,full,512,bf1_2,True,0.11122270939955005,0.0854869247849817,0.14345347011681686,1.0,0.0,3
E4,full-source,palu,Palu,0.5,full,512,bf1_4,True,0.10461017721463918,0.07823480618048441,0.13980122322618727,1.0,0.0,3
E4,full-source,palu,Palu,0.5,full,512,hd95,False,32.40459262336015,30.820425302240665,34.87777544249591,1.0,0.0,3
E4,full-source,target_macro,Target Macro,0.5,full,512,iou,True,0.13030606235481945,0.021631101616302623,0.2977395853875125,0.9999,0.0001,9
E4,full-source,target_macro,Target Macro,0.5,full,512,dice,True,0.1891411430143083,0.030928559176573642,0.4048432452543059,1.0,0.0,9
E4,full-source,target_macro,Target Macro,0.5,full,512,precision,True,0.33583923626172635,0.19025793867938742,0.5108622000489011,1.0,0.0,9
E4,full-source,target_macro,Target Macro,0.5,full,512,recall,True,-0.011362944751194544,-0.21489932795472189,0.29140396028648907,0.4342,0.5658,9
E4,full-source,target_macro,Target Macro,0.5,full,512,f1,True,0.18914114301419527,0.03054028522772729,0.4048432452542665,1.0,0.0,9
E4,full-source,target_macro,Target Macro,0.5,full,512,accuracy,True,0.13012179575004137,0.09966490880891647,0.17015281788063416,1.0,0.0,9
E4,full-source,target_macro,Target Macro,0.5,full,512,mcc,True,0.23496539876378175,0.06128854674760251,0.49425668397408423,1.0,0.0,9
E4,full-source,target_macro,Target Macro,0.5,full,512,balanced_accuracy,True,0.0589011208979155,-0.04284270010393248,0.22112638377043461,0.7019,0.2981,9
E4,full-source,target_macro,Target Macro,0.5,full,512,balanced_iou,True,0.13056474305611587,0.06437218765375274,0.23560241969260382,1.0,0.0,9
E4,full-source,target_macro,Target Macro,0.5,full,512,background_iou,True,0.1308234237574123,0.10020373729190746,0.16771041360500138,1.0,0.0,9
E4,full-source,target_macro,Target Macro,0.5,full,512,bf1_2,True,0.1783975689249299,0.061710576921545975,0.35991221903174425,1.0,0.0,9
E4,full-source,target_macro,Target Macro,0.5,full,512,bf1_4,True,0.20180468757406392,0.06486842177431419,0.4282093116425889,1.0,0.0,9
E4,full-source,target_macro,Target Macro,0.5,full,512,hd95,False,8.836710057081289,-9.802117849615124,31.955706918395943,0.7784,0.2216,9
E4,decoder-only-source,hokkaido_iburi_tobu,Hokkaido,0.5,decoder-only,0,iou,True,0.33373687001722946,0.3195119183368566,0.35292567568113276,1.0,0.0,3
E4,decoder-only-source,hokkaido_iburi_tobu,Hokkaido,0.5,decoder-only,0,dice,True,0.44229996360019275,0.4188914104298782,0.4614272125545897,1.0,0.0,3
E4,decoder-only-source,hokkaido_iburi_tobu,Hokkaido,0.5,decoder-only,0,precision,True,0.521539152928356,0.5159405129132613,0.5300342621505018,1.0,0.0,3
E4,decoder-only-source,hokkaido_iburi_tobu,Hokkaido,0.5,decoder-only,0,recall,True,0.3440504780534825,0.307081745805514,0.37283671051991063,1.0,0.0,3
E4,decoder-only-source,hokkaido_iburi_tobu,Hokkaido,0.5,decoder-only,0,f1,True,0.4422999636001512,0.41889141042984485,0.46142721255453606,1.0,0.0,3
E4,decoder-only-source,hokkaido_iburi_tobu,Hokkaido,0.5,decoder-only,0,accuracy,True,0.1723271395157008,0.15827432511907524,0.18193050785619402,1.0,0.0,3
E4,decoder-only-source,hokkaido_iburi_tobu,Hokkaido,0.5,decoder-only,0,mcc,True,0.5328413434192566,0.503185719657684,0.5524372557991256,1.0,0.0,3
E4,decoder-only-source,hokkaido_iburi_tobu,Hokkaido,0.5,decoder-only,0,balanced_accuracy,True,0.2483967601971591,0.22425206570316447,0.2666621715344084,1.0,0.0,3
E4,decoder-only-source,hokkaido_iburi_tobu,Hokkaido,0.5,decoder-only,0,balanced_iou,True,0.25323601033257553,0.23936426607524253,0.26772936439525946,1.0,0.0,3
E4,decoder-only-source,hokkaido_iburi_tobu,Hokkaido,0.5,decoder-only,0,background_iou,True,0.17273515064792153,0.15921661381362828,0.18253305310938617,1.0,0.0,3
E4,decoder-only-source,hokkaido_iburi_tobu,Hokkaido,0.5,decoder-only,0,bf1_2,True,0.35290171546163096,0.31921146251404375,0.39466727444748684,1.0,0.0,3
E4,decoder-only-source,hokkaido_iburi_tobu,Hokkaido,0.5,decoder-only,0,bf1_4,True,0.4207497969926725,0.3763354833222221,0.4662022999264364,1.0,0.0,3
E4,decoder-only-source,hokkaido_iburi_tobu,Hokkaido,0.5,decoder-only,0,hd95,False,-12.47823821766377,-16.900922240041176,-6.816869504955413,0.0,1.0,3
E4,decoder-only-source,lombok,Lombok,0.5,decoder-only,0,iou,True,0.008445279144481949,0.003063941382787372,0.01622394286526857,1.0,0.0,3
E4,decoder-only-source,lombok,Lombok,0.5,decoder-only,0,dice,True,0.015109547211962884,0.005481661182629757,0.028834583706781727,1.0,0.0,3
E4,decoder-only-source,lombok,Lombok,0.5,decoder-only,0,precision,True,0.1266185459421563,0.0545030447999584,0.1721919451630959,1.0,0.0,3
E4,decoder-only-source,lombok,Lombok,0.5,decoder-only,0,recall,True,-0.16365028766842926,-0.2030823909531502,-0.1418834980225892,0.0,1.0,3
E4,decoder-only-source,lombok,Lombok,0.5,decoder-only,0,f1,True,0.015109547211861895,0.005481661182415831,0.028834583706724704,1.0,0.0,3
E4,decoder-only-source,lombok,Lombok,0.5,decoder-only,0,accuracy,True,0.10096374835378212,0.09765813963332048,0.10402294473910545,1.0,0.0,3
E4,decoder-only-source,lombok,Lombok,0.5,decoder-only,0,mcc,True,0.03924125668339986,0.0023298769633015026,0.06393237428502875,1.0,0.0,3
E4,decoder-only-source,lombok,Lombok,0.5,decoder-only,0,balanced_accuracy,True,-0.027107791409339794,-0.046453104722058214,-0.01686536270279504,0.0,1.0,3
E4,decoder-only-source,lombok,Lombok,0.5,decoder-only,0,balanced_iou,True,0.05520436544593221,0.05272809206607021,0.05741180012529312,1.0,0.0,3
E4,decoder-only-source,lombok,Lombok,0.5,decoder-only,0,background_iou,True,0.10196345174738249,0.09859965738531762,0.10489845510747675,1.0,0.0,3
E4,decoder-only-source,lombok,Lombok,0.5,decoder-only,0,bf1_2,True,0.07731278501412843,0.057343557412748714,0.09233860889159705,1.0,0.0,3
E4,decoder-only-source,lombok,Lombok,0.5,decoder-only,0,bf1_4,True,0.09134568236712676,0.06534537185213868,0.10540722978275378,1.0,0.0,3
E4,decoder-only-source,lombok,Lombok,0.5,decoder-only,0,hd95,False,-5.879310375608465,-16.777774580407893,2.9925615135581722,0.1436,0.8564,3
E4,decoder-only-source,palu,Palu,0.5,decoder-only,0,iou,True,0.051864592775220396,0.04983286068379794,0.05433882733897496,1.0,0.0,3
E4,decoder-only-source,palu,Palu,0.5,decoder-only,0,dice,True,0.09419248655245571,0.09072995312263772,0.09887603504339997,1.0,0.0,3
E4,decoder-only-source,palu,Palu,0.5,decoder-only,0,precision,True,0.1936505614519467,0.1663779628415011,0.21552276491059655,1.0,0.0,3
E4,decoder-only-source,palu,Palu,0.5,decoder-only,0,recall,True,-0.14516570237658843,-0.15724968261275968,-0.13795493696253439,0.0,1.0,3
E4,decoder-only-source,palu,Palu,0.5,decoder-only,0,f1,True,0.09419248655218948,0.0907299531224088,0.09887603504311532,1.0,0.0,3
E4,decoder-only-source,palu,Palu,0.5,decoder-only,0,accuracy,True,0.10833346592435618,0.09552386558219172,0.1259039689149779,1.0,0.0,3
E4,decoder-only-source,palu,Palu,0.5,decoder-only,0,mcc,True,0.09842253086984232,0.08861973669061222,0.10436453982055567,1.0,0.0,3
E4,decoder-only-source,palu,Palu,0.5,decoder-only,0,balanced_accuracy,True,-0.016878690488327536,-0.020969453013059303,-0.013964784136582642,0.0,1.0,3
E4,decoder-only-source,palu,Palu,0.5,decoder-only,0,balanced_iou,True,0.08027521929958596,0.07363122213440154,0.09033175706913199,1.0,0.0,3
E4,decoder-only-source,palu,Palu,0.5,decoder-only,0,background_iou,True,0.10868584582395151,0.09584035396591484,0.126324686799289,1.0,0.0,3
E4,decoder-only-source,palu,Palu,0.5,decoder-only,0,bf1_2,True,0.07439586646514822,0.05983241068297288,0.08427259722329927,1.0,0.0,3
E4,decoder-only-source,palu,Palu,0.5,decoder-only,0,bf1_4,True,0.06281295795949952,0.04692172484872756,0.07353284219686612,1.0,0.0,3
E4,decoder-only-source,palu,Palu,0.5,decoder-only,0,hd95,False,36.65912182516755,32.45382821131918,43.07209872630531,1.0,0.0,3
E4,decoder-only-source,target_macro,Target Macro,0.5,decoder-only,0,iou,True,0.13134891397897727,0.00943994974534946,0.33208225202271935,1.0,0.0,9
E4,decoder-only-source,target_macro,Target Macro,0.5,decoder-only,0,dice,True,0.18386733245487044,0.017089790207552278,0.4406504141848062,1.0,0.0,9
E4,decoder-only-source,target_macro,Target Macro,0.5,decoder-only,0,precision,True,0.2806027534408197,0.1266185459421563,0.5205736631926724,1.0,0.0,9
E4,decoder-only-source,target_macro,Target Macro,0.5,decoder-only,0,recall,True,0.011744829336154922,-0.16661545993093113,0.33947187079017405,0.6485,0.3515,9
E4,decoder-only-source,target_macro,Target Macro,0.5,decoder-only,0,f1,True,0.18386733245473422,0.01708979020744851,0.43922331277945925,1.0,0.0,9
E4,decoder-only-source,target_macro,Target Macro,0.5,decoder-only,0,accuracy,True,0.1272081179312797,0.099944016225341,0.1702713327987277,1.0,0.0,9
E4,decoder-only-source,target_macro,Target Macro,0.5,decoder-only,0,mcc,True,0.22350171032416627,0.0409742364432074,0.5317817655305715,1.0,0.0,9
E4,decoder-only-source,target_macro,Target Macro,0.5,decoder-only,0,balanced_accuracy,True,0.06813675943316393,-0.02822258949045653,0.24564428726815823,0.694,0.306,9
E4,decoder-only-source,target_macro,Target Macro,0.5,decoder-only,0,balanced_iou,True,0.12957186502603124,0.055635164552345504,0.2515565699027939,1.0,0.0,9
E4,decoder-only-source,target_macro,Target Macro,0.5,decoder-only,0,background_iou,True,0.12779481607308518,0.10096003201429857,0.17205989863807306,1.0,0.0,9
E4,decoder-only-source,target_macro,Target Macro,0.5,decoder-only,0,bf1_2,True,0.1682034556469692,0.06968406963067512,0.3500556102494844,1.0,0.0,9
E4,decoder-only-source,target_macro,Target Macro,0.5,decoder-only,0,bf1_4,True,0.19163614577309962,0.06342946188882854,0.41558416452633057,1.0,0.0,9
E4,decoder-only-source,target_macro,Target Macro,0.5,decoder-only,0,hd95,False,6.100524410631774,-12.832015921224487,36.21520841926555,0.7072,0.2928,9
E4,decoder-only-source,hokkaido_iburi_tobu,Hokkaido,0.5,decoder-only,256,iou,True,0.3298360943061483,0.3106114107502628,0.3526503776296062,1.0,0.0,3
E4,decoder-only-source,hokkaido_iburi_tobu,Hokkaido,0.5,decoder-only,256,dice,True,0.43985428251181163,0.4103395393037325,0.4639731854258165,1.0,0.0,3
E4,decoder-only-source,hokkaido_iburi_tobu,Hokkaido,0.5,decoder-only,256,precision,True,0.5229853825676595,0.5117763822183319,0.533789817901163,1.0,0.0,3
E4,decoder-only-source,hokkaido_iburi_tobu,Hokkaido,0.5,decoder-only,256,recall,True,0.3362427845288571,0.2910264050497225,0.36719882346489136,1.0,0.0,3
E4,decoder-only-source,hokkaido_iburi_tobu,Hokkaido,0.5,decoder-only,256,f1,True,0.439854282511766,0.4103395393036939,0.4639731854257514,1.0,0.0,3
E4,decoder-only-source,hokkaido_iburi_tobu,Hokkaido,0.5,decoder-only,256,accuracy,True,0.17251600906078388,0.15697505099166487,0.18515147333559778,1.0,0.0,3
E4,decoder-only-source,hokkaido_iburi_tobu,Hokkaido,0.5,decoder-only,256,mcc,True,0.5292667056005401,0.4919481215476869,0.5530563382634713,1.0,0.0,3
E4,decoder-only-source,hokkaido_iburi_tobu,Hokkaido,0.5,decoder-only,256,balanced_accuracy,True,0.2453391945457474,0.2167796741442073,0.2666379282479924,1.0,0.0,3
E4,decoder-only-source,hokkaido_iburi_tobu,Hokkaido,0.5,decoder-only,256,balanced_iou,True,0.25142405406086527,0.23436683313648787,0.26932767339208585,1.0,0.0,3
E4,decoder-only-source,hokkaido_iburi_tobu,Hokkaido,0.5,decoder-only,256,background_iou,True,0.17301201381558232,0.15812225552271297,0.18600496915456544,1.0,0.0,3
E4,decoder-only-source,hokkaido_iburi_tobu,Hokkaido,0.5,decoder-only,256,bf1_2,True,0.35013082991188055,0.3156525636729475,0.3958468670033681,1.0,0.0,3
E4,decoder-only-source,hokkaido_iburi_tobu,Hokkaido,0.5,decoder-only,256,bf1_4,True,0.4176697751952232,0.37248459999536804,0.4664289697950419,1.0,0.0,3
E4,decoder-only-source,hokkaido_iburi_tobu,Hokkaido,0.5,decoder-only,256,hd95,False,-11.931657239252631,-17.433158251910413,-5.883460905449134,0.0,1.0,3
E4,decoder-only-source,lombok,Lombok,0.5,decoder-only,256,iou,True,-0.002298269404555619,-0.016099823845526794,0.022772565636846164,0.2628,0.7372,3
E4,decoder-only-source,lombok,Lombok,0.5,decoder-only,256,dice,True,-0.004297720352236384,-0.029666628848861218,0.041574551454638176,0.2518,0.7482,3
E4,decoder-only-source,lombok,Lombok,0.5,decoder-only,256,precision,True,0.10586583680817363,0.011985885515230922,0.1627947758309268,1.0,0.0,3
E4,decoder-only-source,lombok,Lombok,0.5,decoder-only,256,recall,True,-0.19481519376753365,-0.3385699324002666,-0.06706313785798014,0.0,1.0,3
E4,decoder-only-source,lombok,Lombok,0.5,decoder-only,256,f1,True,-0.004297720352315575,-0.029666628848789567,0.04157455145461496,0.2512,0.7488,3
E4,decoder-only-source,lombok,Lombok,0.5,decoder-only,256,accuracy,True,0.10183103630556589,0.07697996801259566,0.13060932774697587,1.0,0.0,3
E4,decoder-only-source,lombok,Lombok,0.5,decoder-only,256,mcc,True,0.01577704486350221,-0.04983002135857848,0.07908828851601961,0.6295,0.3705,3
E4,decoder-only-source,lombok,Lombok,0.5,decoder-only,256,balanced_accuracy,True,-0.04234501071204962,-0.09830198689322156,0.0071060973206727995,0.0375,0.9625,3
E4,decoder-only-source,lombok,Lombok,0.5,decoder-only,256,balanced_iou,True,0.05026559679551259,0.04135311997508828,0.05937456734444285,1.0,0.0,3
E4,decoder-only-source,lombok,Lombok,0.5,decoder-only,256,background_iou,True,0.10282946299558086,0.07736564049716721,0.13231668469387192,1.0,0.0,3
E4,decoder-only-source,lombok,Lombok,0.5,decoder-only,256,bf1_2,True,0.059205967971234806,0.03792537943337268,0.08107812825547095,1.0,0.0,3
E4,decoder-only-source,lombok,Lombok,0.5,decoder-only,256,bf1_4,True,0.0683379291282715,0.040068932255813455,0.1016394539228392,1.0,0.0,3
E4,decoder-only-source,lombok,Lombok,0.5,decoder-only,256,hd95,False,-1.1296380960573202,-7.4466412787001275,9.994294652744642,0.2674,0.7326,3
E4,decoder-only-source,palu,Palu,0.5,decoder-only,256,iou,True,0.052849320055385764,0.04996869934837898,0.05486597740583928,1.0,0.0,3
E4,decoder-only-source,palu,Palu,0.5,decoder-only,256,dice,True,0.09584311291595764,0.09059475046399461,0.09962960450655205,1.0,0.0,3
E4,decoder-only-source,palu,Palu,0.5,decoder-only,256,precision,True,0.19092737079821834,0.15685515445881243,0.2189508929238899,1.0,0.0,3
E4,decoder-only-source,palu,Palu,0.5,decoder-only,256,recall,True,-0.1566073144090471,-0.16784800157511323,-0.14794185366150203,0.0,1.0,3
E4,decoder-only-source,palu,Palu,0.5,decoder-only,256,f1,True,0.09584311291567797,0.0905947504636921,0.09962960450626052,1.0,0.0,3
E4,decoder-only-source,palu,Palu,0.5,decoder-only,256,accuracy,True,0.10985288065343246,0.09699676603166241,0.12655097412467886,1.0,0.0,3
E4,decoder-only-source,palu,Palu,0.5,decoder-only,256,mcc,True,0.0966352705666096,0.08249769949514363,0.1051678354760696,1.0,0.0,3
E4,decoder-only-source,palu,Palu,0.5,decoder-only,256,balanced_accuracy,True,-0.021811520216362307,-0.02711735974258611,-0.018885476282887836,0.0,1.0,3
E4,decoder-only-source,palu,Palu,0.5,decoder-only,256,balanced_iou,True,0.08153421836881579,0.07363940536819141,0.09092938609445972,1.0,0.0,3
E4,decoder-only-source,palu,Palu,0.5,decoder-only,256,background_iou,True,0.11021911668224582,0.09731011138800383,0.12699279478308012,1.0,0.0,3
E4,decoder-only-source,palu,Palu,0.5,decoder-only,256,bf1_2,True,0.0776490523757748,0.060206135989727384,0.08841099909640228,1.0,0.0,3
E4,decoder-only-source,palu,Palu,0.5,decoder-only,256,bf1_4,True,0.06565901590579439,0.04662350270099506,0.07713689738523423,1.0,0.0,3
E4,decoder-only-source,palu,Palu,0.5,decoder-only,256,hd95,False,36.70322363712138,32.1805529788353,42.76102384105635,1.0,0.0,3
E4,decoder-only-source,target_macro,Target Macro,0.5,decoder-only,256,iou,True,0.12679571498565947,0.0017395212223146458,0.32690232951825604,0.9768,0.0232,9
E4,decoder-only-source,target_macro,Target Macro,0.5,decoder-only,256,dice,True,0.17713322502517762,0.001996117952694068,0.43597532878935014,0.9752,0.0248,9
E4,decoder-only-source,target_macro,Target Macro,0.5,decoder-only,256,precision,True,0.2732595300580172,0.10610573265664257,0.5215635027858331,1.0,0.0,9
E4,decoder-only-source,target_macro,Target Macro,0.5,decoder-only,256,recall,True,-0.0050599078825745636,-0.2159935513192031,0.331489337681157,0.4774,0.5226,9
E4,decoder-only-source,target_macro,Target Macro,0.5,decoder-only,256,f1,True,0.1771332250250428,0.003077350216282989,0.43597532878930395,0.9766,0.0234,9
E4,decoder-only-source,target_macro,Target Macro,0.5,decoder-only,256,accuracy,True,0.12806664200659407,0.09623552164907773,0.1704664032981812,1.0,0.0,9
E4,decoder-only-source,target_macro,Target Macro,0.5,decoder-only,256,mcc,True,0.2138930070102173,0.0169254617622251,0.5247570551372328,0.994,0.006,9
E4,decoder-only-source,target_macro,Target Macro,0.5,decoder-only,256,balanced_accuracy,True,0.060394221205778496,-0.05023662276756876,0.24294044457124575,0.7024,0.2976,9
E4,decoder-only-source,target_macro,Target Macro,0.5,decoder-only,256,balanced_iou,True,0.12774128974173124,0.05123403936128129,0.24905858595435493,1.0,0.0,9
E4,decoder-only-source,target_macro,Target Macro,0.5,decoder-only,256,background_iou,True,0.128686864497803,0.09726627680436979,0.171779107995016,1.0,0.0,9
E4,decoder-only-source,target_macro,Target Macro,0.5,decoder-only,256,bf1_2,True,0.1623286167529634,0.057806691365104364,0.34754855264672735,1.0,0.0,9
E4,decoder-only-source,target_macro,Target Macro,0.5,decoder-only,256,bf1_4,True,0.18388890674309635,0.05758637579061751,0.41188475713469114,1.0,0.0,9
E4,decoder-only-source,target_macro,Target Macro,0.5,decoder-only,256,hd95,False,7.880642767270476,-11.931657239252631,36.03932561209089,0.7197,0.2803,9
E4,decoder-only-source,hokkaido_iburi_tobu,Hokkaido,0.5,decoder-only,512,iou,True,0.3298360943061483,0.3106114107502628,0.3526503776296062,1.0,0.0,3
E4,decoder-only-source,hokkaido_iburi_tobu,Hokkaido,0.5,decoder-only,512,dice,True,0.43985428251181163,0.4103395393037325,0.4639731854258165,1.0,0.0,3
E4,decoder-only-source,hokkaido_iburi_tobu,Hokkaido,0.5,decoder-only,512,precision,True,0.5229853825676595,0.5117763822183319,0.533789817901163,1.0,0.0,3
E4,decoder-only-source,hokkaido_iburi_tobu,Hokkaido,0.5,decoder-only,512,recall,True,0.3362427845288571,0.2910264050497225,0.36719882346489136,1.0,0.0,3
E4,decoder-only-source,hokkaido_iburi_tobu,Hokkaido,0.5,decoder-only,512,f1,True,0.439854282511766,0.4103395393036939,0.4639731854257514,1.0,0.0,3
E4,decoder-only-source,hokkaido_iburi_tobu,Hokkaido,0.5,decoder-only,512,accuracy,True,0.17251600906078388,0.15697505099166487,0.18515147333559778,1.0,0.0,3
E4,decoder-only-source,hokkaido_iburi_tobu,Hokkaido,0.5,decoder-only,512,mcc,True,0.5292667056005401,0.4919481215476869,0.5530563382634713,1.0,0.0,3
E4,decoder-only-source,hokkaido_iburi_tobu,Hokkaido,0.5,decoder-only,512,balanced_accuracy,True,0.2453391945457474,0.2167796741442073,0.2666379282479924,1.0,0.0,3
E4,decoder-only-source,hokkaido_iburi_tobu,Hokkaido,0.5,decoder-only,512,balanced_iou,True,0.25142405406086527,0.23436683313648787,0.26932767339208585,1.0,0.0,3
E4,decoder-only-source,hokkaido_iburi_tobu,Hokkaido,0.5,decoder-only,512,background_iou,True,0.17301201381558232,0.15812225552271297,0.18600496915456544,1.0,0.0,3
E4,decoder-only-source,hokkaido_iburi_tobu,Hokkaido,0.5,decoder-only,512,bf1_2,True,0.35013082991188055,0.3156525636729475,0.3958468670033681,1.0,0.0,3
E4,decoder-only-source,hokkaido_iburi_tobu,Hokkaido,0.5,decoder-only,512,bf1_4,True,0.4176697751952232,0.37248459999536804,0.4664289697950419,1.0,0.0,3
E4,decoder-only-source,hokkaido_iburi_tobu,Hokkaido,0.5,decoder-only,512,hd95,False,-11.931657239252631,-17.433158251910413,-5.883460905449134,0.0,1.0,3
E4,decoder-only-source,lombok,Lombok,0.5,decoder-only,512,iou,True,-0.002298269404555619,-0.016099823845526794,0.022772565636846164,0.2631,0.7369,3
E4,decoder-only-source,lombok,Lombok,0.5,decoder-only,512,dice,True,-0.004297720352236384,-0.029666628848861218,0.041574551454638176,0.2611,0.7389,3
E4,decoder-only-source,lombok,Lombok,0.5,decoder-only,512,precision,True,0.10586583680817363,0.011985885515230922,0.1627947758309268,1.0,0.0,3
E4,decoder-only-source,lombok,Lombok,0.5,decoder-only,512,recall,True,-0.19481519376753365,-0.3385699324002666,-0.06706313785798014,0.0,1.0,3
E4,decoder-only-source,lombok,Lombok,0.5,decoder-only,512,f1,True,-0.004297720352315575,-0.029666628848789567,0.04157455145461496,0.2564,0.7436,3
E4,decoder-only-source,lombok,Lombok,0.5,decoder-only,512,accuracy,True,0.10183103630556589,0.07697996801259566,0.13060932774697587,1.0,0.0,3
E4,decoder-only-source,lombok,Lombok,0.5,decoder-only,512,mcc,True,0.01577704486350221,-0.04983002135857848,0.07908828851601961,0.6287,0.3713,3
E4,decoder-only-source,lombok,Lombok,0.5,decoder-only,512,balanced_accuracy,True,-0.04234501071204962,-0.09830198689322156,0.0071060973206727995,0.0394,0.9606,3
E4,decoder-only-source,lombok,Lombok,0.5,decoder-only,512,balanced_iou,True,0.05026559679551259,0.04135311997508828,0.05937456734444285,1.0,0.0,3
E4,decoder-only-source,lombok,Lombok,0.5,decoder-only,512,background_iou,True,0.10282946299558086,0.07736564049716721,0.13231668469387192,1.0,0.0,3
E4,decoder-only-source,lombok,Lombok,0.5,decoder-only,512,bf1_2,True,0.059205967971234806,0.03792537943337268,0.08107812825547095,1.0,0.0,3
E4,decoder-only-source,lombok,Lombok,0.5,decoder-only,512,bf1_4,True,0.0683379291282715,0.040068932255813455,0.1016394539228392,1.0,0.0,3
E4,decoder-only-source,lombok,Lombok,0.5,decoder-only,512,hd95,False,-1.1296380960573202,-7.4466412787001275,9.994294652744642,0.2475,0.7525,3
E4,decoder-only-source,palu,Palu,0.5,decoder-only,512,iou,True,0.052849320055385764,0.04996869934837898,0.05486597740583928,1.0,0.0,3
E4,decoder-only-source,palu,Palu,0.5,decoder-only,512,dice,True,0.09584311291595764,0.09059475046399461,0.09962960450655205,1.0,0.0,3
E4,decoder-only-source,palu,Palu,0.5,decoder-only,512,precision,True,0.19092737079821834,0.15685515445881243,0.2189508929238899,1.0,0.0,3
E4,decoder-only-source,palu,Palu,0.5,decoder-only,512,recall,True,-0.1566073144090471,-0.16784800157511323,-0.14794185366150203,0.0,1.0,3
E4,decoder-only-source,palu,Palu,0.5,decoder-only,512,f1,True,0.09584311291567797,0.0905947504636921,0.09962960450626052,1.0,0.0,3
E4,decoder-only-source,palu,Palu,0.5,decoder-only,512,accuracy,True,0.10985288065343246,0.09699676603166241,0.12655097412467886,1.0,0.0,3
E4,decoder-only-source,palu,Palu,0.5,decoder-only,512,mcc,True,0.0966352705666096,0.08249769949514363,0.1051678354760696,1.0,0.0,3
E4,decoder-only-source,palu,Palu,0.5,decoder-only,512,balanced_accuracy,True,-0.021811520216362307,-0.02711735974258611,-0.018885476282887836,0.0,1.0,3
E4,decoder-only-source,palu,Palu,0.5,decoder-only,512,balanced_iou,True,0.08153421836881579,0.07363940536819141,0.09092938609445972,1.0,0.0,3
E4,decoder-only-source,palu,Palu,0.5,decoder-only,512,background_iou,True,0.11021911668224582,0.09731011138800383,0.12699279478308012,1.0,0.0,3
E4,decoder-only-source,palu,Palu,0.5,decoder-only,512,bf1_2,True,0.0776490523757748,0.060206135989727384,0.08841099909640228,1.0,0.0,3
E4,decoder-only-source,palu,Palu,0.5,decoder-only,512,bf1_4,True,0.06565901590579439,0.04662350270099506,0.07713689738523423,1.0,0.0,3
E4,decoder-only-source,palu,Palu,0.5,decoder-only,512,hd95,False,36.70322363712138,32.1805529788353,42.76102384105635,1.0,0.0,3
E4,decoder-only-source,target_macro,Target Macro,0.5,decoder-only,512,iou,True,0.12679571498565947,-0.0017425759784369878,0.32690232951825604,0.9739,0.0261,9
E4,decoder-only-source,target_macro,Target Macro,0.5,decoder-only,512,dice,True,0.17713322502517762,0.0025367340845135248,0.4377739422207082,0.9765,0.0235,9
E4,decoder-only-source,target_macro,Target Macro,0.5,decoder-only,512,precision,True,0.2732595300580172,0.10364606716899988,0.5206743002748419,1.0,0.0,9
E4,decoder-only-source,target_macro,Target Macro,0.5,decoder-only,512,recall,True,-0.0050599078825745636,-0.21604578166217567,0.33151541997238837,0.4806,0.5194,9
E4,decoder-only-source,target_macro,Target Macro,0.5,decoder-only,512,f1,True,0.1771332250250428,0.003077350216282989,0.43597532878930395,0.9769,0.0231,9
E4,decoder-only-source,target_macro,Target Macro,0.5,decoder-only,512,accuracy,True,0.12806664200659407,0.09661301284862878,0.17143490122961622,1.0,0.0,9
E4,decoder-only-source,target_macro,Target Macro,0.5,decoder-only,512,mcc,True,0.2138930070102173,0.016542319053356642,0.5247570551372328,0.9941,0.0059,9
E4,decoder-only-source,target_macro,Target Macro,0.5,decoder-only,512,balanced_accuracy,True,0.060394221205778496,-0.049285326748674224,0.24221965076731417,0.7005,0.2995,9
E4,decoder-only-source,target_macro,Target Macro,0.5,decoder-only,512,balanced_iou,True,0.12774128974173124,0.05129953727078328,0.249340718756636,1.0,0.0,9
E4,decoder-only-source,target_macro,Target Macro,0.5,decoder-only,512,background_iou,True,0.128686864497803,0.09775675709253068,0.17114684034372057,1.0,0.0,9
E4,decoder-only-source,target_macro,Target Macro,0.5,decoder-only,512,bf1_2,True,0.1623286167529634,0.058258926690114926,0.3463849062943624,1.0,0.0,9
E4,decoder-only-source,target_macro,Target Macro,0.5,decoder-only,512,bf1_4,True,0.18388890674309635,0.05844148434723191,0.40842285168413617,1.0,0.0,9
E4,decoder-only-source,target_macro,Target Macro,0.5,decoder-only,512,hd95,False,7.880642767270476,-11.749425465537392,36.03932561209089,0.7199,0.2801,9
