experiment,regime_or_mode,source_role,buffer_m,seed,step,region,region_label,threshold,n_eval,iou,dice,precision,recall,f1,accuracy,mcc,balanced_accuracy,balanced_iou,background_iou,bf1_2,bf1_4,hd95,n_regions
E1,cas-single,intervention,,42,1120,hokkaido_iburi_tobu,Hokkaido,0.3,1484,0.08791502127994773,0.16162111848867466,0.1066029006356928,0.3339999221755855,0.16162111848830785,0.6447364827693312,0.009246870612436635,0.5071171368535035,0.36002733550119087,0.632139649722434,nan,nan,nan,
E1,cas-single,intervention,,42,1120,hokkaido_iburi_tobu,Hokkaido,0.4,1484,0.08493300767894527,0.1565682066594083,0.10657906908698213,0.2948738983733494,0.1565682066590183,0.6742797604789631,0.00840902159399967,0.5062480796241671,0.3745292888916532,0.6641255701043611,nan,nan,nan,
E1,cas-single,intervention,,42,1120,hokkaido_iburi_tobu,Hokkaido,0.5,1484,0.08222167123133631,0.15194977778958293,0.10726142120742962,0.2604690886640717,0.1519497777891697,0.7019152782676676,0.008989133969320997,0.5064071096949088,0.3879791337429818,0.6937365962546274,0.0956577242899358,0.15694608018038791,52.34540202155246,
E1,cas-single,intervention,,42,1120,hokkaido_iburi_tobu,Hokkaido,0.6,1484,0.07900239243667749,0.14643599122754278,0.10826265857419073,0.22619064333913272,0.14643599122710496,0.7296509035835369,0.00987476043503267,0.5066778759582777,0.40111748606411146,0.7232325796915454,nan,nan,nan,
E1,cas-single,intervention,,42,1120,hokkaido_iburi_tobu,Hokkaido,0.7,1484,0.07477078377121217,0.13913810256146433,0.10998316982444137,0.18932553912461975,0.13913810256099948,0.7598079465470224,0.011381428838764933,0.50715207748564,0.4149120721129889,0.7550533604547657,nan,nan,nan,
E1,cas-single,intervention,,42,1120,lombok,Lombok,0.3,436,0.05735160474720845,0.10848161480006467,0.06667078085563276,0.29093199567299133,0.10848161479976132,0.8533406388868979,0.08207359788712497,0.5810337454974623,0.45468591807933345,0.8520202314114584,nan,nan,nan,
E1,cas-single,intervention,,42,1120,lombok,Lombok,0.4,436,0.05611484771703995,0.10626656341086599,0.06752648127609644,0.24927769080145512,0.10626656341053056,0.8714006056479358,0.07637908697078077,0.5701812693302457,0.4632623454179918,0.8704098431189438,nan,nan,nan,
E1,cas-single,intervention,,42,1120,lombok,Lombok,0.5,436,0.054232782623104624,0.10288578294475825,0.06791214893181752,0.21212840443837894,0.10288578294439087,0.8865419440313217,0.07030594207754975,0.5600045445047663,0.4700158682557998,0.8857989538884949,0.0816904171110214,0.125932526928458,87.01227421602864,
E1,cas-single,intervention,,42,1120,lombok,Lombok,0.6,436,0.05128497910149715,0.09756627388575254,0.06744531614228018,0.1763027810615777,0.09756627388535226,0.8999726181730218,0.06296810233632513,0.5495863153286215,0.47535689381671087,0.8994288085319245,nan,nan,nan,
E1,cas-single,intervention,,42,1120,lombok,Lombok,0.7,436,0.045916158688153456,0.08780084007066889,0.06459950544803437,0.13700824778971102,0.08780084007023338,0.9126864092065654,0.05190454611564546,0.5371187273188667,0.4791170619525511,0.9123179652169487,nan,nan,nan,
E1,cas-single,intervention,,42,1120,palu,Palu,0.3,817,0.02409501676648352,0.047056213284900145,0.025674736743718844,0.28140756237695863,0.04705621328474691,0.8620271530991814,0.04853220952503593,0.5752747242891527,0.4428252767241626,0.8615555366818417,nan,nan,nan,
E1,cas-single,intervention,,42,1120,palu,Palu,0.4,817,0.026871335931342208,0.05233632489501851,0.02924263242422155,0.24889687050648301,0.052336324894830345,0.8908866219304621,0.0531128963175964,0.5738251182650698,0.4587141036690076,0.8905568714066731,nan,nan,nan,
E1,cas-single,intervention,,42,1120,palu,Palu,0.5,817,0.02958917344891674,0.05747763129598373,0.03310907130368845,0.21772536241275248,0.057477631295754596,0.9135610704176866,0.05648519921859901,0.5699064943208558,0.4714609098321174,0.9133326462153181,0.09353367994734983,0.13201285418567923,68.83700959343456,
E1,cas-single,intervention,,42,1120,palu,Palu,0.6,817,0.03212231056189508,0.06224516267729443,0.037383456032973716,0.1858318059232654,0.06224516267701557,0.9322184792638847,0.05849058766406532,0.563598138455828,0.48209398371806345,0.9320656568742318,nan,nan,nan,
E1,cas-single,intervention,,42,1120,palu,Palu,0.7,817,0.03512519082895394,0.06786655592996402,0.04351858308346698,0.154061676509976,0.06786655592962053,0.9487699884533736,0.06078245245019671,0.5562848875599891,0.4918997291292855,0.948674267429617,nan,nan,nan,
E1,cas-single,intervention,,2026,1120,hokkaido_iburi_tobu,Hokkaido,0.3,1484,0.0967670522466464,0.17645871481720068,0.11776948776925272,0.3517495048722496,0.17645871481682485,0.6633816536546074,0.03338688797815449,0.5253656686677569,0.3737774819584896,0.6507879116703328,nan,nan,nan,
E1,cas-single,intervention,,2026,1120,hokkaido_iburi_tobu,Hokkaido,0.4,1484,0.09347820386185435,0.1709740597146169,0.1188416758048344,0.30458790969640054,0.17097405971421312,0.6971604586290221,0.032112710801721685,0.5232975011920658,0.39043836604862625,0.6873985282353982,nan,nan,nan,
E1,cas-single,intervention,,2026,1120,hokkaido_iburi_tobu,Hokkaido,0.5,1484,0.08985372083666081,0.16489134113829834,0.1196996189406543,0.26490387681919586,0.16489134113786966,0.7248969065211212,0.030671961383322482,0.5211746932338928,0.40353519949499833,0.7172166781533359,0.10523370164615328,0.1674650502907159,52.56870604440306,
E1,cas-single,intervention,,2026,1120,hokkaido_iburi_tobu,Hokkaido,0.6,1484,0.08554798105889753,0.1576125285138475,0.1205745189414863,0.22749400170331166,0.1576125285133947,0.7506822858537946,0.029139405385974114,0.5189720895446229,0.4151381626369627,0.7447283442150279,nan,nan,nan,
E1,cas-single,intervention,,2026,1120,hokkaido_iburi_tobu,Hokkaido,0.7,1484,0.0799992221923532,0.14814681445780697,0.12217366308164926,0.18814493473379837,0.14814681445732958,0.7781665730026534,0.02804675056047072,0.5168571481329387,0.42690126910618714,0.7738033160200211,nan,nan,nan,
E1,cas-single,intervention,,2026,1120,lombok,Lombok,0.3,436,0.06604045185058677,0.12389858515395777,0.07749159467555906,0.3088699113145799,0.12389858515363711,0.8660299318646072,0.10134078561409175,0.5962643154441865,0.4653945707654334,0.86474868968028,nan,nan,nan,
E1,cas-single,intervention,,2026,1120,lombok,Lombok,0.4,436,0.06322966886837367,0.11893887223006268,0.07678689152117049,0.2636919242864772,0.11893887222971335,0.8801816887811783,0.09176894397098188,0.5816898099640041,0.4712172168260966,0.8792047647838195,nan,nan,nan,
E1,cas-single,intervention,,2026,1120,lombok,Lombok,0.5,436,0.06063457311722847,0.11433640700401104,0.07643693279980554,0.22677998438990546,0.11433640700363397,0.8922460713517775,0.08398142559127734,0.5700408474756403,0.47606296454310165,0.8914913559689749,0.08052545816784891,0.11951584684482236,97.00322785410413,
E1,cas-single,intervention,,2026,1120,lombok,Lombok,0.6,436,0.05803982126429229,0.10971197888362705,0.07655872192657254,0.1935103998831525,0.10971197888322082,0.9036781241040711,0.07715190496044136,0.5598292713144951,0.4805714324681395,0.9031030436719867,nan,nan,nan,
E1,cas-single,intervention,,2026,1120,lombok,Lombok,0.7,436,0.054112128838699015,0.10266863905325443,0.07594914545721158,0.15839225155073966,0.10266863905281633,0.9150832989893922,0.06864691725535702,0.5487087937788677,0.4843904488558206,0.9146687688729422,nan,nan,nan,
E1,cas-single,intervention,,2026,1120,palu,Palu,0.3,817,0.028745289606024956,0.05588417248944769,0.03128960088957368,0.26117786458815473,0.05588417248925662,0.8931731617436123,0.05881505969522687,0.5810476507348997,0.4607898154701442,0.8928343413342634,nan,nan,nan,
E1,cas-single,intervention,,2026,1120,palu,Palu,0.4,817,0.03112502628802896,0.060371003504932214,0.03480504565494157,0.22742673060189214,0.060371003504702,0.9143007388167457,0.06083563393458651,0.5750721056645466,0.47259458835394225,0.9140641504198556,nan,nan,nan,
E1,cas-single,intervention,,2026,1120,palu,Palu,0.5,817,0.033701001009421264,0.06520454362820939,0.03903650438705466,0.19779806096063293,0.06520454362793408,0.9313456092937193,0.06295358488871783,0.5690661676536121,0.4824409142911157,0.9311808275728101,0.08625875339707141,0.12133724379035135,74.31804392534387,
E1,cas-single,intervention,,2026,1120,palu,Palu,0.6,817,0.036767912418367105,0.07092795210569777,0.04483842603845671,0.16962583081850666,0.07092795210536705,0.9462062877715728,0.06557396195113556,0.5626740478058183,0.4914317569602105,0.946095601502054,nan,nan,nan,
E1,cas-single,intervention,,2026,1120,palu,Palu,0.7,817,0.039983485772357726,0.07689253977463585,0.05302206093957282,0.1398552200396201,0.07689253977423718,0.9593505859375,0.06795211961541006,0.5546238245178975,0.49963256782859855,0.9592816498848393,nan,nan,nan,
E1,cas-single,intervention,,777,1120,hokkaido_iburi_tobu,Hokkaido,0.3,1484,0.08445461024801143,0.15575499324715292,0.1063908475192154,0.29058152087359107,0.15575499324676056,0.6770341981132075,0.007946885332971458,0.5058816161076806,0.3757857739629132,0.6671169376778149,nan,nan,nan,
E1,cas-single,intervention,,777,1120,hokkaido_iburi_tobu,Hokkaido,0.4,1484,0.08025677250523107,0.14858832556838691,0.10582360621253215,0.24935664482100586,0.14858832556796858,0.7070200629632749,0.006136423117009645,0.504329590577295,0.3897950833370898,0.6993333941689485,nan,nan,nan,
E1,cas-single,intervention,,777,1120,hokkaido_iburi_tobu,Hokkaido,0.5,1484,0.0757256545372969,0.14078990162202437,0.10468749755723114,0.21490008588766568,0.14078990162158386,0.7310779088269668,0.0036797835760212956,0.5024725132036483,0.40037249212700265,0.7250193297167085,0.08723534197682568,0.14492363372703915,58.397399898654996,
E1,cas-single,intervention,,777,1120,hokkaido_iburi_tobu,Hokkaido,0.6,1484,0.0709143520743133,0.1324370187717727,0.10359745594125848,0.18352762024574062,0.13243701877131145,0.7534783458452662,0.0016647699971510592,0.5010579486078618,0.4098325627264923,0.7487507733786714,nan,nan,nan,
E1,cas-single,intervention,,777,1120,hokkaido_iburi_tobu,Hokkaido,0.7,1484,0.06546905340998554,0.12289245417397117,0.10299456519970097,0.1523196288818437,0.12289245417348987,0.7770818005996252,0.0006536879005541867,0.500386450491912,0.4195071953034873,0.773545337196989,nan,nan,nan,
E1,cas-single,intervention,,777,1120,lombok,Lombok,0.3,436,0.0523363136585976,0.0994668966171906,0.06026597996740499,0.28456928462862124,0.09946689661690218,0.8419650016574685,0.07063594700185905,0.5720852657676819,0.44645494084721243,0.8405735680358273,nan,nan,nan,
E1,cas-single,intervention,,777,1120,lombok,Lombok,0.4,436,0.052103653488580114,0.09904661639718498,0.06176174663189525,0.24992126487409227,0.0990466163968672,0.8605527265356221,0.06787742126792468,0.5648973194979697,0.45578962378348037,0.8594755940783806,nan,nan,nan,
E1,cas-single,intervention,,777,1120,lombok,Lombok,0.5,436,0.051813705172780354,0.09852258991865669,0.06345344875424577,0.2202483922059072,0.09852258991830944,0.8763836501935206,0.06562802715705726,0.5586962250414726,0.46367832247365154,0.8755429397745227,0.06901752776588958,0.10585470310462698,88.86995696772405,
E1,cas-single,intervention,,777,1120,lombok,Lombok,0.6,436,0.05093909485156203,0.09694014639117947,0.06495062473713861,0.19102282633998055,0.09694014639080077,0.8908453425136181,0.06260240973280591,0.5520054302849912,0.4705705834920159,0.8902020721324698,nan,nan,nan,
E1,cas-single,intervention,,777,1120,lombok,Lombok,0.7,436,0.049304936381631706,0.09397637363958711,0.06643407499475819,0.16052836974927998,0.09397637363917305,0.90506709387543,0.05868289674182118,0.5445764978982012,0.47695116207541816,0.9045973877692046,nan,nan,nan,
E1,cas-single,intervention,,777,1120,palu,Palu,0.3,817,0.022158250017397758,0.04335581113202503,0.023398812055035047,0.2947500293139306,0.04335581113188876,0.8425420716751454,0.04380551888040071,0.5720022877272863,0.43206824576450825,0.8419782415116187,nan,nan,nan,
E1,cas-single,intervention,,777,1120,palu,Palu,0.4,817,0.02506973263487312,0.04891322382611581,0.027004042024714976,0.2592524021994705,0.04891322382594494,0.8779538176780524,0.04940455245366873,0.5723937979480882,0.4513196608713387,0.8775695891078042,nan,nan,nan,
E1,cas-single,intervention,,777,1120,palu,Palu,0.5,817,0.02814412560584844,0.05474743259222362,0.031148671075139786,0.22587154944180104,0.05474743259201062,0.90558234860293,0.05401926160878298,0.5698914321021351,0.46673380220642685,0.9053234788070053,0.07505939202402132,0.12204011903659519,65.22822951793039,
E1,cas-single,intervention,,777,1120,palu,Palu,0.6,817,0.03128356119752386,0.06066917455989984,0.0360268342591917,0.1919908170255309,0.06066917455963376,0.9280321548443238,0.05744344440904984,0.5645210975243566,0.47957403234868096,0.9278645034998381,nan,nan,nan,
E1,cas-single,intervention,,777,1120,palu,Palu,0.7,817,0.03442235826107883,0.06655377851450295,0.04234753440926418,0.1553576608100519,0.06655377851416633,0.9472458277950964,0.05961756904053036,0.5561535207883221,0.4907843932352839,0.9471464282094889,nan,nan,nan,
E1,cas-multistream,intervention,,42,1120,hokkaido_iburi_tobu,Hokkaido,0.3,1484,0.09182069062362296,0.16819738151541547,0.11091725982983985,0.3478185696273775,0.16819738151504882,0.6472915690542874,0.01904335151514502,0.5146606413583854,0.3630347336669558,0.6342487767102887,nan,nan,nan,
E1,cas-multistream,intervention,,42,1120,hokkaido_iburi_tobu,Hokkaido,0.4,1484,0.08901673863293547,0.16348093739069605,0.11171004266976753,0.304683385009012,0.16348093739030342,0.6803170175886539,0.018864548554118243,0.5139559858490333,0.3795127744487015,0.6700088102644676,nan,nan,nan,
E1,cas-multistream,intervention,,42,1120,hokkaido_iburi_tobu,Hokkaido,0.5,1484,0.08633910219749126,0.15895423818003235,0.1134999914994272,0.26513494312198654,0.15895423817961254,0.7123419666547338,0.020302883105269256,0.5142824336858941,0.39532156778335936,0.7043040333692274,0.09712178983139615,0.1601813943808887,51.73350960283893,
E1,cas-multistream,intervention,,42,1120,hokkaido_iburi_tobu,Hokkaido,0.6,1484,0.08288608165581027,0.1530836586782453,0.11597690394950565,0.22510631657447416,0.1530836586777965,0.7446349933141004,0.022102773851024462,0.5145455679152731,0.41074411814063144,0.7386021546254526,nan,nan,nan,
E1,cas-multistream,intervention,,42,1120,hokkaido_iburi_tobu,Hokkaido,0.7,1484,0.07786334149333073,0.1444772050331624,0.1193536132218189,0.18299769214506953,0.14447720503268455,0.7778021306040473,0.023958815962650457,0.5143744939843118,0.42570844926088897,0.7735535570284472,nan,nan,nan,
E1,cas-multistream,intervention,,42,1120,lombok,Lombok,0.3,436,0.060832831878778575,0.1146888181638216,0.07245179560253243,0.27501152499669085,0.11468881816349152,0.8697823340739679,0.08795857181854128,0.5818063343222102,0.46475374390488267,0.8686746559309868,nan,nan,nan,
E1,cas-multistream,intervention,,42,1120,lombok,Lombok,0.4,436,0.058871726223104395,0.11119708792885478,0.07303810752343333,0.23285057670627005,0.11119708792849127,0.8858348601454988,0.08089286509251328,0.5696730731584629,0.47194270387609355,0.8850136815290827,nan,nan,nan,
E1,cas-multistream,intervention,,42,1120,lombok,Lombok,0.5,436,0.055766176113420794,0.1056411492906737,0.07230946707196928,0.19597971600582412,0.10564114929027996,0.8982266767309346,0.07271464959028887,0.5582128974716841,0.47668871223431963,0.8976112483552184,0.08038316776378364,0.11710530011161414,95.93439734258942,
E1,cas-multistream,intervention,,42,1120,lombok,Lombok,0.6,436,0.051578931993456416,0.09809807029069953,0.07050416879631996,0.1611810725321673,0.09809807029027612,0.9091014337102208,0.06343876912355187,0.5469735174476701,0.48011439142346957,0.9086498508534827,nan,nan,nan,
E1,cas-multistream,intervention,,42,1120,lombok,Lombok,0.7,436,0.0452093462700917,0.08650773441975937,0.06640832113685065,0.12405460794471652,0.08650773441930518,0.9196460968857512,0.05109812141575589,0.5344367844495449,0.48227427416761287,0.9193392020651341,nan,nan,nan,
E1,cas-multistream,intervention,,42,1120,palu,Palu,0.3,817,0.025135544916631187,0.04903848089410523,0.026821533021614958,0.28564728244434984,0.0490384808939483,0.8658892515969248,0.05177071952162028,0.5793233199426893,0.44527972547704003,0.8654239060374489,nan,nan,nan,
E1,cas-multistream,intervention,,42,1120,palu,Palu,0.4,817,0.027831099305831292,0.05415500528175815,0.030353416383259106,0.25089021778707593,0.0541550052815656,0.8939104395367962,0.05564066578049376,0.5763400142410549,0.4607091755256534,0.8935872517454755,nan,nan,nan,
E1,cas-multistream,intervention,,42,1120,palu,Palu,0.5,817,0.030355616476994227,0.058922601073960384,0.03406865654644195,0.2178487894889502,0.0589226010737265,0.915762370190101,0.05817510565432879,0.5710815885502278,0.4729476265544343,0.9155396366318743,0.09403396133415694,0.13395786535983734,68.35516248328523,
E1,cas-multistream,intervention,,42,1120,palu,Palu,0.6,817,0.03299342242708262,0.06387924978178953,0.03859684778260428,0.18517764241941756,0.06387924978150407,0.9342995763846389,0.06015366182677572,0.5643283637836456,0.48357269557440175,0.9341519687217209,nan,nan,nan,
E1,cas-multistream,intervention,,42,1120,palu,Palu,0.7,817,0.035773962006480226,0.06907677412005923,0.04489700729805416,0.1496985293663871,0.06907677411970425,0.9511564854746787,0.06149707103708185,0.5553379165261098,0.49342088741219764,0.9510678128179151,nan,nan,nan,
E1,cas-multistream,intervention,,2026,1120,hokkaido_iburi_tobu,Hokkaido,0.3,1484,0.09427351718467915,0.17230338796322844,0.1144437447633702,0.3484909083834144,0.1723033879628562,0.6567339627247937,0.026470880636258222,0.5202189435699753,0.3691442056791368,0.6440148941735945,nan,nan,nan,
E1,cas-multistream,intervention,,2026,1120,hokkaido_iburi_tobu,Hokkaido,0.4,1484,0.0904171985521788,0.16583964132669932,0.11477302514532225,0.298775549173597,0.16583964132629833,0.6918456702219508,0.024361561767176878,0.5177623475052147,0.38626258057217017,0.6821079625921616,nan,nan,nan,
E1,cas-multistream,intervention,,2026,1120,hokkaido_iburi_tobu,Hokkaido,0.5,1484,0.08632278035708915,0.15892657673755803,0.11530474453974525,0.2556395622416801,0.1589265767371296,0.7225865777933372,0.022849675765354807,0.5157845756897578,0.40072138612390834,0.7151199918907275,0.1032233013073087,0.16484566818363186,52.72944813693843,
E1,cas-multistream,intervention,,2026,1120,hokkaido_iburi_tobu,Hokkaido,0.6,1484,0.08161620793405458,0.15091528276919214,0.1163272241207288,0.2147753261304297,0.15091528276873634,0.7522211614644753,0.02198573146386243,0.5141965653804776,0.4141292214857099,0.7466422350373653,nan,nan,nan,
E1,cas-multistream,intervention,,2026,1120,hokkaido_iburi_tobu,Hokkaido,0.7,1484,0.0757508643728726,0.14083347154367915,0.11913577334380612,0.17219454017605165,0.14083347154319573,0.7845964457468203,0.02283922165854913,0.5133752237534405,0.4282380803367453,0.780725296300618,nan,nan,nan,
E1,cas-multistream,intervention,,2026,1120,lombok,Lombok,0.3,436,0.06090380964445642,0.11481495134769529,0.06963338825462093,0.3269675793855465,0.11481495134740581,0.8453733111740253,0.09268950647447476,0.5943717377773186,0.45235540052890155,0.8438069914133467,nan,nan,nan,
E1,cas-multistream,intervention,,2026,1120,lombok,Lombok,0.4,436,0.05973767307675861,0.11274049152809859,0.07015188695352333,0.28693818493854095,0.11274049152778289,0.8614829527128727,0.08672482372217616,0.5832999931983658,0.45999539857959665,0.8602531240824347,nan,nan,nan,
E1,cas-multistream,intervention,,2026,1120,lombok,Lombok,0.5,436,0.05780012007339698,0.10928363303529676,0.06995674717244714,0.24959719566021116,0.10928363303495475,0.875213343069094,0.07986936513313976,0.5723026541763107,0.46602541658807434,0.8742507131027517,0.08406997754971295,0.12549863790275026,90.06641273733823,
E1,cas-multistream,intervention,,2026,1120,lombok,Lombok,0.6,436,0.05559563536768983,0.1053350989810118,0.06983873295922118,0.2142097503754182,0.10533509898064097,0.8883983367079988,0.0732028247216482,0.5619698550016551,0.4716279602627216,0.8876602851577533,nan,nan,nan,
E1,cas-multistream,intervention,,2026,1120,lombok,Lombok,0.7,436,0.05133602624642051,0.09765864569428911,0.06803424511213677,0.172979930530515,0.09765864569388392,0.9019607403956422,0.0630208058509791,0.5490029719294354,0.47638693245444624,0.901437838662472,nan,nan,nan,
E1,cas-multistream,intervention,,2026,1120,palu,Palu,0.3,817,0.02259520536829818,0.04419188599688434,0.023951099859376344,0.2852708298619468,0.04419188599674143,0.8506197795144201,0.04446129828975342,0.5714091103801026,0.4363486709285957,0.8501021364888932,nan,nan,nan,
E1,cas-multistream,intervention,,2026,1120,palu,Palu,0.4,817,0.025166409161812422,0.049097217655402425,0.027208568937201427,0.2511062151704219,0.049097217655226025,0.8822545176474526,0.04897955938162077,0.5705473145723837,0.4535309605222714,0.8818955118827303,nan,nan,nan,
E1,cas-multistream,intervention,,2026,1120,palu,Palu,0.5,817,0.028399685201769383,0.0552308321568524,0.031588021391893525,0.21958293990952796,0.05523083215663252,0.9090609789770119,0.054003132728642184,0.5685462848933186,0.46860914610892845,0.9088186070160875,0.08393805155994442,0.1258622737764774,64.79166953419374,
E1,cas-multistream,intervention,,2026,1120,palu,Palu,0.6,817,0.03284172000511791,0.0635948749338963,0.03824947750550044,0.1885040021229457,0.06359487493361585,0.932799919436582,0.060217605626067275,0.5652121469027733,0.4827439721605878,0.9326462243160577,nan,nan,nan,
E1,cas-multistream,intervention,,2026,1120,palu,Palu,0.7,817,0.03912760986093237,0.07530857517330111,0.049777756583352706,0.1546047556452459,0.07530857517293263,0.9540397055729805,0.06809002524241589,0.5592202450682909,0.49654056868104285,0.9539535275011534,nan,nan,nan,
E1,cas-multistream,intervention,,777,1120,hokkaido_iburi_tobu,Hokkaido,0.3,1484,0.08701405733250539,0.1600973910972869,0.11383355563704999,0.2697133454028035,0.1600973910968695,0.7098589791763182,0.02111645509704243,0.5149268021840828,0.39431087090700234,0.7016076844814992,nan,nan,nan,
E1,cas-multistream,intervention,,777,1120,hokkaido_iburi_tobu,Hokkaido,0.4,1484,0.08153217152370554,0.1507716065604221,0.11279969068811144,0.22728178976897784,0.15077160655997876,0.7374986098461717,0.017282720739755,0.5115332296536672,0.4063839941631903,0.7312358168026751,nan,nan,nan,
E1,cas-multistream,intervention,,777,1120,hokkaido_iburi_tobu,Hokkaido,0.5,1484,0.0757965748670389,0.14091246735268115,0.1112985415078101,0.19199884787774024,0.14091246735221652,0.7599793303044979,0.013406226580142016,0.5084315165063044,0.41547813841301234,0.7551597019589857,0.0813693191898539,0.13322320932614776,63.76105849867346,
E1,cas-multistream,intervention,,777,1120,hokkaido_iburi_tobu,Hokkaido,0.6,1484,0.0692650219503795,0.1295563223868251,0.1091533349308699,0.1593402736129904,0.1295563223863426,0.7804822484759307,0.009166591311640628,0.5053902150886506,0.4230507863744158,0.776836550798452,nan,nan,nan,
E1,cas-multistream,intervention,,777,1120,hokkaido_iburi_tobu,Hokkaido,0.7,1484,0.06184197598560643,0.11648056374528692,0.10702780919813239,0.12776482264257213,0.11648056374479082,0.8012825690832421,0.005542782856317862,0.5029942970152245,0.43024348214948727,0.798644988313368,nan,nan,nan,
E1,cas-multistream,intervention,,777,1120,lombok,Lombok,0.3,436,0.05768778063559876,0.10908281572645627,0.06656264524267977,0.30200055685132526,0.10908281572616031,0.8487021070007884,0.08369409719454997,0.5840002704826616,0.4524877049641194,0.84728762929264,nan,nan,nan,
E1,cas-multistream,intervention,,777,1120,lombok,Lombok,0.4,436,0.057890887293737724,0.10944585682523898,0.06887980719841394,0.2662525275116505,0.10944585682491242,0.8671079863102065,0.08127215301574463,0.5761859221923393,0.46195237326852084,0.866013859243304,nan,nan,nan,
E1,cas-multistream,intervention,,777,1120,lombok,Lombok,0.5,436,0.057522943656434844,0.10878807689513872,0.07101387225033924,0.23241696296938688,0.1087880768947802,0.8832083885822821,0.0781580601047981,0.5681083390161387,0.4699464186396679,0.882369893622901,0.07538224723851238,0.11359899282846331,92.41784735246236,
E1,cas-multistream,intervention,,777,1120,lombok,Lombok,0.6,436,0.05656787755452114,0.10707854886796352,0.07328788687434655,0.1986863785950002,0.10707854886756982,0.8983697453770069,0.07443446555871625,0.5595972064702683,0.4771572599845913,0.8977466424146614,nan,nan,nan,
E1,cas-multistream,intervention,,777,1120,lombok,Lombok,0.7,436,0.052977156069923974,0.10062356199189182,0.07343230862167333,0.1597935085741411,0.10062356199146039,0.9123917325921015,0.06632231903446498,0.5479988897267914,0.4824687086266621,0.9119602611834002,nan,nan,nan,
E1,cas-multistream,intervention,,777,1120,palu,Palu,0.3,817,0.02421463034350115,0.04728428910526311,0.02548689611999952,0.3266374144496078,0.04728428910512883,0.8406617854479039,0.052436435303328775,0.5867989478747466,0.43212194075677396,0.8400292511700468,nan,nan,nan,
E1,cas-multistream,intervention,,777,1120,palu,Palu,0.4,817,0.027280294673421246,0.05311168687820264,0.029234516687074327,0.2898252889736421,0.053111686878036184,0.8749013875076499,0.057844506094262824,0.5859480091267487,0.45087061807369416,0.874460941473967,nan,nan,nan,
E1,cas-multistream,intervention,,777,1120,palu,Palu,0.5,817,0.030850751281691,0.059854932915037865,0.03393565301625453,0.2533834447262696,0.059854932914829545,0.9036435672381808,0.06292695243382221,0.5824975493150542,0.4670989277032045,0.903347104124718,0.07801626647863819,0.12783328337577118,66.99758249997879,
E1,cas-multistream,intervention,,777,1120,palu,Palu,0.6,817,0.03465369826646419,0.06698608109075639,0.03972030443398251,0.21363375483679856,0.066986081090492,0.92795879312653,0.06664028917935358,0.5751728331581327,0.4812128508300197,0.9277720033935752,nan,nan,nan,
E1,cas-multistream,intervention,,777,1120,palu,Palu,0.7,817,0.03832227757848284,0.07381576685006877,0.047176468770228484,0.1695641172804078,0.07381576684972821,0.9484902128595472,0.06840033193542838,0.5637995249463156,0.49335327111314126,0.9483842646477997,nan,nan,nan,
E1,pooled,intervention,,42,1120,hokkaido_iburi_tobu,Hokkaido,0.3,1484,0.21054067954415168,0.34784569094106627,0.26709899958092004,0.4985676697324405,0.34784569094061196,0.8083318828572481,0.26393741424303363,0.6711431712459982,0.5042737479856056,0.7980068164270595,nan,nan,nan,
E1,pooled,intervention,,42,1120,hokkaido_iburi_tobu,Hokkaido,0.4,1484,0.18828239558968896,0.316898401067792,0.3010977612835096,0.3344492177643453,0.3168984010672934,0.8521717410845898,0.2346783283789732,0.6228822268765281,0.5176025913876606,0.8469227871856323,nan,nan,nan,
E1,pooled,intervention,,42,1120,hokkaido_iburi_tobu,Hokkaido,0.5,1484,0.14986994361253886,0.2606728603440028,0.328704362304037,0.21597318026260526,0.2606728603435242,0.8743962290473383,0.20039272025172825,0.5827931130943202,0.5107109897878201,0.8715520359631015,0.19568980137579245,0.2778356999331132,59.86018619804422,
E1,pooled,intervention,,42,1120,hokkaido_iburi_tobu,Hokkaido,0.6,1484,0.10679174799024084,0.19297532382972282,0.36106851587439526,0.13167489773510896,0.19297532382933116,0.8870854133544264,0.16797823406169718,0.5525283826052066,0.49616597481136787,0.8855402016324949,nan,nan,nan,
E1,pooled,intervention,,42,1120,hokkaido_iburi_tobu,Hokkaido,0.7,1484,0.06427346856634833,0.12078374678066388,0.40909606809890553,0.07085110624998245,0.1207837467804122,0.8942462273363797,0.13588465318758391,0.5295801005771894,0.4788729372101121,0.8934724058538759,nan,nan,nan,
E1,pooled,intervention,,42,1120,lombok,Lombok,0.3,436,0.06375128271314139,0.1198612565721963,0.07008272360850912,0.4137177128929339,0.11986125657194857,0.8136537884353497,0.10747790347960666,0.6200128271887837,0.43750509287946604,0.8112589030457906,nan,nan,nan,
E1,pooled,intervention,,42,1120,lombok,Lombok,0.4,436,0.061991780312985,0.11674625258345236,0.07089287409972991,0.33053690509336386,0.11674625258316157,0.8466066132991685,0.09529166069688363,0.596736095287826,0.453513715411085,0.8450356505091849,nan,nan,nan,
E1,pooled,intervention,,42,1120,lombok,Lombok,0.5,436,0.05937550408559772,0.11209529360761993,0.07117012603479318,0.26377408267872876,0.11209529360728525,0.8718391908418148,0.08411818904159281,0.5774263602775729,0.46508471158092907,0.8707939190762605,0.1436465883003428,0.18329459722114433,76.90863719759182,
E1,pooled,intervention,,42,1120,lombok,Lombok,0.6,436,0.054275380562600166,0.10296243574166898,0.06912224724724725,0.2017171103980574,0.10296243574128884,0.892200015006809,0.06992119898569522,0.5578821538550729,0.4729021605125787,0.8915289404625573,nan,nan,nan,
E1,pooled,intervention,,42,1120,lombok,Lombok,0.7,436,0.046811532750692594,0.08943641006263382,0.06514726580826774,0.14260414717306666,0.08943641006220333,0.910942147631164,0.05364204051151886,0.5389284232648779,0.4786812296966538,0.9105509266426149,nan,nan,nan,
E1,pooled,intervention,,42,1120,palu,Palu,0.3,817,0.03240285139249736,0.0627717200679805,0.03470048816095625,0.3285752195459118,0.06277172006780771,0.8812253618181992,0.07434390889498488,0.6082862927425872,0.45657694906075846,0.8807510467290196,nan,nan,nan,
E1,pooled,intervention,,42,1120,palu,Palu,0.4,817,0.03389820894482273,0.06557359061375802,0.03755641362419885,0.25816624392893067,0.06557359061353628,0.9109317027807528,0.07011711662541709,0.5885483664964564,0.4722753416767659,0.910652474408709,nan,nan,nan,
E1,pooled,intervention,,42,1120,palu,Palu,0.5,817,0.035931246848277414,0.06936994507617147,0.04167994225120725,0.20667246773924797,0.06936994507589216,0.9328732064479421,0.0683412630256525,0.574222156852235,0.48431804566583164,0.9327048444833859,0.12486755052021936,0.16137346599254904,68.33780065464789,
E1,pooled,intervention,,42,1120,palu,Palu,0.6,817,0.038773965763811154,0.07465332602035446,0.04812800800050003,0.16631798517640814,0.07465332602000634,0.9500883328870869,0.06882883621978858,0.5630051988926628,0.4943808034244732,0.9499876410851352,nan,nan,nan,
E1,pooled,intervention,,42,1120,palu,Palu,0.7,817,0.04234318571652883,0.08124615058987741,0.058787169694695246,0.1314745215657959,0.0812461505894504,0.9640047220442549,0.07120849490445308,0.5528404057525051,0.5031452641515427,0.9639473425865567,nan,nan,nan,
E1,pooled,intervention,,2026,1120,hokkaido_iburi_tobu,Hokkaido,0.3,1484,0.30401971069068623,0.46628085173599,0.4024372765703579,0.5542004925402891,0.46628085173550254,0.8699249103062879,0.400883301398195,0.7300965367811715,0.5830542751278773,0.8620888395650685,nan,nan,nan,
E1,pooled,intervention,,2026,1120,hokkaido_iburi_tobu,Hokkaido,0.4,1484,0.28298379440604937,0.4411338563119657,0.4768659419360944,0.41038338151894804,0.4411338563114685,0.8933921464369946,0.38389299493078244,0.6794766993051156,0.5858467118135311,0.8887096292210127,nan,nan,nan,
E1,pooled,intervention,,2026,1120,hokkaido_iburi_tobu,Hokkaido,0.5,1484,0.2334994705003925,0.37859679081283915,0.5456536383051349,0.2898550259528376,0.378596790812386,0.9024472712185183,0.35059902718497865,0.6311417513740405,0.5664794619783624,0.8994594534563323,0.2988780331993123,0.392655270957393,55.17880385260558,
E1,pooled,intervention,,2026,1120,hokkaido_iburi_tobu,Hokkaido,0.6,1484,0.1705091870431444,0.2913419030462672,0.6127709002222771,0.19110025670022077,0.2913419030459048,0.9046859124278765,0.30570746819399636,0.5886523211165955,0.5366451618965974,0.9027811367500503,nan,nan,nan,
E1,pooled,intervention,,2026,1120,hokkaido_iburi_tobu,Hokkaido,0.7,1484,0.10182438530286471,0.18482870167168367,0.6673338341248668,0.10726932181638975,0.18482870167144508,0.9029898836284956,0.241026435952463,0.55058029577982,0.501867751341661,0.9019111173804573,nan,nan,nan,
E1,pooled,intervention,,2026,1120,lombok,Lombok,0.3,436,0.05800804812979734,0.10965521147468789,0.06277639659896941,0.433006677651548,0.1096552114744667,0.7843409547018348,0.09645335284480823,0.6142320015782261,0.419723216659922,0.7814383851900467,nan,nan,nan,
E1,pooled,intervention,,2026,1120,lombok,Lombok,0.4,436,0.05721249493407376,0.10823272560289111,0.06344878396652504,0.3679235379229446,0.10823272560264022,0.8140506569398652,0.08841942498277455,0.5980449264054724,0.4345704549446209,0.811928414955168,nan,nan,nan,
E1,pooled,intervention,,2026,1120,lombok,Lombok,0.5,436,0.05522733424869301,0.10467381284813682,0.06300215231387693,0.3091665943977105,0.10467381284785557,0.8377891330544008,0.07892900979232753,0.5818407883514353,0.4457318178797005,0.836236301510708,0.12302591632987986,0.1606076602659264,79.91910281381467,
E1,pooled,intervention,,2026,1120,lombok,Lombok,0.6,436,0.05314251053972188,0.10092178410400894,0.06268661337910107,0.25873503462063363,0.10092178410369494,0.8586122005357655,0.07069195683233585,0.5681638060514017,0.45531188318640026,0.8574812558330787,nan,nan,nan,
E1,pooled,intervention,,2026,1120,lombok,Lombok,0.7,436,0.05109669834686181,0.09722549490874703,0.06308780837854588,0.21187280055137409,0.09722549490839345,0.8793246767936497,0.06371130878114495,0.5561579738997245,0.4648160402628412,0.8785353821788205,nan,nan,nan,
E1,pooled,intervention,,2026,1120,palu,Palu,0.3,817,0.03357494181930446,0.06496856775611386,0.03598131275752426,0.3342343509895766,0.06496856775593839,0.8835387212410113,0.07771334476908377,0.6122520391474346,0.45832027173752177,0.8830656016557391,nan,nan,nan,
E1,pooled,intervention,,2026,1120,palu,Palu,0.4,817,0.035946605482358,0.06939856801909308,0.039834295468057765,0.26917593912576604,0.0693985680188685,0.9126109539951806,0.07568311537342125,0.5948356735129684,0.474135936974997,0.9123252684676361,nan,nan,nan,
E1,pooled,intervention,,2026,1120,palu,Palu,0.5,817,0.03767441260671085,0.07261316680647466,0.04362775660147019,0.21635532186695797,0.07261316680619537,0.9331008369511169,0.07284668102771294,0.5791194684729636,0.4852997883310739,0.9329251640554369,0.15825987283571136,0.19572650434331565,69.93198287370515,
E1,pooled,intervention,,2026,1120,palu,Palu,0.6,817,0.03918717679481802,0.07541889982839024,0.048312926020018604,0.17181666142101593,0.07541889982804763,0.949003819590537,0.07022642378676074,0.5651719461811985,0.49404235413408576,0.9488975314733535,nan,nan,nan,
E1,pooled,intervention,,2026,1120,palu,Palu,0.7,817,0.03918033874529652,0.07540623563490963,0.053523752799968925,0.12755571189651874,0.07540623563449321,0.9621338488276469,0.06527866585462218,0.5499581116998882,0.5006278138753774,0.9620752890054581,nan,nan,nan,
E1,pooled,intervention,,777,1120,hokkaido_iburi_tobu,Hokkaido,0.3,1484,0.20511347051955633,0.340405240729948,0.28043599751722625,0.43299899590459046,0.34040524072947087,0.8279598266930593,0.25435410246578355,0.653039144390267,0.5125405179826968,0.8199675654458374,nan,nan,nan,
E1,pooled,intervention,,777,1120,hokkaido_iburi_tobu,Hokkaido,0.4,1484,0.19298412508519047,0.32353175709091614,0.32480781601443587,0.3222656853302182,0.32353175709041615,0.8618322819712348,0.24659398773222677,0.6228684408130455,0.5250476471395298,0.8571111691938692,nan,nan,nan,
E1,pooled,intervention,,777,1120,hokkaido_iburi_tobu,Hokkaido,0.5,1484,0.1662133236680948,0.2850478901155124,0.3645732292677073,0.23400397385901986,0.28504789011503623,0.8796504758438974,0.2292821078203884,0.5937058508334945,0.521452736909563,0.8766921501510312,0.22573318368277526,0.3056812329855546,62.27789302780729,
E1,pooled,intervention,,777,1120,hokkaido_iburi_tobu,Hokkaido,0.6,1484,0.12944945454805992,0.2292257595535483,0.4075647054239561,0.15945339982373172,0.22922575955314403,0.8900590264250968,0.20556671041137878,0.5664876119021834,0.5088406450227587,0.8882318354974575,nan,nan,nan,
E1,pooled,intervention,,777,1120,hokkaido_iburi_tobu,Hokkaido,0.7,1484,0.08674431873950386,0.1596407126197211,0.45534566743227917,0.09678669411113888,0.159640712619432,0.8955282123904986,0.17360572196081828,0.5417807000559844,0.49061272807140416,0.8944811374033045,nan,nan,nan,
E1,pooled,intervention,,777,1120,lombok,Lombok,0.3,436,0.05461403541859193,0.1035716074021617,0.05956495654707828,0.39652378713673436,0.10357160740193463,0.789482466671445,0.08488187594500703,0.5992198194919396,0.42075239824227595,0.78689076106596,nan,nan,nan,
E1,pooled,intervention,,777,1120,lombok,Lombok,0.4,436,0.05492536871299447,0.10413128803604987,0.061529042245528805,0.3385199622071396,0.10413128803578958,0.8213547172896359,0.08063617183409771,0.5875758915845041,0.43720292866502297,0.8194804886170515,nan,nan,nan,
E1,pooled,intervention,,777,1120,lombok,Lombok,0.5,436,0.054901699468126536,0.10408874968313646,0.06344797927772054,0.2895672534905906,0.1040887496828416,0.84711855267166,0.076693033743579,0.57716348704957,0.45032517019500223,0.845748640921878,0.13579186895289344,0.17467536953626112,72.53123927919457,
E1,pooled,intervention,,777,1120,lombok,Lombok,0.6,436,0.05473511070688124,0.10378930245376564,0.06572133918690486,0.24666687966990583,0.10378930245343337,0.8693490684579271,0.07332066672577309,0.5678589430060156,0.4615441168647261,0.868353123022571,nan,nan,nan,
E1,pooled,intervention,,777,1120,lombok,Lombok,0.7,436,0.05314757167848982,0.10093091055374902,0.06758124889702126,0.19926148734076107,0.10093091055337079,0.8911229404834432,0.0674998899170518,0.5561376140052213,0.4718005171915933,0.8904534627046968,nan,nan,nan,
E1,pooled,intervention,,777,1120,palu,Palu,0.3,817,0.03221357002725539,0.06241648233011468,0.03475090108550592,0.30613000573935906,0.06241648232993158,0.8886669443753825,0.07154577069920046,0.6009675889029717,0.4602332001644178,0.8882528303015802,nan,nan,nan,
E1,pooled,intervention,,777,1120,palu,Palu,0.4,817,0.033999315765511275,0.06576274325740769,0.03807570295180288,0.24102839439887927,0.06576274325717209,0.9171002877094171,0.06841394863705225,0.5832065291198288,0.47542850816093735,0.9168577005563634,nan,nan,nan,
E1,pooled,intervention,,777,1120,palu,Palu,0.5,817,0.03591481758219998,0.06933932592261646,0.04228460200694283,0.19251538209937114,0.06933932592232116,0.9374417289817931,0.06665073226900717,0.5695426042081847,0.4866052080065424,0.9372955984308848,0.12046459267962387,0.15516633757984608,70.62686575695112,
E1,pooled,intervention,,777,1120,palu,Palu,0.6,817,0.037450692313865414,0.0721975368879223,0.047563700509604075,0.14976024290448595,0.07219753688755642,0.9534052238324281,0.06454491992917734,0.5565065420373005,0.49538564550593356,0.9533205986980017,nan,nan,nan,
E1,pooled,intervention,,777,1120,palu,Palu,0.7,817,0.03855216665351669,0.07424213802902503,0.055629575154851396,0.11157190552891588,0.074242138028581,0.9663171102834303,0.06278231868912128,0.5441813997535697,0.502411861353246,0.9662715560529753,nan,nan,nan,
E1,cas-single,intervention,,42,1120,target_macro,Target Macro,0.3,2737,0.05645388093121323,0.10571964885787982,0.06631613941168148,0.30211316007517847,0.10571964885760536,0.7867014249184702,0.046617559341532507,0.5544752022133729,0.4191795101015623,0.7819051392719114,nan,nan,nan,3
E1,cas-single,intervention,,42,1120,target_macro,Target Macro,0.4,2737,0.0559730637757758,0.1050570316550976,0.0677827275957667,0.26434948656042917,0.10505703165479308,0.8121889960191203,0.045967001627458946,0.5500848224064941,0.43216857932621755,0.8083640948766594,nan,nan,nan,3
E1,cas-single,intervention,,42,1120,target_macro,Target Macro,0.5,2737,0.05534787576778589,0.10410439734344164,0.0694275471476452,0.2301076185050677,0.10410439734310506,0.8340060975722253,0.045260091755156585,0.545439382840177,0.4431519706102997,0.8309560654528134,0.09029394044943567,0.13829715376484172,69.39822861033855,3
E1,cas-single,intervention,,42,1120,target_macro,Target Macro,0.6,2737,0.05413656070002324,0.10208247593019658,0.07103047691648155,0.19610841010799196,0.10208247592982427,0.8539473336734811,0.04377781681180771,0.5399541099142424,0.45285612119962854,0.8515756816992339,nan,nan,nan,3
E1,cas-single,intervention,,42,1120,target_macro,Target Macro,0.7,2737,0.051937377762773185,0.09826849952069909,0.07270041945198091,0.16013182114143557,0.09826849952028445,0.8737547814023205,0.04135614246820237,0.5335185641214986,0.4619762877316085,0.8720151977004438,nan,nan,nan,3
E1,cas-single,intervention,,2026,1120,target_macro,Target Macro,0.3,2737,0.06385093123441937,0.1187471574868687,0.07551689444479516,0.3072657602583281,0.11874715748657287,0.8075282490876089,0.06451424442915771,0.5675592116156144,0.43332062273135574,0.8027903142282921,nan,nan,nan,3
E1,cas-single,intervention,,2026,1120,target_macro,Target Macro,0.4,2737,0.062610966339419,0.11676131181653726,0.07681120432698216,0.26523552152825663,0.11676131181620948,0.8305476287423154,0.0615724295690967,0.5600198056068721,0.44475005707622167,0.8268891478130245,nan,nan,nan,3
E1,cas-single,intervention,,2026,1120,target_macro,Target Macro,0.5,2737,0.061396431654436846,0.11481076392350625,0.07839101870917149,0.22982730738991142,0.11481076392314589,0.8494961957222059,0.059202323954439216,0.5534272361210484,0.4540130261097386,0.8466296205650403,0.09067263773702454,0.13610604697529652,74.62999260795034,3
E1,cas-single,intervention,,2026,1120,target_macro,Target Macro,0.6,2737,0.060118571580518976,0.11275081983439077,0.08065722230217186,0.19687674413499026,0.1127508198339942,0.8668555659098128,0.05728842409918367,0.5471584695549788,0.4623804506884375,0.8646423297963562,nan,nan,nan,3
E1,cas-single,intervention,,2026,1120,target_macro,Target Macro,0.7,2737,0.05803161226780331,0.10923599776189909,0.08371495649281123,0.16213080210805272,0.10923599776146103,0.8842001526431819,0.054881929143745935,0.540063255476568,0.47030809526353545,0.8825845782592676,nan,nan,nan,3
E1,cas-single,intervention,,777,1120,target_macro,Target Macro,0.3,2737,0.05298305797466893,0.09952590033212284,0.06335187984721848,0.2899669449387143,0.09952590033185049,0.7871804238152738,0.040796117071743736,0.5499897232008829,0.4181029868582113,0.7832229157417535,nan,nan,nan,3
E1,cas-single,intervention,,777,1120,target_macro,Target Macro,0.4,2737,0.05247671954289477,0.09884938859722923,0.06486313162304745,0.25284343729818953,0.0988493885969269,0.8151755357256497,0.04113946561286768,0.5472069026744509,0.4323014559973029,0.8121261924517111,nan,nan,nan,3
E1,cas-single,intervention,,777,1120,target_macro,Target Macro,0.5,2737,0.05189449510530856,0.09801997471096822,0.06642987246220557,0.22034000917845797,0.09801997471063463,0.8376813025411392,0.04110902411395385,0.5436867234490853,0.443594872269027,0.8352952494327455,0.07710408725557887,0.12427281862275379,70.83186212810314,3
E1,cas-single,intervention,,777,1120,target_macro,Target Macro,0.6,2737,0.0510456693744664,0.09668211324095066,0.0681916383125296,0.18884708787041737,0.096682113240582,0.8574519477344027,0.040570208046335605,0.5391948254724032,0.4533257261890631,0.8556057830036597,nan,nan,nan,3
E1,cas-single,intervention,,777,1120,target_macro,Target Macro,0.7,2737,0.04973211601756536,0.09447420210935374,0.0705920582012411,0.1560685531470585,0.09447420210894308,0.8764649074233839,0.039651384560968575,0.5337054897261452,0.46241425020472976,0.8750963843918941,nan,nan,nan,3
E1,cas-multistream,intervention,,42,1120,target_macro,Target Macro,0.3,2737,0.05926302247301091,0.1106415601911141,0.07006352948466242,0.30282579235613943,0.11064156019082955,0.7943210515750599,0.05292421428510219,0.5585967652077616,0.42435606768295947,0.7894491128929081,nan,nan,nan,3
E1,cas-multistream,intervention,,42,1120,target_macro,Target Macro,0.4,2737,0.05857318805395705,0.10961101020043633,0.07170052219215332,0.2628080598341193,0.1096110102001201,0.8200207724236496,0.05179935980904176,0.5533230244161836,0.43738821795014954,0.8162032478463419,nan,nan,nan,3
E1,cas-multistream,intervention,,42,1120,target_macro,Target Macro,0.5,2737,0.05748696492930209,0.1078393295148888,0.07329270503927948,0.22632114953892027,0.10783932951453967,0.8421103378585898,0.05039754611662897,0.5478589732359354,0.4483193021907044,0.8391516394521067,0.09051297297644557,0.13708151995078005,72.00768980957119,3
E1,cas-multistream,intervention,,42,1120,target_macro,Target Macro,0.6,2737,0.05581947869211643,0.10502032625024478,0.07502597350947664,0.19048834384201965,0.1050203262498589,0.8626786678029866,0.04856506826711735,0.5419491497155295,0.4581437350461676,0.8604679914002187,nan,nan,nan,3
E1,cas-multistream,intervention,,42,1120,target_macro,Target Macro,0.7,2737,0.052948883256634216,0.10002057119099367,0.07688631388557457,0.15225027648539105,0.10002057119056466,0.8828682376548258,0.04551800280516274,0.5347163983199889,0.4671345369468998,0.8813201906371654,nan,nan,nan,3
E1,cas-multistream,intervention,,2026,1120,target_macro,Target Macro,0.3,2737,0.05925751073247792,0.11043674176926936,0.06934274429245582,0.32024310587696925,0.11043674176900115,0.7842423511377463,0.054540561800162125,0.5619999305757988,0.41928275904554474,0.7793080073586115,nan,nan,nan,3
E1,cas-multistream,intervention,,2026,1120,target_macro,Target Macro,0.4,2737,0.05844042693024995,0.1092257835034001,0.07071116034534901,0.2789399830941866,0.10922578350310241,0.8118610468607587,0.05335531495699127,0.5572032184253214,0.43326297989134605,0.8080855328524422,nan,nan,nan,3
E1,cas-multistream,intervention,,2026,1120,target_macro,Target Macro,0.5,2737,0.05750752854408517,0.10781368064323572,0.0722831710346953,0.24160656593713972,0.10781368064290563,0.835620299946481,0.052240724542378915,0.5522111715864623,0.44511864960697034,0.8327297706698555,0.09041044347232202,0.13873552662095318,69.19584346949013,3
E1,cas-multistream,intervention,,2026,1120,target_macro,Target Macro,0.6,2737,0.056684521102287444,0.10661508556136674,0.0748051448618168,0.20582969287626454,0.1066150855609977,0.857806472536352,0.05180205393719264,0.5471261890949687,0.45616705130300644,0.8556495815037254,nan,nan,nan,3
E1,cas-multistream,intervention,,2026,1120,target_macro,Target Macro,0.7,2737,0.05540483349340849,0.10460023080375647,0.0789825916797652,0.16659307545060417,0.10460023080333743,0.8801989639051477,0.05131668425064804,0.5405328135837223,0.4670551938240781,0.8787055541547478,nan,nan,nan,3
E1,cas-multistream,intervention,,777,1120,target_macro,Target Macro,0.3,2737,0.05630548943720177,0.10548816530966876,0.06862769899990977,0.2994504389012455,0.1054881653093862,0.7997409572083368,0.05241566253164039,0.5619086735138303,0.4263068388759652,0.7963081883147286,nan,nan,nan,3
E1,cas-multistream,intervention,,777,1120,target_macro,Target Macro,0.4,2737,0.05556778449695484,0.10444305008795457,0.07030467152453324,0.2611198687514235,0.10444305008764244,0.8265026612213426,0.052133126616587484,0.557889053657585,0.4397356618351351,0.8239035391733154,nan,nan,nan,3
E1,cas-multistream,intervention,,777,1120,target_macro,Target Macro,0.5,2737,0.05472342326838825,0.10318515905428592,0.07208268892480128,0.22593308519113223,0.1031851590539421,0.8489437620416537,0.05149707970625411,0.5530124682791657,0.4508411615852949,0.8469588999022015,0.07825594430233483,0.12488516184346075,74.39216278370488,3
E1,cas-multistream,intervention,,777,1120,target_macro,Target Macro,0.6,2737,0.05349553259045494,0.10120698411518166,0.07405384207973299,0.19055346901492973,0.10120698411480149,0.8689369289931559,0.05008044868323682,0.5467200849056839,0.46047363239634226,0.8674517322022295,nan,nan,nan,3
E1,cas-multistream,intervention,,777,1120,target_macro,Target Macro,0.7,2737,0.05104713654467108,0.0969732975290825,0.07587886219667807,0.15237414949904035,0.0969732975286598,0.8873881715116303,0.04675514460873708,0.5382642372294438,0.46868848729643026,0.8863298380481893,nan,nan,nan,3
E1,pooled,intervention,,42,1120,target_macro,Target Macro,0.3,2737,0.10223160454993013,0.17682622252708102,0.12396073711679513,0.4136202007237621,0.1768262225267894,0.834403677703599,0.14858640887254174,0.6331474303924564,0.4661185966419434,0.8300055887339566,nan,nan,nan,3
E1,pooled,intervention,,42,1120,target_macro,Target Macro,0.4,2737,0.09472412828249889,0.16640608142166746,0.13651568300247946,0.3077174555955466,0.16640608142133043,0.8699033523881704,0.1333623685670913,0.6027222295536036,0.4811305494918372,0.8675369707011754,nan,nan,nan,3
E1,pooled,intervention,,42,1120,target_macro,Target Macro,0.5,2737,0.08172556484880467,0.14737936634259804,0.14718481019667914,0.22880657689352732,0.1473793663422339,0.8930362087790318,0.11761739077299117,0.5781472100747094,0.4867045823448603,0.8916835998409159,0.1547346467321182,0.20750125438226885,68.36887468342798,3
E1,pooled,intervention,,42,1120,target_macro,Target Macro,0.6,2737,0.06661369810555072,0.12353036186391542,0.1594395903740475,0.16656999776985817,0.12353036186354212,0.9097912537494408,0.10224275642239367,0.5578052451176475,0.4878163129161399,0.9090189277267292,nan,nan,nan,3
E1,pooled,intervention,,42,1120,target_macro,Target Macro,0.7,2737,0.051142729011189915,0.09715543581105839,0.1776768345339562,0.11497659166294834,0.09715543581068864,0.9230643656705996,0.0869117295345186,0.5404496431981908,0.4868998103527695,0.9226568916943491,nan,nan,nan,3
E1,pooled,intervention,,2026,1120,target_macro,Target Macro,0.3,2737,0.13186756687992934,0.21363487698893058,0.1670649953089505,0.4404805070604712,0.2136348769886359,0.8459348620830447,0.19168333300402898,0.6521935258356107,0.48703258784177367,0.8421976088036182,nan,nan,nan,3
E1,pooled,intervention,,2026,1120,target_macro,Target Macro,0.4,2737,0.12538096494082704,0.2062550499779833,0.19338300712355905,0.3491609528558863,0.2062550499776591,0.8733512524573467,0.18266517842899274,0.6241190997411854,0.49818436791104964,0.8709877708812722,nan,nan,nan,3
E1,pooled,intervention,,2026,1120,target_macro,Target Macro,0.5,2737,0.10880040578526545,0.18529459015581687,0.217427849073494,0.271792314072502,0.185294590155479,0.8911124137413453,0.16745823933500636,0.5973673360661464,0.4991703560630456,0.8895403063408258,0.19338794078830115,0.24966314518887836,68.34329651337514,3
E1,pooled,intervention,,2026,1120,target_macro,Target Macro,0.6,2737,0.08761295812589477,0.15589419565955545,0.24125681320713224,0.20721731758062345,0.15589419565921578,0.9041006441847262,0.14887528293769767,0.5739960244497319,0.49533313307236115,0.9030533080188275,nan,nan,nan,3
E1,pooled,intervention,,2026,1120,target_macro,Target Macro,0.7,2737,0.06403380746500768,0.11915347740511344,0.26131513176779386,0.1488992780880942,0.11915347740477726,0.9148161364165973,0.12333880352941005,0.5522321271264775,0.4891038684932932,0.9141739295215787,nan,nan,nan,3
E1,pooled,intervention,,777,1120,target_macro,Target Macro,0.3,2737,0.09731369198846788,0.16879777682074146,0.12491728504993682,0.37855092959356124,0.1687977768204457,0.8353697459132956,0.13692724970333034,0.6177421842617261,0.4645087054631302,0.8317037189377925,nan,nan,nan,3
E1,pooled,intervention,,777,1120,target_macro,Target Macro,0.4,2737,0.09396960318789875,0.16447526279479122,0.14147085373725585,0.30060468064541235,0.16447526279445926,0.8667624289900959,0.13188136940112558,0.5978836205057928,0.47922636132183,0.8644831194557613,nan,nan,nan,3
E1,pooled,intervention,,777,1120,target_macro,Target Macro,0.5,2737,0.0856766135728071,0.15282532190708845,0.1567686035174569,0.23869553648299388,0.152825321906733,0.888070252499117,0.12420862461099152,0.5801373140304164,0.48612770503703584,0.8865787965012647,0.1606632151050975,0.21184098003388727,68.47866602131766,3
E1,pooled,intervention,,777,1120,target_macro,Target Macro,0.6,2737,0.0738784191896022,0.13507086629841206,0.17361658170682168,0.18529350746604115,0.13507086629804463,0.904271106238484,0.11447743235544307,0.5636176989818332,0.48859013579780614,0.90330185240601,nan,nan,nan,3
E1,pooled,intervention,,777,1120,target_macro,Target Macro,0.7,2737,0.05948135235717012,0.11160458706749839,0.1928521638280506,0.1358733623269386,0.11160458706712793,0.917656087719124,0.10129597685566379,0.5473665712715918,0.4882750355387478,0.9170687187203255,nan,nan,nan,3
