architecture,region,scheme,endpoint,mean_delta,ci95_low,ci95_high,probability_positive,n_bootstrap,seed_strata,regions_fixed
ResUNet,fixed_three_region_macro,component,iou,0.0772718653904376,0.03449312529125481,0.08493247432596561,1.0,10000,3,3
ResUNet,fixed_three_region_macro,component,balanced_iou,0.060293131126542804,0.04151799287198413,0.06834505241269066,1.0,10000,3,3
ResUNet,fixed_three_region_macro,component,mcc,0.15725817860778266,0.07182414488901799,0.16629965557091766,1.0,10000,3,3
ResUNet,fixed_three_region_macro,component,precision,0.17836120885217624,0.04751994143319793,0.18418030802712929,1.0,10000,3,3
ResUNet,fixed_three_region_macro,component,recall,0.10752150799245867,0.03147396955250273,0.13281868918125253,0.999,10000,3,3
ResUNet,fixed_three_region_macro,merged30,iou,0.0772718653904376,0.06391662303722583,0.09118411876632426,1.0,10000,3,3
ResUNet,fixed_three_region_macro,merged30,balanced_iou,0.060293131126542804,0.04893375885153282,0.0727649599715906,1.0,10000,3,3
ResUNet,fixed_three_region_macro,merged30,mcc,0.15725817860778266,0.13966272481707712,0.17495439033389096,1.0,10000,3,3
ResUNet,fixed_three_region_macro,merged30,precision,0.17836120885217624,0.16368071829435962,0.19226900645522227,1.0,10000,3,3
ResUNet,fixed_three_region_macro,merged30,recall,0.10752150799245867,0.0850401561017428,0.13512614763894518,1.0,10000,3,3
Bottleneck-LiteASK,fixed_three_region_macro,component,iou,0.045587568996210436,0.009670153960035647,0.06200571173712947,0.9999,10000,3,3
Bottleneck-LiteASK,fixed_three_region_macro,component,balanced_iou,0.038264582983015764,0.016030080866227557,0.05325004972245171,1.0,10000,3,3
Bottleneck-LiteASK,fixed_three_region_macro,component,mcc,0.09896790284993279,0.02284730455055091,0.12544910390847525,0.9997,10000,3,3
Bottleneck-LiteASK,fixed_three_region_macro,component,precision,0.11819692280014128,0.012584078372713366,0.14961981792872842,0.9998,10000,3,3
Bottleneck-LiteASK,fixed_three_region_macro,component,recall,0.054879426999637666,-0.028082919916459628,0.09457077470466034,0.8557,10000,3,3
Bottleneck-LiteASK,fixed_three_region_macro,merged30,iou,0.045587568996210436,0.02496663161023113,0.07128122887658485,1.0,10000,3,3
Bottleneck-LiteASK,fixed_three_region_macro,merged30,balanced_iou,0.038264582983015764,0.02170616151498387,0.05856022629171245,1.0,10000,3,3
Bottleneck-LiteASK,fixed_three_region_macro,merged30,mcc,0.09896790284993279,0.0656768874646209,0.13790088406469592,1.0,10000,3,3
Bottleneck-LiteASK,fixed_three_region_macro,merged30,precision,0.11819692280014128,0.07758280369385799,0.16472466938454944,1.0,10000,3,3
Bottleneck-LiteASK,fixed_three_region_macro,merged30,recall,0.054879426999637666,0.020683012426947363,0.09071795280873583,0.9996,10000,3,3
