seed,region,n_support,n_query_current,buffer_m,n_query_retained,retained_fraction
42,hokkaido_iburi_tobu,20,1341,0,1341,1.0
42,hokkaido_iburi_tobu,20,1341,128,1150,0.8575689783743475
42,hokkaido_iburi_tobu,20,1341,256,1150,0.8575689783743475
42,hokkaido_iburi_tobu,20,1341,512,1150,0.8575689783743475
42,hokkaido_iburi_tobu,20,1341,1000,958,0.7143922445935869
2026,hokkaido_iburi_tobu,20,1346,0,1346,1.0
2026,hokkaido_iburi_tobu,20,1346,128,1152,0.8558692421991084
2026,hokkaido_iburi_tobu,20,1346,256,1152,0.8558692421991084
2026,hokkaido_iburi_tobu,20,1346,512,1152,0.8558692421991084
2026,hokkaido_iburi_tobu,20,1346,1000,941,0.6991084695393759
777,hokkaido_iburi_tobu,20,1345,0,1345,1.0
777,hokkaido_iburi_tobu,20,1345,128,1151,0.8557620817843866
777,hokkaido_iburi_tobu,20,1345,256,1151,0.8557620817843866
777,hokkaido_iburi_tobu,20,1345,512,1151,0.8557620817843866
777,hokkaido_iburi_tobu,20,1345,1000,950,0.7063197026022305
42,lombok,20,327,0,327,1.0
42,lombok,20,327,128,214,0.654434250764526
42,lombok,20,327,256,214,0.654434250764526
42,lombok,20,327,512,214,0.654434250764526
42,lombok,20,327,1000,214,0.654434250764526
2026,lombok,20,323,0,323,1.0
2026,lombok,20,323,128,196,0.6068111455108359
2026,lombok,20,323,256,196,0.6068111455108359
2026,lombok,20,323,512,196,0.6068111455108359
2026,lombok,20,323,1000,196,0.6068111455108359
777,lombok,20,330,0,330,1.0
777,lombok,20,330,128,217,0.6575757575757576
777,lombok,20,330,256,217,0.6575757575757576
777,lombok,20,330,512,217,0.6575757575757576
777,lombok,20,330,1000,217,0.6575757575757576
42,palu,20,734,0,734,1.0
42,palu,20,734,128,681,0.9277929155313351
42,palu,20,734,256,681,0.9277929155313351
42,palu,20,734,512,681,0.9277929155313351
42,palu,20,734,1000,681,0.9277929155313351
2026,palu,20,730,0,730,1.0
2026,palu,20,730,128,673,0.9219178082191781
2026,palu,20,730,256,673,0.9219178082191781
2026,palu,20,730,512,673,0.9219178082191781
2026,palu,20,730,1000,673,0.9219178082191781
777,palu,20,730,0,730,1.0
777,palu,20,730,128,682,0.9342465753424658
777,palu,20,730,256,682,0.9342465753424658
777,palu,20,730,512,682,0.9342465753424658
777,palu,20,730,1000,682,0.9342465753424658
