regime,step,n_seeds,source_val_iou_mean,source_val_iou_std,target_macro_iou_mean,target_macro_iou_std,hokkaido_iburi_tobu_iou_mean,hokkaido_iburi_tobu_iou_std,lombok_iou_mean,lombok_iou_std,palu_iou_mean,palu_iou_std
cas-single,0,3,0.7186118994211391,0.006077185367984324,0.056329866761371195,0.004186063485422154,0.08421851890425901,0.006309550872158016,0.054525206681799256,0.0048646180188447845,0.030245874698055324,0.003516737633804226
cas-single,280,3,0.6410367335655934,0.014892885067232348,0.06059034925512119,0.008567422748161944,0.09213569053103937,0.01325650093591798,0.06136821882401755,0.008446234644682657,0.028267138410306647,0.00590353076670311
cas-single,560,3,0.6990044465499287,0.01308570409392279,0.05804555338278925,0.00576993955691228,0.08404713236974813,0.013273859541754337,0.05942253177788833,0.004975096728567223,0.030666996000731295,0.0008036591521873662
cas-single,840,3,0.7287204357086031,0.0023581965812437913,0.05631199713768031,0.006158888947241921,0.08165084853387605,0.005609854151946167,0.05742386862130445,0.010565645937944373,0.02986127425786043,0.0026430765768179613
cas-single,1120,3,0.7366337695984179,0.0019272433876396362,0.05621293417584377,0.004809671930904302,0.08260034886843133,0.007071641386865741,0.05556035363770448,0.0045578241982828106,0.03047810002139548,0.0028831161789203467
cas-multistream,0,3,0.7186118994211391,0.006077185367984324,0.056329866761371195,0.004186063485422154,0.08421851890425901,0.006309550872158016,0.054525206681799256,0.0048646180188447845,0.030245874698055324,0.003516737633804226
cas-multistream,280,3,0.6490888374704838,0.04426798567191001,0.05920312966069838,0.004658271252385693,0.0904651854865542,0.005604793438732395,0.058222400371957715,0.01160257055488059,0.0289218031235832,0.0031528864750045324
cas-multistream,560,3,0.6986721829206278,0.0035750965140156064,0.05791822066929698,0.004881412597552943,0.08784545015200375,0.009525896353423768,0.058550436713836855,0.0024007522564335622,0.027358775142050335,0.010270924372222882
cas-multistream,840,3,0.7287533470194587,0.0005654103084161923,0.057369304209850196,0.0004072869645567628,0.08594230806328813,0.0011257829919617075,0.057116045856026344,0.0011934373544307839,0.02904955871023608,0.002071503154694093
cas-multistream,1120,3,0.7355521282374999,0.0008804204758963892,0.056572638913925166,0.0016015007316068045,0.08281948580720644,0.006082024757904407,0.05702974661441754,0.0011030251582678729,0.029868684320151537,0.0012960549471612635
pooled,0,3,0.7186118994211391,0.006077185367984324,0.056329866761371195,0.004186063485422154,0.08421851890425901,0.006309550872158016,0.054525206681799256,0.0048646180188447845,0.030245874698055324,0.003516737633804226
pooled,280,3,0.552499438472152,0.01825947335021457,0.13017775147797234,0.018667557607400586,0.29014376186078383,0.05063925237484842,0.06106028898954332,0.003989293873482556,0.03932920358358986,0.01259073933638854
pooled,560,3,0.5979108516486862,0.023518265351505436,0.11861117568495956,0.026715212627370217,0.24743591641656656,0.08191474338252053,0.05982012710499194,0.0060810922894998145,0.04857748353332025,0.0071181524831330145
pooled,840,3,0.6158320578555996,0.012354859113680429,0.09305656577929028,0.019957642084584885,0.1808066224350907,0.06384646204284493,0.059711553966263736,0.004573550611158163,0.03865152093651638,0.006941105354269748
pooled,1120,3,0.6418460211706956,0.009802267043565772,0.09206752806895907,0.014625135691900682,0.18319424592700873,0.044325367820741396,0.05650151260080575,0.002494269390737734,0.03650682567906275,0.0010111933076355955
