contrast,seed,step,region,delta_iou
pooled-cas-multistream,42,0,hokkaido_iburi_tobu,0.0
pooled-cas-multistream,42,0,lombok,0.0
pooled-cas-multistream,42,0,palu,0.0
pooled-cas-multistream,42,0,target_macro,0.0
pooled-cas-multistream,42,280,hokkaido_iburi_tobu,0.24797318348345843
pooled-cas-multistream,42,280,lombok,-0.007600128652599528
pooled-cas-multistream,42,280,palu,0.020226439007448246
pooled-cas-multistream,42,280,target_macro,0.08686649794610236
pooled-cas-multistream,42,560,hokkaido_iburi_tobu,0.1392067967643464
pooled-cas-multistream,42,560,lombok,0.005252830792910224
pooled-cas-multistream,42,560,palu,0.0013071604856966998
pooled-cas-multistream,42,560,target_macro,0.0485889293476511
pooled-cas-multistream,42,840,hokkaido_iburi_tobu,0.09359819480104463
pooled-cas-multistream,42,840,lombok,0.004903275650259997
pooled-cas-multistream,42,840,palu,-0.0006463110394615418
pooled-cas-multistream,42,840,target_macro,0.03261838647061437
pooled-cas-multistream,42,1120,hokkaido_iburi_tobu,0.0635308414150476
pooled-cas-multistream,42,1120,lombok,0.0036093279721769247
pooled-cas-multistream,42,1120,palu,0.005575630371283186
pooled-cas-multistream,42,1120,target_macro,0.024238599919502578
pooled-cas-multistream,2026,0,hokkaido_iburi_tobu,0.0
pooled-cas-multistream,2026,0,lombok,0.0
pooled-cas-multistream,2026,0,palu,0.0
pooled-cas-multistream,2026,0,target_macro,0.0
pooled-cas-multistream,2026,280,hokkaido_iburi_tobu,0.152994468992818
pooled-cas-multistream,2026,280,lombok,0.0021982247492227797
pooled-cas-multistream,2026,280,palu,0.018315897326130377
pooled-cas-multistream,2026,280,target_macro,0.05783619702272371
pooled-cas-multistream,2026,560,hokkaido_iburi_tobu,0.2585110121932185
pooled-cas-multistream,2026,560,lombok,-0.00303013987486965
pooled-cas-multistream,2026,560,palu,0.03249719972487239
pooled-cas-multistream,2026,560,target_macro,0.09599269068107372
pooled-cas-multistream,2026,840,hokkaido_iburi_tobu,0.1585948166551831
pooled-cas-multistream,2026,840,lombok,-0.0018154714951509818
pooled-cas-multistream,2026,840,palu,0.015390001838840733
pooled-cas-multistream,2026,840,target_macro,0.05738978233295761
pooled-cas-multistream,2026,1120,hokkaido_iburi_tobu,0.14717669014330334
pooled-cas-multistream,2026,1120,lombok,-0.002572785824703973
pooled-cas-multistream,2026,1120,palu,0.00927472740494147
pooled-cas-multistream,2026,1120,target_macro,0.051292877241180285
pooled-cas-multistream,777,0,hokkaido_iburi_tobu,0.0
pooled-cas-multistream,777,0,lombok,0.0
pooled-cas-multistream,777,0,palu,0.0
pooled-cas-multistream,777,0,target_macro,0.0
pooled-cas-multistream,777,280,hokkaido_iburi_tobu,0.1980680766464124
pooled-cas-multistream,777,280,lombok,0.013915569756133554
pooled-cas-multistream,777,280,palu,-0.007320134953558637
pooled-cas-multistream,777,280,target_macro,0.06822117048299578
pooled-cas-multistream,777,560,hokkaido_iburi_tobu,0.0810535898361235
pooled-cas-multistream,777,560,lombok,0.0015863802554246936
pooled-cas-multistream,777,560,palu,0.02985176496324063
pooled-cas-multistream,777,560,target_macro,0.03749724501826295
pooled-cas-multistream,777,840,hokkaido_iburi_tobu,0.03239993165917994
pooled-cas-multistream,777,840,lombok,0.0046987201756031605
pooled-cas-multistream,777,840,palu,0.014062195879461715
pooled-cas-multistream,777,840,target_macro,0.017053615904748277
pooled-cas-multistream,777,1120,hokkaido_iburi_tobu,0.0904167488010559
pooled-cas-multistream,777,1120,lombok,-0.002621244188308308
pooled-cas-multistream,777,1120,palu,0.005064066300508978
pooled-cas-multistream,777,1120,target_macro,0.030953190304418857
pooled-cas-single,42,0,hokkaido_iburi_tobu,0.0
pooled-cas-single,42,0,lombok,0.0
pooled-cas-single,42,0,palu,0.0
pooled-cas-single,42,0,target_macro,0.0
pooled-cas-single,42,280,hokkaido_iburi_tobu,0.26037499777852724
pooled-cas-single,42,280,lombok,0.0016514495006308277
pooled-cas-single,42,280,palu,0.016024252217266124
pooled-cas-single,42,280,target_macro,0.09268356649880805
pooled-cas-single,42,560,hokkaido_iburi_tobu,0.15026858245950375
pooled-cas-single,42,560,lombok,0.012173768126948634
pooled-cas-single,42,560,palu,0.009493352102049438
pooled-cas-single,42,560,target_macro,0.057311900896167264
pooled-cas-single,42,840,hokkaido_iburi_tobu,0.09948464453338848
pooled-cas-single,42,840,lombok,0.01209370324959362
pooled-cas-single,42,840,palu,0.001498255853640329
pooled-cas-single,42,840,target_macro,0.037692201212207496
pooled-cas-single,42,1120,hokkaido_iburi_tobu,0.06764827238120255
pooled-cas-single,42,1120,lombok,0.005142721462493095
pooled-cas-single,42,1120,palu,0.006342073399360673
pooled-cas-single,42,1120,target_macro,0.026377689081018778
pooled-cas-single,2026,0,hokkaido_iburi_tobu,0.0
pooled-cas-single,2026,0,lombok,0.0
pooled-cas-single,2026,0,palu,0.0
pooled-cas-single,2026,0,target_macro,0.0
pooled-cas-single,2026,280,hokkaido_iburi_tobu,0.1361053724456598
pooled-cas-single,2026,280,lombok,-0.012992958355892231
pooled-cas-single,2026,280,palu,0.014042492744188985
pooled-cas-single,2026,280,target_macro,0.04571830227798551
pooled-cas-single,2026,560,hokkaido_iburi_tobu,0.2392327172308281
pooled-cas-single,2026,560,lombok,-0.009641596345312642
pooled-cas-single,2026,560,palu,0.02255498199683579
pooled-cas-single,2026,560,target_macro,0.08404870096078373
pooled-cas-single,2026,840,hokkaido_iburi_tobu,0.15766774869667444
pooled-cas-single,2026,840,lombok,-0.014843042667612195
pooled-cas-single,2026,840,palu,0.009791565450680106
pooled-cas-single,2026,840,target_macro,0.05087209049324745
pooled-cas-single,2026,1120,hokkaido_iburi_tobu,0.14364574966373167
pooled-cas-single,2026,1120,lombok,-0.0054072388685354605
pooled-cas-single,2026,1120,palu,0.003973411597289589
pooled-cas-single,2026,1120,target_macro,0.047403974130828606
pooled-cas-single,777,0,hokkaido_iburi_tobu,0.0
pooled-cas-single,777,0,lombok,0.0
pooled-cas-single,777,0,palu,0.0
pooled-cas-single,777,0,target_macro,0.0
pooled-cas-single,777,280,hokkaido_iburi_tobu,0.19754384376504636
pooled-cas-single,777,280,lombok,0.010417719351838689
pooled-cas-single,777,280,palu,0.0031194505583945382
pooled-cas-single,777,280,target_macro,0.07036033789175986
pooled-cas-single,777,560,hokkaido_iburi_tobu,0.10066505245012337
pooled-cas-single,777,560,lombok,-0.001339385800325131
pooled-cas-single,777,560,palu,0.021683128498881613
pooled-cas-single,777,560,target_macro,0.040336265049559956
pooled-cas-single,777,840,hokkaido_iburi_tobu,0.04031492847358102
pooled-cas-single,777,840,lombok,0.009612395452896431
pooled-cas-single,777,840,palu,0.015080918731647429
pooled-cas-single,777,840,target_macro,0.021669414219374968
pooled-cas-single,777,1120,hokkaido_iburi_tobu,0.0904876691307979
pooled-cas-single,777,1120,lombok,0.0030879942953461817
pooled-cas-single,777,1120,palu,0.0077706919763515375
pooled-cas-single,777,1120,target_macro,0.03378211846749855
