init_epoch,mode,region,region_label,iou,dice,bf1_2,bf1_4,hd95,delta_iou,delta_dice,delta_bf1_2,delta_bf1_4,delta_hd95
20,full,hokkaido_iburi_tobu,Hokkaido,0.36441063465537205,0.5341656322510506,0.4936391391035939,0.6240634294201066,43.01243945888402,0.2915245003342072,0.3982963503401956,0.3984922109362406,0.4684058477416124,-14.017557464817955
30,full,hokkaido_iburi_tobu,Hokkaido,0.3995788398221423,0.5709986868234169,0.4952546512955139,0.6283392560895293,44.40682096190402,0.3266927055009774,0.4351294049125619,0.40010772312816056,0.47268167441103515,-12.623175961797955
50,full,hokkaido_iburi_tobu,Hokkaido,0.3817024008707005,0.5525102954589426,0.4784164515645323,0.6123350535279078,44.473162115338845,0.30881626654953565,0.4166410135480876,0.38326952339717896,0.45667747184941365,-12.556834808363128
20,full,lombok,Lombok,0.05225829961067106,0.09932599178358832,0.12307112165400329,0.16637148480866992,96.37792686890407,0.007232294263589047,0.01315396330449295,0.05708233607581055,0.06258495675681962,6.061975935712923
30,full,lombok,Lombok,0.07193914089207777,0.1342224351136378,0.12192160142079951,0.169368938086768,95.73851871858072,0.026913135544995755,0.04805040663454242,0.05593281584260677,0.0655824100349177,5.422567785389575
50,full,lombok,Lombok,0.07268740107930817,0.1355239205870641,0.140049003451109,0.18813905843212958,91.9011295531168,0.027661395732226153,0.04935189210796874,0.07406021787291625,0.08435253038027928,1.5851786199256566
20,full,palu,Palu,0.0875172248517165,0.1609486688611291,0.20315100916573678,0.250348251367034,91.07519037932732,0.06594020170271576,0.11870609162991891,0.14501380999547364,0.1448920979589772,30.808284165951818
30,full,palu,Palu,0.09342376559956593,0.17088299804483967,0.20172971178832078,0.24870907956835925,91.01551706359245,0.0718467424505652,0.12864042081362947,0.14359251261805764,0.14325292616030247,30.74861085021695
50,full,palu,Palu,0.09184197310417945,0.1682330875100297,0.19965972541747512,0.24494427683444117,90.82899165189829,0.07026494995517872,0.1259905102788195,0.14152252624721198,0.1394881234263844,30.562085438522786
20,decoder-only,hokkaido_iburi_tobu,Hokkaido,0.42290795273382636,0.5944277026792848,0.48353079094363544,0.6236837207992434,43.183863533113175,0.35002181841266145,0.4585584207684298,0.3883838627762821,0.4680261391207492,-13.846133390588797
30,decoder-only,hokkaido_iburi_tobu,Hokkaido,0.4250362503240923,0.5965269307744662,0.48946504902920385,0.6205469917449027,43.17596046394723,0.35215011600292745,0.46065764886361116,0.39431812086185053,0.4648894100664085,-13.854036459754745
50,decoder-only,hokkaido_iburi_tobu,Hokkaido,0.4257743466499646,0.5972534821521719,0.4899324383453749,0.6221142315664527,43.21640648373745,0.35288821232879974,0.4613842002413169,0.3947855101780216,0.46645664988795854,-13.813590439964521
20,decoder-only,lombok,Lombok,0.04730774103636133,0.09034162392335236,0.10412067731730917,0.1447042458318164,99.95657172036536,0.002281735689279314,0.0041695954442569905,0.038131891739116436,0.0409177177799661,9.640620787174214
30,decoder-only,lombok,Lombok,0.04583678956551586,0.08765572223665677,0.11126968006503472,0.1563745205197494,94.72975867409667,0.0008107842184338424,0.0014836937575613968,0.045280894486841985,0.052587992467899095,4.413807740905526
50,decoder-only,lombok,Lombok,0.05103483374802081,0.09711349635488123,0.12298506148929246,0.16905962256397417,93.99965806694271,0.00600882840093879,0.010941467875785857,0.05699627591109972,0.06527309451212386,3.683707133751568
20,decoder-only,palu,Palu,0.06301577581430613,0.11856037746200691,0.12259342744712992,0.15849611863084906,109.05043713626937,0.0414387526653054,0.07631780023079673,0.06445622827686678,0.05303996522279228,48.78353092289386
30,decoder-only,palu,Palu,0.0745421678084654,0.13874219186855097,0.12104460020542439,0.15381857581963787,109.86672979392455,0.05296514465946467,0.09649961463734077,0.06290740103516126,0.04836242241158109,49.59982358054904
50,decoder-only,palu,Palu,0.07596310919248869,0.1412002113148639,0.14242530026498354,0.1787682833679232,103.39566230953255,0.05438608604348796,0.09895763408365371,0.0842881010947204,0.07331212995986641,43.12875609615705
