model,slug,seed,epoch,source_val_iou,target_macro_iou,hokkaido_iburi_tobu_iou,lombok_iou,palu_iou
ResUNet,resunet,42,20,0.4641620041781528,0.06317584612812258,0.11857665975565597,0.048207767439241635,0.022743111189470134
ResUNet,resunet,42,30,0.6324267750206866,0.05525631579630369,0.08126944134656196,0.05499240725861966,0.029507098783729438
ResUNet,resunet,42,50,0.6771481831147261,0.04838088316850806,0.07121567641043602,0.05249320027609409,0.021433772818994085
ResUNet,resunet,2026,20,0.41216777545324124,0.05500374986420836,0.08100730004283677,0.052531926814660256,0.03147202273512808
ResUNet,resunet,2026,30,0.6223128591155753,0.050279971063942615,0.06998049570399675,0.05590729220818903,0.024952125279642058
ResUNet,resunet,2026,50,0.6897593076125849,0.04548383062494591,0.060638792072911715,0.05276156740627801,0.02305113239564801
ResUNet,resunet,777,20,0.574759924265988,0.0549853870391526,0.09126867833252432,0.04913270845681376,0.024554774328119748
ResUNet,resunet,777,30,0.5710302329810706,0.050362590281662574,0.0694378050914251,0.052344260292813485,0.029305705460749155
ResUNet,resunet,777,50,0.6796612847932013,0.05589545332800766,0.08503029086291654,0.05609825637002242,0.026557812751084015
SegFormer-B0,segformerb0,42,20,0.4822056460495898,0.05968230518299785,0.08478306323180321,0.060455971034212574,0.033807881282977764
SegFormer-B0,segformerb0,42,30,0.48116318603692615,0.0583263009173482,0.07735817564462459,0.06532980121316707,0.032290925894252955
SegFormer-B0,segformerb0,42,50,0.5776014691853378,0.05782389534100968,0.07615086903856882,0.06413668659072967,0.03318413039373053
SegFormer-B0,segformerb0,2026,20,0.5689187988108466,0.054621015645102335,0.07722125365132722,0.059582991479238956,0.02705880180474083
SegFormer-B0,segformerb0,2026,30,0.586429439463419,0.0543574036964302,0.07047365907090727,0.06354097782926724,0.029057574189116087
SegFormer-B0,segformerb0,2026,50,0.6111323280960042,0.05509596882227308,0.07603414160418369,0.061745641867053815,0.02750812299558172
SegFormer-B0,segformerb0,777,20,0.510700002383974,0.05801869669825072,0.07062888672714726,0.06410058545674525,0.03932661791085967
SegFormer-B0,segformerb0,777,30,0.5205933650548101,0.05822158432299615,0.08003876773331735,0.0631538598542633,0.031472125381407805
SegFormer-B0,segformerb0,777,50,0.5822974927660066,0.05761308509505492,0.07639859890517676,0.06444767717655989,0.03199297920342811
