buffer_m,role,mode,seed,run_id,region,region_label,threshold,n_eval,iou,mcc,balanced_iou,high_confidence_error_rate
0,adapted,decoder-only,2026,adapted_decoder-only_seed2026,hokkaido_iburi_tobu,Hokkaido,0.3,1346,0.3762089178211447,0.5009502762721812,0.6188699907639355,0.017698063386660367
0,adapted,decoder-only,2026,adapted_decoder-only_seed2026,hokkaido_iburi_tobu,Hokkaido,0.4,1346,0.4046178420223015,0.5244070260188751,0.6500948314283125,0.017698063386660367
0,adapted,decoder-only,2026,adapted_decoder-only_seed2026,hokkaido_iburi_tobu,Hokkaido,0.5,1346,0.38889555921323893,0.5167994625396606,0.6500701007478784,0.017698063386660367
0,adapted,decoder-only,2026,adapted_decoder-only_seed2026,hokkaido_iburi_tobu,Hokkaido,0.6,1346,0.32427088334805615,0.4746945911995245,0.6194185654752655,0.017698063386660367
0,adapted,decoder-only,2026,adapted_decoder-only_seed2026,hokkaido_iburi_tobu,Hokkaido,0.7,1346,0.22075460995206703,0.39536852369760456,0.5656684089750739,0.017698063386660367
0,adapted,decoder-only,2026,adapted_decoder-only_seed2026,lombok,Lombok,0.3,323,0.10663101340038277,0.16883818397101696,0.5084263992358943,0.016686344932176952
0,adapted,decoder-only,2026,adapted_decoder-only_seed2026,lombok,Lombok,0.4,323,0.10250193591209115,0.15743473512115894,0.523480569519177,0.016686344932176952
0,adapted,decoder-only,2026,adapted_decoder-only_seed2026,lombok,Lombok,0.5,323,0.0689499435453519,0.127353017001056,0.5145493966711875,0.016686344932176952
0,adapted,decoder-only,2026,adapted_decoder-only_seed2026,lombok,Lombok,0.6,323,0.026296314043690535,0.08077187267573004,0.49585301959944694,0.016686344932176952
0,adapted,decoder-only,2026,adapted_decoder-only_seed2026,lombok,Lombok,0.7,323,0.005309894479969271,0.04176619270400739,0.4860149039370143,0.016686344932176952
0,adapted,decoder-only,2026,adapted_decoder-only_seed2026,palu,Palu,0.3,730,0.09348504495774969,0.1691738747934158,0.5307329437177066,0.005886820439133524
0,adapted,decoder-only,2026,adapted_decoder-only_seed2026,palu,Palu,0.4,730,0.0953275868157047,0.1644897848180874,0.5380047134948863,0.005886820439133524
0,adapted,decoder-only,2026,adapted_decoder-only_seed2026,palu,Palu,0.5,730,0.07330011506750979,0.14511318852735586,0.5293019645925398,0.005886820439133524
0,adapted,decoder-only,2026,adapted_decoder-only_seed2026,palu,Palu,0.6,730,0.04208485330582364,0.11575083326043885,0.5145949267139815,0.005886820439133524
0,adapted,decoder-only,2026,adapted_decoder-only_seed2026,palu,Palu,0.7,730,0.015775002174247543,0.07690329846964983,0.5017359929956948,0.005886820439133524
0,adapted,decoder-only,42,adapted_decoder-only_seed42,hokkaido_iburi_tobu,Hokkaido,0.3,1341,0.41478171044891754,0.5495819219114808,0.6469198758923653,0.009354574903005689
0,adapted,decoder-only,42,adapted_decoder-only_seed42,hokkaido_iburi_tobu,Hokkaido,0.4,1341,0.43933422493836666,0.5658724733419381,0.6718026821174374,0.009354574903005689
0,adapted,decoder-only,42,adapted_decoder-only_seed42,hokkaido_iburi_tobu,Hokkaido,0.5,1341,0.42580364364030515,0.5544378426669867,0.6713043230010376,0.009354574903005689
0,adapted,decoder-only,42,adapted_decoder-only_seed42,hokkaido_iburi_tobu,Hokkaido,0.6,1341,0.3599227444686026,0.5072604260205045,0.639840691436676,0.009354574903005689
0,adapted,decoder-only,42,adapted_decoder-only_seed42,hokkaido_iburi_tobu,Hokkaido,0.7,1341,0.23439265908917895,0.4092839243177795,0.5744513596077835,0.009354574903005689
0,adapted,decoder-only,42,adapted_decoder-only_seed42,lombok,Lombok,0.3,327,0.08849666252647193,0.13307313489087394,0.5058849798007465,0.018112867732660312
0,adapted,decoder-only,42,adapted_decoder-only_seed42,lombok,Lombok,0.4,327,0.07488042397213818,0.11522675631441935,0.5127750016449707,0.018112867732660312
0,adapted,decoder-only,42,adapted_decoder-only_seed42,lombok,Lombok,0.5,327,0.0510693649791217,0.09915718764238321,0.506705797854984,0.018112867732660312
0,adapted,decoder-only,42,adapted_decoder-only_seed42,lombok,Lombok,0.6,327,0.0271178292625633,0.08280256831500432,0.4969231799496202,0.018112867732660312
0,adapted,decoder-only,42,adapted_decoder-only_seed42,lombok,Lombok,0.7,327,0.008235531589722888,0.05020114237557574,0.4880645072915363,0.018112867732660312
0,adapted,decoder-only,42,adapted_decoder-only_seed42,palu,Palu,0.3,734,0.0782890836551249,0.15887982453898408,0.5151297952237608,0.005555984846424321
0,adapted,decoder-only,42,adapted_decoder-only_seed42,palu,Palu,0.4,734,0.09263395828957062,0.16148166826571977,0.5335325436188387,0.005555984846424321
0,adapted,decoder-only,42,adapted_decoder-only_seed42,palu,Palu,0.5,734,0.0759156004075593,0.14466808691240338,0.5304446221072152,0.005555984846424321
0,adapted,decoder-only,42,adapted_decoder-only_seed42,palu,Palu,0.6,734,0.02711592936753766,0.0966826594274643,0.5074442586944872,0.005555984846424321
0,adapted,decoder-only,42,adapted_decoder-only_seed42,palu,Palu,0.7,734,0.0036753722269698675,0.041291138757355884,0.49587518713112877,0.005555984846424321
0,adapted,decoder-only,777,adapted_decoder-only_seed777,hokkaido_iburi_tobu,Hokkaido,0.3,1345,0.40413544332256,0.5346892467806444,0.6407041814881025,0.012144407532155403
0,adapted,decoder-only,777,adapted_decoder-only_seed777,hokkaido_iburi_tobu,Hokkaido,0.4,1345,0.4257055747068192,0.5497011024396586,0.6650773278075115,0.012144407532155403
0,adapted,decoder-only,777,adapted_decoder-only_seed777,hokkaido_iburi_tobu,Hokkaido,0.5,1345,0.4051610655636124,0.5370867302439792,0.6611618063927215,0.012144407532155403
0,adapted,decoder-only,777,adapted_decoder-only_seed777,hokkaido_iburi_tobu,Hokkaido,0.6,1345,0.3193914662484002,0.47854600613169324,0.6188656259400152,0.012144407532155403
0,adapted,decoder-only,777,adapted_decoder-only_seed777,hokkaido_iburi_tobu,Hokkaido,0.7,1345,0.1752212593392979,0.3574827464189843,0.5429433988067135,0.012144407532155403
0,adapted,decoder-only,777,adapted_decoder-only_seed777,lombok,Lombok,0.3,330,0.07301812162505657,0.11760391861146731,0.48071347945575393,0.014545857456108247
0,adapted,decoder-only,777,adapted_decoder-only_seed777,lombok,Lombok,0.4,330,0.07102658645449253,0.10438246366570132,0.49945771727645966,0.014545857456108247
0,adapted,decoder-only,777,adapted_decoder-only_seed777,lombok,Lombok,0.5,330,0.05883526560935618,0.08673241487215705,0.5053522444483824,0.014545857456108247
0,adapted,decoder-only,777,adapted_decoder-only_seed777,lombok,Lombok,0.6,330,0.03432011638033011,0.06174144737942615,0.4993966802621953,0.014545857456108247
0,adapted,decoder-only,777,adapted_decoder-only_seed777,lombok,Lombok,0.7,330,0.010102964630828408,0.02384546183290863,0.48943435986372735,0.014545857456108247
0,adapted,decoder-only,777,adapted_decoder-only_seed777,palu,Palu,0.3,730,0.09694871068515837,0.18660687301627366,0.5293387472098523,0.005132626608647347
0,adapted,decoder-only,777,adapted_decoder-only_seed777,palu,Palu,0.4,730,0.10131172813305399,0.17436232727386616,0.5395640676230633,0.005132626608647347
0,adapted,decoder-only,777,adapted_decoder-only_seed777,palu,Palu,0.5,730,0.07778128769168917,0.14170247357785873,0.5308246740327097,0.005132626608647347
0,adapted,decoder-only,777,adapted_decoder-only_seed777,palu,Palu,0.6,730,0.04949062282935865,0.10881590755588368,0.517875617637105,0.005132626608647347
0,adapted,decoder-only,777,adapted_decoder-only_seed777,palu,Palu,0.7,730,0.026899912467501928,0.08481017691463484,0.5072202187301524,0.005132626608647347
0,adapted,full,2026,adapted_full_seed2026,hokkaido_iburi_tobu,Hokkaido,0.3,1346,0.3976189092065285,0.5227681538846741,0.6365163441500044,0.022724968010308592
0,adapted,full,2026,adapted_full_seed2026,hokkaido_iburi_tobu,Hokkaido,0.4,1346,0.42549026487822583,0.54825966139891,0.6654754351428579,0.022724968010308592
0,adapted,full,2026,adapted_full_seed2026,hokkaido_iburi_tobu,Hokkaido,0.5,1346,0.40246442231440144,0.53678732821875,0.6596292759222225,0.022724968010308592
0,adapted,full,2026,adapted_full_seed2026,hokkaido_iburi_tobu,Hokkaido,0.6,1346,0.33431493387011507,0.49325397319643716,0.6260749893105957,0.022724968010308592
0,adapted,full,2026,adapted_full_seed2026,hokkaido_iburi_tobu,Hokkaido,0.7,1346,0.2290911523759527,0.4133702178567747,0.5708557031689397,0.022724968010308592
0,adapted,full,2026,adapted_full_seed2026,lombok,Lombok,0.3,323,0.11818783291281189,0.1850554612047356,0.5215721698988753,0.01487651114533157
0,adapted,full,2026,adapted_full_seed2026,lombok,Lombok,0.4,323,0.11238656461376817,0.1829007705945793,0.5336365426796529,0.01487651114533157
0,adapted,full,2026,adapted_full_seed2026,lombok,Lombok,0.5,323,0.07643466916670387,0.1678376165512129,0.5205746111975804,0.01487651114533157
0,adapted,full,2026,adapted_full_seed2026,lombok,Lombok,0.6,323,0.03729805090074082,0.1293330591385606,0.5019909361786101,0.01487651114533157
0,adapted,full,2026,adapted_full_seed2026,lombok,Lombok,0.7,323,0.012202004695683583,0.07946388587408248,0.4895578736887254,0.01487651114533157
0,adapted,full,2026,adapted_full_seed2026,palu,Palu,0.3,730,0.11691719160671409,0.21488567813523082,0.5421370813534336,0.005541471748619695
0,adapted,full,2026,adapted_full_seed2026,palu,Palu,0.4,730,0.13260093151486038,0.22606973210660444,0.5575965349613318,0.005541471748619695
0,adapted,full,2026,adapted_full_seed2026,palu,Palu,0.5,730,0.09429375417017202,0.20053232152435096,0.5406121269480305,0.005541471748619695
0,adapted,full,2026,adapted_full_seed2026,palu,Palu,0.6,730,0.04878962554964737,0.16251540136422252,0.5183410502434473,0.005541471748619695
0,adapted,full,2026,adapted_full_seed2026,palu,Palu,0.7,730,0.01727293136407856,0.10624126563567052,0.5025962981961153,0.005541471748619695
0,adapted,full,42,adapted_full_seed42,hokkaido_iburi_tobu,Hokkaido,0.3,1341,0.3909686416800878,0.5204097150362089,0.6318890247577927,0.01253769171914041
0,adapted,full,42,adapted_full_seed42,hokkaido_iburi_tobu,Hokkaido,0.4,1341,0.40805274433718286,0.530319149549836,0.6541918466414337,0.01253769171914041
0,adapted,full,42,adapted_full_seed42,hokkaido_iburi_tobu,Hokkaido,0.5,1341,0.38172656194327126,0.5103226565152279,0.6473814075809408,0.01253769171914041
0,adapted,full,42,adapted_full_seed42,hokkaido_iburi_tobu,Hokkaido,0.6,1341,0.3061957380706517,0.4563595333542246,0.6107962517265697,0.01253769171914041
0,adapted,full,42,adapted_full_seed42,hokkaido_iburi_tobu,Hokkaido,0.7,1341,0.18960212345048874,0.3609775750546189,0.550242905290566,0.01253769171914041
0,adapted,full,42,adapted_full_seed42,lombok,Lombok,0.3,327,0.08538278725733664,0.13351795191607,0.491053449467571,0.015406780614384365
0,adapted,full,42,adapted_full_seed42,lombok,Lombok,0.4,327,0.08402344915452412,0.124360075360884,0.5100215542754319,0.015406780614384365
0,adapted,full,42,adapted_full_seed42,lombok,Lombok,0.5,327,0.07267816679509578,0.11615967780020048,0.5135715202770103,0.015406780614384365
0,adapted,full,42,adapted_full_seed42,lombok,Lombok,0.6,327,0.05414103305432588,0.10632943620760503,0.5084063201763345,0.015406780614384365
0,adapted,full,42,adapted_full_seed42,lombok,Lombok,0.7,327,0.03237274846138148,0.08988965673183066,0.4993521545481321,0.015406780614384365
0,adapted,full,42,adapted_full_seed42,palu,Palu,0.3,734,0.09932564311753225,0.19972252417159628,0.5278010431115077,0.0045808995294855746
0,adapted,full,42,adapted_full_seed42,palu,Palu,0.4,734,0.12354634857719778,0.21116048168515203,0.551020901802446,0.0045808995294855746
0,adapted,full,42,adapted_full_seed42,palu,Palu,0.5,734,0.09173195830264068,0.18418422535301238,0.5390897140567087,0.0045808995294855746
0,adapted,full,42,adapted_full_seed42,palu,Palu,0.6,734,0.025736913060856723,0.1096980041721369,0.5068873669381897,0.0045808995294855746
0,adapted,full,42,adapted_full_seed42,palu,Palu,0.7,734,0.0027715105428818138,0.04086824526008471,0.495431470619663,0.0045808995294855746
0,adapted,full,777,adapted_full_seed777,hokkaido_iburi_tobu,Hokkaido,0.3,1345,0.35149622805749975,0.46849260899207834,0.6071551838955854,0.020813064845161048
0,adapted,full,777,adapted_full_seed777,hokkaido_iburi_tobu,Hokkaido,0.4,1345,0.3649657396899079,0.479495559518375,0.6286937699696036,0.020813064845161048
0,adapted,full,777,adapted_full_seed777,hokkaido_iburi_tobu,Hokkaido,0.5,1345,0.34465527360584247,0.4700073751425631,0.6262960474713679,0.020813064845161048
0,adapted,full,777,adapted_full_seed777,hokkaido_iburi_tobu,Hokkaido,0.6,1345,0.26730553937416485,0.42141431199813023,0.5899510648770326,0.020813064845161048
0,adapted,full,777,adapted_full_seed777,hokkaido_iburi_tobu,Hokkaido,0.7,1345,0.14112784897852032,0.31649996066751734,0.5245212907352972,0.020813064845161048
0,adapted,full,777,adapted_full_seed777,lombok,Lombok,0.3,330,0.09348193346013194,0.1481877594649187,0.5093870769346459,0.016759820360455768
0,adapted,full,777,adapted_full_seed777,lombok,Lombok,0.4,330,0.09609183541854766,0.15133941626533706,0.5245986417376015,0.016759820360455768
0,adapted,full,777,adapted_full_seed777,lombok,Lombok,0.5,330,0.07901404749272337,0.14627588719981813,0.5222796626106458,0.016759820360455768
0,adapted,full,777,adapted_full_seed777,lombok,Lombok,0.6,330,0.04794791660512681,0.12830584844197696,0.5090487109608433,0.016759820360455768
0,adapted,full,777,adapted_full_seed777,lombok,Lombok,0.7,330,0.014932856091183713,0.07909128928956206,0.49310591181862207,0.016759820360455768
0,adapted,full,777,adapted_full_seed777,palu,Palu,0.3,730,0.10826985854189336,0.21883532849655338,0.5325072111501525,0.004419999072663261
0,adapted,full,777,adapted_full_seed777,palu,Palu,0.4,730,0.12640907065261067,0.21509469264695869,0.5531776304382626,0.004419999072663261
0,adapted,full,777,adapted_full_seed777,palu,Palu,0.5,730,0.08500525968681699,0.16694333572578113,0.5354754687302676,0.004419999072663261
0,adapted,full,777,adapted_full_seed777,palu,Palu,0.6,730,0.04362583735734505,0.12065584937946973,0.5155664678459965,0.004419999072663261
0,adapted,full,777,adapted_full_seed777,palu,Palu,0.7,730,0.017297416405001927,0.08481244342802248,0.5026813937916992,0.004419999072663261
0,source,source,2026,source_seed2026,hokkaido_iburi_tobu,Hokkaido,0.3,1346,0.0797567756599673,-0.004821440437520263,0.3740049548523487,0.1306383478649357
0,source,source,2026,source_seed2026,hokkaido_iburi_tobu,Hokkaido,0.4,1346,0.06961208025909522,-0.01664158084587182,0.38751692272879895,0.1306383478649357
0,source,source,2026,source_seed2026,hokkaido_iburi_tobu,Hokkaido,0.5,1346,0.06012254317953988,-0.026101592261299864,0.3974557002206538,0.1306383478649357
0,source,source,2026,source_seed2026,hokkaido_iburi_tobu,Hokkaido,0.6,1346,0.052061372383463436,-0.02960219457741084,0.4083533151392754,0.1306383478649357
0,source,source,2026,source_seed2026,hokkaido_iburi_tobu,Hokkaido,0.7,1346,0.04530043869639441,-0.025681666842867157,0.4214312822649231,0.1306383478649357
0,source,source,2026,source_seed2026,lombok,Lombok,0.3,323,0.05177581959719189,0.06405713616275983,0.43783667382810587,0.07366166570968617
0,source,source,2026,source_seed2026,lombok,Lombok,0.4,323,0.052339238780251984,0.06372944864388996,0.44855415301446744,0.07366166570968617
0,source,source,2026,source_seed2026,lombok,Lombok,0.5,323,0.05272600068008333,0.06342064271602725,0.45713759654589436,0.07366166570968617
0,source,source,2026,source_seed2026,lombok,Lombok,0.6,323,0.05259699674674274,0.062271435352243006,0.4644362779861136,0.07366166570968617
0,source,source,2026,source_seed2026,lombok,Lombok,0.7,323,0.05275314607338183,0.062145964148929124,0.4721144100935552,0.07366166570968617
0,source,source,2026,source_seed2026,palu,Palu,0.3,730,0.017295083972572366,0.02709214179024806,0.4024635510713787,0.017782298965343408
0,source,source,2026,source_seed2026,palu,Palu,0.4,730,0.02001917716533617,0.03501095457627096,0.42980764343544076,0.017782298965343408
0,source,source,2026,source_seed2026,palu,Palu,0.5,730,0.023467254383711843,0.04282987242899681,0.4524392858973154,0.017782298965343408
0,source,source,2026,source_seed2026,palu,Palu,0.6,730,0.02785081903524215,0.05026850047397043,0.4722968201778199,0.017782298965343408
0,source,source,2026,source_seed2026,palu,Palu,0.7,730,0.035278743559754466,0.06067499980211216,0.49231677316584715,0.017782298965343408
0,source,source,42,source_seed42,hokkaido_iburi_tobu,Hokkaido,0.3,1341,0.08412163755400315,0.0087775476713001,0.3744092523942321,0.11913291733806643
0,source,source,42,source_seed42,hokkaido_iburi_tobu,Hokkaido,0.4,1341,0.07796354353036156,0.0024702405424325783,0.38779177191641867,0.11913291733806643
0,source,source,42,source_seed42,hokkaido_iburi_tobu,Hokkaido,0.5,1341,0.07287796795917242,0.0020005868678610824,0.40357495860577813,0.11913291733806643
0,source,source,42,source_seed42,hokkaido_iburi_tobu,Hokkaido,0.6,1341,0.06707830922599327,0.0009185703859181045,0.41581573342222816,0.11913291733806643
0,source,source,42,source_seed42,hokkaido_iburi_tobu,Hokkaido,0.7,1341,0.06077965802791633,0.0024622845484122617,0.4282171499887676,0.11913291733806643
0,source,source,42,source_seed42,lombok,Lombok,0.3,327,0.04658388331091719,0.053152080509930616,0.43723234469049344,0.0772778139987466
0,source,source,42,source_seed42,lombok,Lombok,0.4,327,0.045994476567972606,0.05068118594572158,0.44501065002139095,0.0772778139987466
0,source,source,42,source_seed42,lombok,Lombok,0.5,327,0.04502141179373179,0.04769566884051388,0.45123259370855073,0.0772778139987466
0,source,source,42,source_seed42,lombok,Lombok,0.6,327,0.04432953482182301,0.04577828547390103,0.4567621962298399,0.0772778139987466
0,source,source,42,source_seed42,lombok,Lombok,0.7,327,0.04364071660547654,0.044186607764928866,0.4625243457999491,0.0772778139987466
0,source,source,42,source_seed42,palu,Palu,0.3,734,0.01817216548582019,0.03276798266039641,0.4029449454611928,0.023442897643798193
0,source,source,42,source_seed42,palu,Palu,0.4,734,0.019592088084415465,0.03617705968767089,0.4213143027647589,0.023442897643798193
0,source,source,42,source_seed42,palu,Palu,0.5,734,0.021576773068584347,0.0403035470918477,0.4401128650380832,0.023442897643798193
0,source,source,42,source_seed42,palu,Palu,0.6,734,0.024003260324177305,0.0447022458967068,0.4562889226314985,0.023442897643798193
0,source,source,42,source_seed42,palu,Palu,0.7,734,0.027003442517787975,0.04873065371197025,0.472100675909409,0.023442897643798193
0,source,source,777,source_seed777,hokkaido_iburi_tobu,Hokkaido,0.3,1345,0.10048837513237507,0.04887445094190154,0.3949623627310291,0.10536273787952692
0,source,source,777,source_seed777,hokkaido_iburi_tobu,Hokkaido,0.4,1345,0.09404910430582349,0.043177831340825604,0.4123265289864729,0.10536273787952692
0,source,source,777,source_seed777,hokkaido_iburi_tobu,Hokkaido,0.5,1345,0.08564914722675582,0.033901010586295244,0.42179754031747896,0.10536273787952692
0,source,source,777,source_seed777,hokkaido_iburi_tobu,Hokkaido,0.6,1345,0.07583595543694835,0.025378599592979615,0.43075192961378955,0.10536273787952692
0,source,source,777,source_seed777,hokkaido_iburi_tobu,Hokkaido,0.7,1345,0.06517506079332877,0.02082746348585932,0.4403621717197146,0.10536273787952692
0,source,source,777,source_seed777,lombok,Lombok,0.3,330,0.05523367562783014,0.08819632449766156,0.43804978433065944,0.07501150397295422
0,source,source,777,source_seed777,lombok,Lombok,0.4,330,0.055882490182013904,0.08690032119713102,0.4467097072073371,0.07501150397295422
0,source,source,777,source_seed777,lombok,Lombok,0.5,330,0.05577132422656881,0.08440253790885555,0.45262415238231224,0.07501150397295422
0,source,source,777,source_seed777,lombok,Lombok,0.6,330,0.056056989597540866,0.08297890843594263,0.4588549072831695,0.07501150397295422
0,source,source,777,source_seed777,lombok,Lombok,0.7,330,0.05603604294151965,0.08049257523813742,0.4660666620856901,0.07501150397295422
0,source,source,777,source_seed777,palu,Palu,0.3,730,0.02284684951678853,0.050722628821395666,0.4228424832373677,0.02191380465671021
0,source,source,777,source_seed777,palu,Palu,0.4,730,0.02451022496142158,0.05166561376259139,0.4422161423931854,0.02191380465671021
0,source,source,777,source_seed777,palu,Palu,0.5,730,0.026359197388800895,0.053082736887246504,0.4571934518983082,0.02191380465671021
0,source,source,777,source_seed777,palu,Palu,0.6,730,0.029049075715564275,0.05559792620760335,0.47187492920723045,0.02191380465671021
0,source,source,777,source_seed777,palu,Palu,0.7,730,0.03291982605946886,0.05904808531807366,0.48647135158205423,0.02191380465671021
256,adapted,decoder-only,2026,adapted_decoder-only_seed2026,hokkaido_iburi_tobu,Hokkaido,0.3,1152,0.3754725556221208,0.49782312010698343,0.6183196744038225,0.018962276653741807
256,adapted,decoder-only,2026,adapted_decoder-only_seed2026,hokkaido_iburi_tobu,Hokkaido,0.4,1152,0.4019410596762324,0.5204699297277141,0.648294361519783,0.018962276653741807
256,adapted,decoder-only,2026,adapted_decoder-only_seed2026,hokkaido_iburi_tobu,Hokkaido,0.5,1152,0.3846230963495829,0.5124106109535259,0.6473115890272216,0.018962276653741807
256,adapted,decoder-only,2026,adapted_decoder-only_seed2026,hokkaido_iburi_tobu,Hokkaido,0.6,1152,0.3192779646767435,0.47004990595319457,0.6161974801047773,0.018962276653741807
256,adapted,decoder-only,2026,adapted_decoder-only_seed2026,hokkaido_iburi_tobu,Hokkaido,0.7,1152,0.21689157105598633,0.3913238202624233,0.5629844826562899,0.018962276653741807
256,adapted,decoder-only,2026,adapted_decoder-only_seed2026,lombok,Lombok,0.3,196,0.08582273471370234,0.13412061747030574,0.5030528301746249,0.017079849803591216
256,adapted,decoder-only,2026,adapted_decoder-only_seed2026,lombok,Lombok,0.4,196,0.08196175935004903,0.12628805750301098,0.5163824862577412,0.017079849803591216
256,adapted,decoder-only,2026,adapted_decoder-only_seed2026,lombok,Lombok,0.5,196,0.05811198821352933,0.1093388091987817,0.5114989258720491,0.017079849803591216
256,adapted,decoder-only,2026,adapted_decoder-only_seed2026,lombok,Lombok,0.6,196,0.02418121831495936,0.0761717161439597,0.4969743373350879,0.017079849803591216
256,adapted,decoder-only,2026,adapted_decoder-only_seed2026,lombok,Lombok,0.7,196,0.005663128985214124,0.042222448417037074,0.4882851931355458,0.017079849803591216
256,adapted,decoder-only,2026,adapted_decoder-only_seed2026,palu,Palu,0.3,673,0.09586808256134217,0.17496114610299593,0.5319077282594948,0.005683113297428483
256,adapted,decoder-only,2026,adapted_decoder-only_seed2026,palu,Palu,0.4,673,0.09969285897107755,0.17166997803148906,0.5402559173171987,0.005683113297428483
256,adapted,decoder-only,2026,adapted_decoder-only_seed2026,palu,Palu,0.5,673,0.07792297786580894,0.15208377916193402,0.5317119702304474,0.005683113297428483
256,adapted,decoder-only,2026,adapted_decoder-only_seed2026,palu,Palu,0.6,673,0.045380841936741856,0.12164194905000285,0.5163595432454651,0.005683113297428483
256,adapted,decoder-only,2026,adapted_decoder-only_seed2026,palu,Palu,0.7,673,0.017199453047045347,0.08060501727816885,0.5025689421650645,0.005683113297428483
256,adapted,decoder-only,42,adapted_decoder-only_seed42,hokkaido_iburi_tobu,Hokkaido,0.3,1150,0.40916473403060005,0.5475095667582275,0.6469463352712786,0.00878292659836814
256,adapted,decoder-only,42,adapted_decoder-only_seed42,hokkaido_iburi_tobu,Hokkaido,0.4,1150,0.43521432637372875,0.5647445774921142,0.6723436678011407,0.00878292659836814
256,adapted,decoder-only,42,adapted_decoder-only_seed42,hokkaido_iburi_tobu,Hokkaido,0.5,1150,0.4218062813573268,0.5531673213343516,0.6717117501236041,0.00878292659836814
256,adapted,decoder-only,42,adapted_decoder-only_seed42,hokkaido_iburi_tobu,Hokkaido,0.6,1150,0.35518743004052694,0.505304180245626,0.6398244232192236,0.00878292659836814
256,adapted,decoder-only,42,adapted_decoder-only_seed42,hokkaido_iburi_tobu,Hokkaido,0.7,1150,0.22902937222776473,0.40618473827410356,0.57426183849555,0.00878292659836814
256,adapted,decoder-only,42,adapted_decoder-only_seed42,lombok,Lombok,0.3,214,0.08274116011587179,0.12139474109543093,0.5074786220268139,0.019555540551064652
256,adapted,decoder-only,42,adapted_decoder-only_seed42,lombok,Lombok,0.4,214,0.0600104022813279,0.09595457047647402,0.5075185315641197,0.019555540551064652
256,adapted,decoder-only,42,adapted_decoder-only_seed42,lombok,Lombok,0.5,214,0.033798238013816796,0.07640867458987263,0.4989063507824001,0.019555540551064652
256,adapted,decoder-only,42,adapted_decoder-only_seed42,lombok,Lombok,0.6,214,0.016641078130330944,0.06853341779489794,0.49187053942187775,0.019555540551064652
256,adapted,decoder-only,42,adapted_decoder-only_seed42,lombok,Lombok,0.7,214,0.005030959752321981,0.04918920812545115,0.48638074246714386,0.019555540551064652
256,adapted,decoder-only,42,adapted_decoder-only_seed42,palu,Palu,0.3,681,0.07787715384510108,0.1590410954255801,0.5146848479298289,0.005547320174873239
256,adapted,decoder-only,42,adapted_decoder-only_seed42,palu,Palu,0.4,681,0.09297858763023384,0.16256901615624214,0.533588856075318,0.005547320174873239
256,adapted,decoder-only,42,adapted_decoder-only_seed42,palu,Palu,0.5,681,0.07726709442899238,0.14622623449111508,0.5311163230092999,0.005547320174873239
256,adapted,decoder-only,42,adapted_decoder-only_seed42,palu,Palu,0.6,681,0.02843163942176822,0.09893471499501333,0.5081357294076753,0.005547320174873239
256,adapted,decoder-only,42,adapted_decoder-only_seed42,palu,Palu,0.7,681,0.00389096256079629,0.04245308570643312,0.4960254695352927,0.005547320174873239
256,adapted,decoder-only,777,adapted_decoder-only_seed777,hokkaido_iburi_tobu,Hokkaido,0.3,1151,0.39597659611680397,0.5279071572127025,0.6383570444996847,0.01222573727488339
256,adapted,decoder-only,777,adapted_decoder-only_seed777,hokkaido_iburi_tobu,Hokkaido,0.4,1151,0.41686377757211057,0.5422945718695885,0.6620828964704409,0.01222573727488339
256,adapted,decoder-only,777,adapted_decoder-only_seed777,hokkaido_iburi_tobu,Hokkaido,0.5,1151,0.39548461488718256,0.528870094954908,0.6575654927098041,0.01222573727488339
256,adapted,decoder-only,777,adapted_decoder-only_seed777,hokkaido_iburi_tobu,Hokkaido,0.6,1151,0.3109415155852036,0.47077324469840526,0.6159948270354887,0.01222573727488339
256,adapted,decoder-only,777,adapted_decoder-only_seed777,hokkaido_iburi_tobu,Hokkaido,0.7,1151,0.17097281392647645,0.3524011329297892,0.5425768611266593,0.01222573727488339
256,adapted,decoder-only,777,adapted_decoder-only_seed777,lombok,Lombok,0.3,217,0.054771235015876545,0.09067110519040955,0.468332676861205,0.01271685420846635
256,adapted,decoder-only,777,adapted_decoder-only_seed777,lombok,Lombok,0.4,217,0.050142670940923666,0.07141278803058101,0.48699892056139704,0.01271685420846635
256,adapted,decoder-only,777,adapted_decoder-only_seed777,lombok,Lombok,0.5,217,0.03923509183930219,0.05117652349000088,0.49540489939571336,0.01271685420846635
256,adapted,decoder-only,777,adapted_decoder-only_seed777,lombok,Lombok,0.6,217,0.021852908346769194,0.030147608886495328,0.49427679342383884,0.01271685420846635
256,adapted,decoder-only,777,adapted_decoder-only_seed777,lombok,Lombok,0.7,217,0.005587555267107452,0.005494308330799238,0.4890009293057964,0.01271685420846635
256,adapted,decoder-only,777,adapted_decoder-only_seed777,palu,Palu,0.3,682,0.09376405024202056,0.18357493144460665,0.5283214307665796,0.00472612931334854
256,adapted,decoder-only,777,adapted_decoder-only_seed777,palu,Palu,0.4,682,0.09839899467343971,0.17056038988268094,0.5385482756344727,0.00472612931334854
256,adapted,decoder-only,777,adapted_decoder-only_seed777,palu,Palu,0.5,682,0.07557938616384803,0.13725574742913157,0.530119412072907,0.00472612931334854
256,adapted,decoder-only,777,adapted_decoder-only_seed777,palu,Palu,0.6,682,0.0482594364139982,0.10482271948721697,0.5176525179465427,0.00472612931334854
256,adapted,decoder-only,777,adapted_decoder-only_seed777,palu,Palu,0.7,682,0.027073857483214208,0.0833051312256462,0.5077059111550024,0.00472612931334854
256,adapted,full,2026,adapted_full_seed2026,hokkaido_iburi_tobu,Hokkaido,0.3,1152,0.3963709661741565,0.5190866087702716,0.6358970507136348,0.025077270439079556
256,adapted,full,2026,adapted_full_seed2026,hokkaido_iburi_tobu,Hokkaido,0.4,1152,0.4225133553803104,0.544531903985993,0.6636555088351251,0.025077270439079556
256,adapted,full,2026,adapted_full_seed2026,hokkaido_iburi_tobu,Hokkaido,0.5,1152,0.39849343273269017,0.5333407308310981,0.6571248891210065,0.025077270439079556
256,adapted,full,2026,adapted_full_seed2026,hokkaido_iburi_tobu,Hokkaido,0.6,1152,0.33041933805047113,0.4903115973764983,0.6235145570758559,0.025077270439079556
256,adapted,full,2026,adapted_full_seed2026,hokkaido_iburi_tobu,Hokkaido,0.7,1152,0.22640910873454656,0.4113596024983373,0.5688662908035409,0.025077270439079556
256,adapted,full,2026,adapted_full_seed2026,lombok,Lombok,0.3,196,0.11283884984446237,0.1811161560217053,0.5225601649905951,0.015467726266348233
256,adapted,full,2026,adapted_full_seed2026,lombok,Lombok,0.4,196,0.11685564159292035,0.1916523184405026,0.5384335308568728,0.015467726266348233
256,adapted,full,2026,adapted_full_seed2026,lombok,Lombok,0.5,196,0.08475628974544376,0.18202673558132115,0.52696164437196,0.015467726266348233
256,adapted,full,2026,adapted_full_seed2026,lombok,Lombok,0.6,196,0.04374710633263028,0.14517089442918024,0.507382961924374,0.015467726266348233
256,adapted,full,2026,adapted_full_seed2026,lombok,Lombok,0.7,196,0.014985824220332119,0.09431138128815887,0.49309725971682034,0.015467726266348233
256,adapted,full,2026,adapted_full_seed2026,palu,Palu,0.3,673,0.12013963743263106,0.22275188527769832,0.543710785864156,0.005279534412625458
256,adapted,full,2026,adapted_full_seed2026,palu,Palu,0.4,673,0.13834002859671818,0.23466485599892,0.5605382947251161,0.005279534412625458
256,adapted,full,2026,adapted_full_seed2026,palu,Palu,0.5,673,0.09972903184672766,0.2082174820081557,0.5434524873586559,0.005279534412625458
256,adapted,full,2026,adapted_full_seed2026,palu,Palu,0.6,673,0.0521465710053156,0.1690304642173523,0.5201506052769328,0.005279534412625458
256,adapted,full,2026,adapted_full_seed2026,palu,Palu,0.7,673,0.01862531054731612,0.11072022936099657,0.5034002597438493,0.005279534412625458
256,adapted,full,42,adapted_full_seed42,hokkaido_iburi_tobu,Hokkaido,0.3,1150,0.39076666702261925,0.5257117310444143,0.6350286773084143,0.010749013458380193
256,adapted,full,42,adapted_full_seed42,hokkaido_iburi_tobu,Hokkaido,0.4,1150,0.4108124363065306,0.5370838979296161,0.6585453908374477,0.010749013458380193
256,adapted,full,42,adapted_full_seed42,hokkaido_iburi_tobu,Hokkaido,0.5,1150,0.38653740244822765,0.5178763851954963,0.6526565342162616,0.010749013458380193
256,adapted,full,42,adapted_full_seed42,hokkaido_iburi_tobu,Hokkaido,0.6,1150,0.3104117841097169,0.4630208857728128,0.6157396946716597,0.010749013458380193
256,adapted,full,42,adapted_full_seed42,hokkaido_iburi_tobu,Hokkaido,0.7,1150,0.19178034740329264,0.365930789687466,0.5542168182475955,0.010749013458380193
256,adapted,full,42,adapted_full_seed42,lombok,Lombok,0.3,214,0.08275411149333207,0.1236811463543265,0.4966054893815644,0.015742454360591313
256,adapted,full,42,adapted_full_seed42,lombok,Lombok,0.4,214,0.07047262878375317,0.1032921835052679,0.5076159403061904,0.015742454360591313
256,adapted,full,42,adapted_full_seed42,lombok,Lombok,0.5,214,0.049611553245628284,0.08875472526459946,0.5047367252644374,0.015742454360591313
256,adapted,full,42,adapted_full_seed42,lombok,Lombok,0.6,214,0.031173829377806286,0.08264953963505182,0.4983364772605706,0.015742454360591313
256,adapted,full,42,adapted_full_seed42,lombok,Lombok,0.7,214,0.015962006652264858,0.06996554776091361,0.49160261942560296,0.015742454360591313
256,adapted,full,42,adapted_full_seed42,palu,Palu,0.3,681,0.10009418195081851,0.20355598206283854,0.5277138381655977,0.0043454938604439155
256,adapted,full,42,adapted_full_seed42,palu,Palu,0.4,681,0.12641546941357187,0.21633377355749359,0.5523424440102824,0.0043454938604439155
256,adapted,full,42,adapted_full_seed42,palu,Palu,0.5,681,0.09551685008735748,0.18922035582916527,0.5409978131205205,0.0043454938604439155
256,adapted,full,42,adapted_full_seed42,palu,Palu,0.6,681,0.027552055015943457,0.11467317149400294,0.5078427784870592,0.0043454938604439155
256,adapted,full,42,adapted_full_seed42,palu,Palu,0.7,681,0.0030086555542956496,0.04311012357360651,0.4955938793149749,0.0043454938604439155
256,adapted,full,777,adapted_full_seed777,hokkaido_iburi_tobu,Hokkaido,0.3,1151,0.3464129430419772,0.46644340847809934,0.6059831108931886,0.01909356296891621
256,adapted,full,777,adapted_full_seed777,hokkaido_iburi_tobu,Hokkaido,0.4,1151,0.36112982709181135,0.4775129846387021,0.6283264252547347,0.01909356296891621
256,adapted,full,777,adapted_full_seed777,hokkaido_iburi_tobu,Hokkaido,0.5,1151,0.3410088987073071,0.4673224786355769,0.6260881709272864,0.01909356296891621
256,adapted,full,777,adapted_full_seed777,hokkaido_iburi_tobu,Hokkaido,0.6,1151,0.26260302140259917,0.4168833970656656,0.5892399663680616,0.01909356296891621
256,adapted,full,777,adapted_full_seed777,hokkaido_iburi_tobu,Hokkaido,0.7,1151,0.13680637126004958,0.3108348885365728,0.5241858610533625,0.01909356296891621
256,adapted,full,777,adapted_full_seed777,lombok,Lombok,0.3,217,0.07276640691950495,0.11569198537680075,0.5034988007673561,0.014709891064018819
256,adapted,full,777,adapted_full_seed777,lombok,Lombok,0.4,217,0.06886291592928959,0.10820108805893126,0.5141702514608596,0.014709891064018819
256,adapted,full,777,adapted_full_seed777,lombok,Lombok,0.5,217,0.05445367353494562,0.10386315549838696,0.5127142226459113,0.014709891064018819
256,adapted,full,777,adapted_full_seed777,lombok,Lombok,0.6,217,0.031180156886804856,0.0907175543411227,0.5031438507074139,0.014709891064018819
256,adapted,full,777,adapted_full_seed777,lombok,Lombok,0.7,217,0.010645025295109613,0.06259080800463598,0.49343829190711874,0.014709891064018819
256,adapted,full,777,adapted_full_seed777,palu,Palu,0.3,682,0.10611810969615218,0.21904675498561346,0.5319598471532985,0.003927991132603359
256,adapted,full,777,adapted_full_seed777,palu,Palu,0.4,682,0.12538973037418213,0.21442306301634345,0.5531162697228997,0.003927991132603359
256,adapted,full,777,adapted_full_seed777,palu,Palu,0.5,682,0.08531476309350207,0.16596727254190163,0.536025306026869,0.003927991132603359
256,adapted,full,777,adapted_full_seed777,palu,Palu,0.6,682,0.04578219792604302,0.12360120662938001,0.517053200651186,0.003927991132603359
256,adapted,full,777,adapted_full_seed777,palu,Palu,0.7,682,0.018970382490336963,0.08927954228044932,0.5039302911280131,0.003927991132603359
256,source,source,2026,source_seed2026,hokkaido_iburi_tobu,Hokkaido,0.3,1152,0.07698605183007957,-0.012390962471671518,0.37325541521342553,0.13367940746019522
256,source,source,2026,source_seed2026,hokkaido_iburi_tobu,Hokkaido,0.4,1152,0.067222998085428,-0.022673394223678672,0.386697875846718,0.13367940746019522
256,source,source,2026,source_seed2026,hokkaido_iburi_tobu,Hokkaido,0.5,1152,0.058376601811007116,-0.030385046036936078,0.39673393337319945,0.13367940746019522
256,source,source,2026,source_seed2026,hokkaido_iburi_tobu,Hokkaido,0.6,1152,0.050785657294709595,-0.03267301176751767,0.4076343539676492,0.13367940746019522
256,source,source,2026,source_seed2026,hokkaido_iburi_tobu,Hokkaido,0.7,1152,0.044275999722194544,-0.02809235532909451,0.4205772258596645,0.13367940746019522
256,source,source,2026,source_seed2026,lombok,Lombok,0.3,196,0.03987059651549014,0.041274080441449916,0.4468519526537299,0.06275175598805707
256,source,source,2026,source_seed2026,lombok,Lombok,0.4,196,0.03778797261597023,0.03573028274057398,0.45528918037577404,0.06275175598805707
256,source,source,2026,source_seed2026,lombok,Lombok,0.5,196,0.03533942257668317,0.030250520682762082,0.4614298228050425,0.06275175598805707
256,source,source,2026,source_seed2026,lombok,Lombok,0.6,196,0.03282914519711691,0.025421197081005268,0.46641583806497966,0.06275175598805707
256,source,source,2026,source_seed2026,lombok,Lombok,0.7,196,0.029377557166296288,0.0195384208101523,0.47091317385013054,0.06275175598805707
256,source,source,2026,source_seed2026,palu,Palu,0.3,673,0.017493504337836883,0.02978147240906258,0.399889059777887,0.01725503589220633
256,source,source,2026,source_seed2026,palu,Palu,0.4,673,0.020435838559645123,0.03836248710353813,0.4281482434470681,0.01725503589220633
256,source,source,2026,source_seed2026,palu,Palu,0.5,673,0.024209694453869893,0.04691594368586442,0.45167810658665114,0.01725503589220633
256,source,source,2026,source_seed2026,palu,Palu,0.6,673,0.02913114354186712,0.055264204270579216,0.47241000990346815,0.01725503589220633
256,source,source,2026,source_seed2026,palu,Palu,0.7,673,0.03766660495311789,0.06702927403278952,0.49356356000466317,0.01725503589220633
256,source,source,42,source_seed42,hokkaido_iburi_tobu,Hokkaido,0.3,1150,0.07915475393469315,0.006024870203390995,0.37217570154269314,0.11494920311740398
256,source,source,42,source_seed42,hokkaido_iburi_tobu,Hokkaido,0.4,1150,0.07363588118643952,0.00026081933895454696,0.3860296360132686,0.11494920311740398
256,source,source,42,source_seed42,hokkaido_iburi_tobu,Hokkaido,0.5,1150,0.06915590372772049,0.000110983070880326,0.4023840767315182,0.11494920311740398
256,source,source,42,source_seed42,hokkaido_iburi_tobu,Hokkaido,0.6,1150,0.06398796466511435,-0.0006616835631254917,0.41522815877134767,0.11494920311740398
256,source,source,42,source_seed42,hokkaido_iburi_tobu,Hokkaido,0.7,1150,0.05829601135721589,0.0009202646631491057,0.4282530636826349,0.11494920311740398
256,source,source,42,source_seed42,lombok,Lombok,0.3,214,0.04953218768410437,0.0594140519919215,0.44262409863032104,0.07377094130558798
256,source,source,42,source_seed42,lombok,Lombok,0.4,214,0.049848271027606375,0.05903494432451423,0.45090283608296455,0.07377094130558798
256,source,source,42,source_seed42,lombok,Lombok,0.5,214,0.04989806185934359,0.058335807156807126,0.4575532308073118,0.07377094130558798
256,source,source,42,source_seed42,lombok,Lombok,0.6,214,0.04987892286602931,0.05775780605408551,0.4631609175212917,0.07377094130558798
256,source,source,42,source_seed42,lombok,Lombok,0.7,214,0.0497153044819174,0.05706943011949955,0.4688148251307014,0.07377094130558798
256,source,source,42,source_seed42,palu,Palu,0.3,681,0.01872880246280737,0.036094721763646885,0.4024709362153249,0.022816717860298368
256,source,source,42,source_seed42,palu,Palu,0.4,681,0.020258628578947706,0.03966915526780148,0.42104790765534783,0.022816717860298368
256,source,source,42,source_seed42,palu,Palu,0.5,681,0.022401117023153103,0.04398595776249947,0.4401869369148402,0.022816717860298368
256,source,source,42,source_seed42,palu,Palu,0.6,681,0.02497812344264418,0.04843566802152049,0.45665569535629097,0.022816717860298368
256,source,source,42,source_seed42,palu,Palu,0.7,681,0.02821901164786984,0.052590938164088434,0.4727910248602229,0.022816717860298368
256,source,source,777,source_seed777,hokkaido_iburi_tobu,Hokkaido,0.3,1151,0.09862895887903142,0.05148867842011465,0.39528810107540713,0.1016630739157625
256,source,source,777,source_seed777,hokkaido_iburi_tobu,Hokkaido,0.4,1151,0.09285713888019188,0.0461787857326137,0.4132999155142017,0.1016630739157625
256,source,source,777,source_seed777,hokkaido_iburi_tobu,Hokkaido,0.5,1151,0.08487320413691977,0.036921973407221094,0.42319865957331626,0.1016630739157625
256,source,source,777,source_seed777,hokkaido_iburi_tobu,Hokkaido,0.6,1151,0.07548120626003686,0.02836276387291179,0.43254968201664895,0.1016630739157625
256,source,source,777,source_seed777,hokkaido_iburi_tobu,Hokkaido,0.7,1151,0.06535041016784876,0.023932576689607143,0.4426301383187441,0.1016630739157625
256,source,source,777,source_seed777,lombok,Lombok,0.3,217,0.050626260742693205,0.10194182161890872,0.4181343978745264,0.0901034071741154
256,source,source,777,source_seed777,lombok,Lombok,0.4,217,0.05211353082753749,0.10231673078818238,0.42859543419397905,0.0901034071741154
256,source,source,777,source_seed777,lombok,Lombok,0.5,217,0.052802641844288414,0.10100654484857936,0.4360303320512705,0.0901034071741154
256,source,source,777,source_seed777,lombok,Lombok,0.6,217,0.05380990359773449,0.10037738592430605,0.4438745656561885,0.0901034071741154
256,source,source,777,source_seed777,lombok,Lombok,0.7,217,0.05452228147880322,0.09784373197167497,0.45308157658233567,0.0901034071741154
256,source,source,777,source_seed777,palu,Palu,0.3,682,0.022019911329677084,0.05239698772698761,0.4214487963733152,0.02118713617052361
256,source,source,777,source_seed777,palu,Palu,0.4,682,0.023687361570388938,0.053219137375275616,0.4411858474440185,0.02118713617052361
256,source,source,777,source_seed777,palu,Palu,0.5,682,0.02561068681546905,0.05475804793398794,0.4564800067047156,0.02118713617052361
256,source,source,777,source_seed777,palu,Palu,0.6,682,0.02846134522260732,0.05751715497290354,0.4715523328958699,0.02118713617052361
256,source,source,777,source_seed777,palu,Palu,0.7,682,0.032714092583096356,0.061492145953189234,0.4865861612608185,0.02118713617052361
512,adapted,decoder-only,2026,adapted_decoder-only_seed2026,hokkaido_iburi_tobu,Hokkaido,0.3,1152,0.3754725556221208,0.49782312010698343,0.6183196744038225,0.018962276653741807
512,adapted,decoder-only,2026,adapted_decoder-only_seed2026,hokkaido_iburi_tobu,Hokkaido,0.4,1152,0.4019410596762324,0.5204699297277141,0.648294361519783,0.018962276653741807
512,adapted,decoder-only,2026,adapted_decoder-only_seed2026,hokkaido_iburi_tobu,Hokkaido,0.5,1152,0.3846230963495829,0.5124106109535259,0.6473115890272216,0.018962276653741807
512,adapted,decoder-only,2026,adapted_decoder-only_seed2026,hokkaido_iburi_tobu,Hokkaido,0.6,1152,0.3192779646767435,0.47004990595319457,0.6161974801047773,0.018962276653741807
512,adapted,decoder-only,2026,adapted_decoder-only_seed2026,hokkaido_iburi_tobu,Hokkaido,0.7,1152,0.21689157105598633,0.3913238202624233,0.5629844826562899,0.018962276653741807
512,adapted,decoder-only,2026,adapted_decoder-only_seed2026,lombok,Lombok,0.3,196,0.08582273471370234,0.13412061747030574,0.5030528301746249,0.017079849803591216
512,adapted,decoder-only,2026,adapted_decoder-only_seed2026,lombok,Lombok,0.4,196,0.08196175935004903,0.12628805750301098,0.5163824862577412,0.017079849803591216
512,adapted,decoder-only,2026,adapted_decoder-only_seed2026,lombok,Lombok,0.5,196,0.05811198821352933,0.1093388091987817,0.5114989258720491,0.017079849803591216
512,adapted,decoder-only,2026,adapted_decoder-only_seed2026,lombok,Lombok,0.6,196,0.02418121831495936,0.0761717161439597,0.4969743373350879,0.017079849803591216
512,adapted,decoder-only,2026,adapted_decoder-only_seed2026,lombok,Lombok,0.7,196,0.005663128985214124,0.042222448417037074,0.4882851931355458,0.017079849803591216
512,adapted,decoder-only,2026,adapted_decoder-only_seed2026,palu,Palu,0.3,673,0.09586808256134217,0.17496114610299593,0.5319077282594948,0.005683113297428483
512,adapted,decoder-only,2026,adapted_decoder-only_seed2026,palu,Palu,0.4,673,0.09969285897107755,0.17166997803148906,0.5402559173171987,0.005683113297428483
512,adapted,decoder-only,2026,adapted_decoder-only_seed2026,palu,Palu,0.5,673,0.07792297786580894,0.15208377916193402,0.5317119702304474,0.005683113297428483
512,adapted,decoder-only,2026,adapted_decoder-only_seed2026,palu,Palu,0.6,673,0.045380841936741856,0.12164194905000285,0.5163595432454651,0.005683113297428483
512,adapted,decoder-only,2026,adapted_decoder-only_seed2026,palu,Palu,0.7,673,0.017199453047045347,0.08060501727816885,0.5025689421650645,0.005683113297428483
512,adapted,decoder-only,42,adapted_decoder-only_seed42,hokkaido_iburi_tobu,Hokkaido,0.3,1150,0.40916473403060005,0.5475095667582275,0.6469463352712786,0.00878292659836814
512,adapted,decoder-only,42,adapted_decoder-only_seed42,hokkaido_iburi_tobu,Hokkaido,0.4,1150,0.43521432637372875,0.5647445774921142,0.6723436678011407,0.00878292659836814
512,adapted,decoder-only,42,adapted_decoder-only_seed42,hokkaido_iburi_tobu,Hokkaido,0.5,1150,0.4218062813573268,0.5531673213343516,0.6717117501236041,0.00878292659836814
512,adapted,decoder-only,42,adapted_decoder-only_seed42,hokkaido_iburi_tobu,Hokkaido,0.6,1150,0.35518743004052694,0.505304180245626,0.6398244232192236,0.00878292659836814
512,adapted,decoder-only,42,adapted_decoder-only_seed42,hokkaido_iburi_tobu,Hokkaido,0.7,1150,0.22902937222776473,0.40618473827410356,0.57426183849555,0.00878292659836814
512,adapted,decoder-only,42,adapted_decoder-only_seed42,lombok,Lombok,0.3,214,0.08274116011587179,0.12139474109543093,0.5074786220268139,0.019555540551064652
512,adapted,decoder-only,42,adapted_decoder-only_seed42,lombok,Lombok,0.4,214,0.0600104022813279,0.09595457047647402,0.5075185315641197,0.019555540551064652
512,adapted,decoder-only,42,adapted_decoder-only_seed42,lombok,Lombok,0.5,214,0.033798238013816796,0.07640867458987263,0.4989063507824001,0.019555540551064652
512,adapted,decoder-only,42,adapted_decoder-only_seed42,lombok,Lombok,0.6,214,0.016641078130330944,0.06853341779489794,0.49187053942187775,0.019555540551064652
512,adapted,decoder-only,42,adapted_decoder-only_seed42,lombok,Lombok,0.7,214,0.005030959752321981,0.04918920812545115,0.48638074246714386,0.019555540551064652
512,adapted,decoder-only,42,adapted_decoder-only_seed42,palu,Palu,0.3,681,0.07787715384510108,0.1590410954255801,0.5146848479298289,0.005547320174873239
512,adapted,decoder-only,42,adapted_decoder-only_seed42,palu,Palu,0.4,681,0.09297858763023384,0.16256901615624214,0.533588856075318,0.005547320174873239
512,adapted,decoder-only,42,adapted_decoder-only_seed42,palu,Palu,0.5,681,0.07726709442899238,0.14622623449111508,0.5311163230092999,0.005547320174873239
512,adapted,decoder-only,42,adapted_decoder-only_seed42,palu,Palu,0.6,681,0.02843163942176822,0.09893471499501333,0.5081357294076753,0.005547320174873239
512,adapted,decoder-only,42,adapted_decoder-only_seed42,palu,Palu,0.7,681,0.00389096256079629,0.04245308570643312,0.4960254695352927,0.005547320174873239
512,adapted,decoder-only,777,adapted_decoder-only_seed777,hokkaido_iburi_tobu,Hokkaido,0.3,1151,0.39597659611680397,0.5279071572127025,0.6383570444996847,0.01222573727488339
512,adapted,decoder-only,777,adapted_decoder-only_seed777,hokkaido_iburi_tobu,Hokkaido,0.4,1151,0.41686377757211057,0.5422945718695885,0.6620828964704409,0.01222573727488339
512,adapted,decoder-only,777,adapted_decoder-only_seed777,hokkaido_iburi_tobu,Hokkaido,0.5,1151,0.39548461488718256,0.528870094954908,0.6575654927098041,0.01222573727488339
512,adapted,decoder-only,777,adapted_decoder-only_seed777,hokkaido_iburi_tobu,Hokkaido,0.6,1151,0.3109415155852036,0.47077324469840526,0.6159948270354887,0.01222573727488339
512,adapted,decoder-only,777,adapted_decoder-only_seed777,hokkaido_iburi_tobu,Hokkaido,0.7,1151,0.17097281392647645,0.3524011329297892,0.5425768611266593,0.01222573727488339
512,adapted,decoder-only,777,adapted_decoder-only_seed777,lombok,Lombok,0.3,217,0.054771235015876545,0.09067110519040955,0.468332676861205,0.01271685420846635
512,adapted,decoder-only,777,adapted_decoder-only_seed777,lombok,Lombok,0.4,217,0.050142670940923666,0.07141278803058101,0.48699892056139704,0.01271685420846635
512,adapted,decoder-only,777,adapted_decoder-only_seed777,lombok,Lombok,0.5,217,0.03923509183930219,0.05117652349000088,0.49540489939571336,0.01271685420846635
512,adapted,decoder-only,777,adapted_decoder-only_seed777,lombok,Lombok,0.6,217,0.021852908346769194,0.030147608886495328,0.49427679342383884,0.01271685420846635
512,adapted,decoder-only,777,adapted_decoder-only_seed777,lombok,Lombok,0.7,217,0.005587555267107452,0.005494308330799238,0.4890009293057964,0.01271685420846635
512,adapted,decoder-only,777,adapted_decoder-only_seed777,palu,Palu,0.3,682,0.09376405024202056,0.18357493144460665,0.5283214307665796,0.00472612931334854
512,adapted,decoder-only,777,adapted_decoder-only_seed777,palu,Palu,0.4,682,0.09839899467343971,0.17056038988268094,0.5385482756344727,0.00472612931334854
512,adapted,decoder-only,777,adapted_decoder-only_seed777,palu,Palu,0.5,682,0.07557938616384803,0.13725574742913157,0.530119412072907,0.00472612931334854
512,adapted,decoder-only,777,adapted_decoder-only_seed777,palu,Palu,0.6,682,0.0482594364139982,0.10482271948721697,0.5176525179465427,0.00472612931334854
512,adapted,decoder-only,777,adapted_decoder-only_seed777,palu,Palu,0.7,682,0.027073857483214208,0.0833051312256462,0.5077059111550024,0.00472612931334854
512,adapted,full,2026,adapted_full_seed2026,hokkaido_iburi_tobu,Hokkaido,0.3,1152,0.3963709661741565,0.5190866087702716,0.6358970507136348,0.025077270439079556
512,adapted,full,2026,adapted_full_seed2026,hokkaido_iburi_tobu,Hokkaido,0.4,1152,0.4225133553803104,0.544531903985993,0.6636555088351251,0.025077270439079556
512,adapted,full,2026,adapted_full_seed2026,hokkaido_iburi_tobu,Hokkaido,0.5,1152,0.39849343273269017,0.5333407308310981,0.6571248891210065,0.025077270439079556
512,adapted,full,2026,adapted_full_seed2026,hokkaido_iburi_tobu,Hokkaido,0.6,1152,0.33041933805047113,0.4903115973764983,0.6235145570758559,0.025077270439079556
512,adapted,full,2026,adapted_full_seed2026,hokkaido_iburi_tobu,Hokkaido,0.7,1152,0.22640910873454656,0.4113596024983373,0.5688662908035409,0.025077270439079556
512,adapted,full,2026,adapted_full_seed2026,lombok,Lombok,0.3,196,0.11283884984446237,0.1811161560217053,0.5225601649905951,0.015467726266348233
512,adapted,full,2026,adapted_full_seed2026,lombok,Lombok,0.4,196,0.11685564159292035,0.1916523184405026,0.5384335308568728,0.015467726266348233
512,adapted,full,2026,adapted_full_seed2026,lombok,Lombok,0.5,196,0.08475628974544376,0.18202673558132115,0.52696164437196,0.015467726266348233
512,adapted,full,2026,adapted_full_seed2026,lombok,Lombok,0.6,196,0.04374710633263028,0.14517089442918024,0.507382961924374,0.015467726266348233
512,adapted,full,2026,adapted_full_seed2026,lombok,Lombok,0.7,196,0.014985824220332119,0.09431138128815887,0.49309725971682034,0.015467726266348233
512,adapted,full,2026,adapted_full_seed2026,palu,Palu,0.3,673,0.12013963743263106,0.22275188527769832,0.543710785864156,0.005279534412625458
512,adapted,full,2026,adapted_full_seed2026,palu,Palu,0.4,673,0.13834002859671818,0.23466485599892,0.5605382947251161,0.005279534412625458
512,adapted,full,2026,adapted_full_seed2026,palu,Palu,0.5,673,0.09972903184672766,0.2082174820081557,0.5434524873586559,0.005279534412625458
512,adapted,full,2026,adapted_full_seed2026,palu,Palu,0.6,673,0.0521465710053156,0.1690304642173523,0.5201506052769328,0.005279534412625458
512,adapted,full,2026,adapted_full_seed2026,palu,Palu,0.7,673,0.01862531054731612,0.11072022936099657,0.5034002597438493,0.005279534412625458
512,adapted,full,42,adapted_full_seed42,hokkaido_iburi_tobu,Hokkaido,0.3,1150,0.39076666702261925,0.5257117310444143,0.6350286773084143,0.010749013458380193
512,adapted,full,42,adapted_full_seed42,hokkaido_iburi_tobu,Hokkaido,0.4,1150,0.4108124363065306,0.5370838979296161,0.6585453908374477,0.010749013458380193
512,adapted,full,42,adapted_full_seed42,hokkaido_iburi_tobu,Hokkaido,0.5,1150,0.38653740244822765,0.5178763851954963,0.6526565342162616,0.010749013458380193
512,adapted,full,42,adapted_full_seed42,hokkaido_iburi_tobu,Hokkaido,0.6,1150,0.3104117841097169,0.4630208857728128,0.6157396946716597,0.010749013458380193
512,adapted,full,42,adapted_full_seed42,hokkaido_iburi_tobu,Hokkaido,0.7,1150,0.19178034740329264,0.365930789687466,0.5542168182475955,0.010749013458380193
512,adapted,full,42,adapted_full_seed42,lombok,Lombok,0.3,214,0.08275411149333207,0.1236811463543265,0.4966054893815644,0.015742454360591313
512,adapted,full,42,adapted_full_seed42,lombok,Lombok,0.4,214,0.07047262878375317,0.1032921835052679,0.5076159403061904,0.015742454360591313
512,adapted,full,42,adapted_full_seed42,lombok,Lombok,0.5,214,0.049611553245628284,0.08875472526459946,0.5047367252644374,0.015742454360591313
512,adapted,full,42,adapted_full_seed42,lombok,Lombok,0.6,214,0.031173829377806286,0.08264953963505182,0.4983364772605706,0.015742454360591313
512,adapted,full,42,adapted_full_seed42,lombok,Lombok,0.7,214,0.015962006652264858,0.06996554776091361,0.49160261942560296,0.015742454360591313
512,adapted,full,42,adapted_full_seed42,palu,Palu,0.3,681,0.10009418195081851,0.20355598206283854,0.5277138381655977,0.0043454938604439155
512,adapted,full,42,adapted_full_seed42,palu,Palu,0.4,681,0.12641546941357187,0.21633377355749359,0.5523424440102824,0.0043454938604439155
512,adapted,full,42,adapted_full_seed42,palu,Palu,0.5,681,0.09551685008735748,0.18922035582916527,0.5409978131205205,0.0043454938604439155
512,adapted,full,42,adapted_full_seed42,palu,Palu,0.6,681,0.027552055015943457,0.11467317149400294,0.5078427784870592,0.0043454938604439155
512,adapted,full,42,adapted_full_seed42,palu,Palu,0.7,681,0.0030086555542956496,0.04311012357360651,0.4955938793149749,0.0043454938604439155
512,adapted,full,777,adapted_full_seed777,hokkaido_iburi_tobu,Hokkaido,0.3,1151,0.3464129430419772,0.46644340847809934,0.6059831108931886,0.01909356296891621
512,adapted,full,777,adapted_full_seed777,hokkaido_iburi_tobu,Hokkaido,0.4,1151,0.36112982709181135,0.4775129846387021,0.6283264252547347,0.01909356296891621
512,adapted,full,777,adapted_full_seed777,hokkaido_iburi_tobu,Hokkaido,0.5,1151,0.3410088987073071,0.4673224786355769,0.6260881709272864,0.01909356296891621
512,adapted,full,777,adapted_full_seed777,hokkaido_iburi_tobu,Hokkaido,0.6,1151,0.26260302140259917,0.4168833970656656,0.5892399663680616,0.01909356296891621
512,adapted,full,777,adapted_full_seed777,hokkaido_iburi_tobu,Hokkaido,0.7,1151,0.13680637126004958,0.3108348885365728,0.5241858610533625,0.01909356296891621
512,adapted,full,777,adapted_full_seed777,lombok,Lombok,0.3,217,0.07276640691950495,0.11569198537680075,0.5034988007673561,0.014709891064018819
512,adapted,full,777,adapted_full_seed777,lombok,Lombok,0.4,217,0.06886291592928959,0.10820108805893126,0.5141702514608596,0.014709891064018819
512,adapted,full,777,adapted_full_seed777,lombok,Lombok,0.5,217,0.05445367353494562,0.10386315549838696,0.5127142226459113,0.014709891064018819
512,adapted,full,777,adapted_full_seed777,lombok,Lombok,0.6,217,0.031180156886804856,0.0907175543411227,0.5031438507074139,0.014709891064018819
512,adapted,full,777,adapted_full_seed777,lombok,Lombok,0.7,217,0.010645025295109613,0.06259080800463598,0.49343829190711874,0.014709891064018819
512,adapted,full,777,adapted_full_seed777,palu,Palu,0.3,682,0.10611810969615218,0.21904675498561346,0.5319598471532985,0.003927991132603359
512,adapted,full,777,adapted_full_seed777,palu,Palu,0.4,682,0.12538973037418213,0.21442306301634345,0.5531162697228997,0.003927991132603359
512,adapted,full,777,adapted_full_seed777,palu,Palu,0.5,682,0.08531476309350207,0.16596727254190163,0.536025306026869,0.003927991132603359
512,adapted,full,777,adapted_full_seed777,palu,Palu,0.6,682,0.04578219792604302,0.12360120662938001,0.517053200651186,0.003927991132603359
512,adapted,full,777,adapted_full_seed777,palu,Palu,0.7,682,0.018970382490336963,0.08927954228044932,0.5039302911280131,0.003927991132603359
512,source,source,2026,source_seed2026,hokkaido_iburi_tobu,Hokkaido,0.3,1152,0.07698605183007957,-0.012390962471671518,0.37325541521342553,0.13367940746019522
512,source,source,2026,source_seed2026,hokkaido_iburi_tobu,Hokkaido,0.4,1152,0.067222998085428,-0.022673394223678672,0.386697875846718,0.13367940746019522
512,source,source,2026,source_seed2026,hokkaido_iburi_tobu,Hokkaido,0.5,1152,0.058376601811007116,-0.030385046036936078,0.39673393337319945,0.13367940746019522
512,source,source,2026,source_seed2026,hokkaido_iburi_tobu,Hokkaido,0.6,1152,0.050785657294709595,-0.03267301176751767,0.4076343539676492,0.13367940746019522
512,source,source,2026,source_seed2026,hokkaido_iburi_tobu,Hokkaido,0.7,1152,0.044275999722194544,-0.02809235532909451,0.4205772258596645,0.13367940746019522
512,source,source,2026,source_seed2026,lombok,Lombok,0.3,196,0.03987059651549014,0.041274080441449916,0.4468519526537299,0.06275175598805707
512,source,source,2026,source_seed2026,lombok,Lombok,0.4,196,0.03778797261597023,0.03573028274057398,0.45528918037577404,0.06275175598805707
512,source,source,2026,source_seed2026,lombok,Lombok,0.5,196,0.03533942257668317,0.030250520682762082,0.4614298228050425,0.06275175598805707
512,source,source,2026,source_seed2026,lombok,Lombok,0.6,196,0.03282914519711691,0.025421197081005268,0.46641583806497966,0.06275175598805707
512,source,source,2026,source_seed2026,lombok,Lombok,0.7,196,0.029377557166296288,0.0195384208101523,0.47091317385013054,0.06275175598805707
512,source,source,2026,source_seed2026,palu,Palu,0.3,673,0.017493504337836883,0.02978147240906258,0.399889059777887,0.01725503589220633
512,source,source,2026,source_seed2026,palu,Palu,0.4,673,0.020435838559645123,0.03836248710353813,0.4281482434470681,0.01725503589220633
512,source,source,2026,source_seed2026,palu,Palu,0.5,673,0.024209694453869893,0.04691594368586442,0.45167810658665114,0.01725503589220633
512,source,source,2026,source_seed2026,palu,Palu,0.6,673,0.02913114354186712,0.055264204270579216,0.47241000990346815,0.01725503589220633
512,source,source,2026,source_seed2026,palu,Palu,0.7,673,0.03766660495311789,0.06702927403278952,0.49356356000466317,0.01725503589220633
512,source,source,42,source_seed42,hokkaido_iburi_tobu,Hokkaido,0.3,1150,0.07915475393469315,0.006024870203390995,0.37217570154269314,0.11494920311740398
512,source,source,42,source_seed42,hokkaido_iburi_tobu,Hokkaido,0.4,1150,0.07363588118643952,0.00026081933895454696,0.3860296360132686,0.11494920311740398
512,source,source,42,source_seed42,hokkaido_iburi_tobu,Hokkaido,0.5,1150,0.06915590372772049,0.000110983070880326,0.4023840767315182,0.11494920311740398
512,source,source,42,source_seed42,hokkaido_iburi_tobu,Hokkaido,0.6,1150,0.06398796466511435,-0.0006616835631254917,0.41522815877134767,0.11494920311740398
512,source,source,42,source_seed42,hokkaido_iburi_tobu,Hokkaido,0.7,1150,0.05829601135721589,0.0009202646631491057,0.4282530636826349,0.11494920311740398
512,source,source,42,source_seed42,lombok,Lombok,0.3,214,0.04953218768410437,0.0594140519919215,0.44262409863032104,0.07377094130558798
512,source,source,42,source_seed42,lombok,Lombok,0.4,214,0.049848271027606375,0.05903494432451423,0.45090283608296455,0.07377094130558798
512,source,source,42,source_seed42,lombok,Lombok,0.5,214,0.04989806185934359,0.058335807156807126,0.4575532308073118,0.07377094130558798
512,source,source,42,source_seed42,lombok,Lombok,0.6,214,0.04987892286602931,0.05775780605408551,0.4631609175212917,0.07377094130558798
512,source,source,42,source_seed42,lombok,Lombok,0.7,214,0.0497153044819174,0.05706943011949955,0.4688148251307014,0.07377094130558798
512,source,source,42,source_seed42,palu,Palu,0.3,681,0.01872880246280737,0.036094721763646885,0.4024709362153249,0.022816717860298368
512,source,source,42,source_seed42,palu,Palu,0.4,681,0.020258628578947706,0.03966915526780148,0.42104790765534783,0.022816717860298368
512,source,source,42,source_seed42,palu,Palu,0.5,681,0.022401117023153103,0.04398595776249947,0.4401869369148402,0.022816717860298368
512,source,source,42,source_seed42,palu,Palu,0.6,681,0.02497812344264418,0.04843566802152049,0.45665569535629097,0.022816717860298368
512,source,source,42,source_seed42,palu,Palu,0.7,681,0.02821901164786984,0.052590938164088434,0.4727910248602229,0.022816717860298368
512,source,source,777,source_seed777,hokkaido_iburi_tobu,Hokkaido,0.3,1151,0.09862895887903142,0.05148867842011465,0.39528810107540713,0.1016630739157625
512,source,source,777,source_seed777,hokkaido_iburi_tobu,Hokkaido,0.4,1151,0.09285713888019188,0.0461787857326137,0.4132999155142017,0.1016630739157625
512,source,source,777,source_seed777,hokkaido_iburi_tobu,Hokkaido,0.5,1151,0.08487320413691977,0.036921973407221094,0.42319865957331626,0.1016630739157625
512,source,source,777,source_seed777,hokkaido_iburi_tobu,Hokkaido,0.6,1151,0.07548120626003686,0.02836276387291179,0.43254968201664895,0.1016630739157625
512,source,source,777,source_seed777,hokkaido_iburi_tobu,Hokkaido,0.7,1151,0.06535041016784876,0.023932576689607143,0.4426301383187441,0.1016630739157625
512,source,source,777,source_seed777,lombok,Lombok,0.3,217,0.050626260742693205,0.10194182161890872,0.4181343978745264,0.0901034071741154
512,source,source,777,source_seed777,lombok,Lombok,0.4,217,0.05211353082753749,0.10231673078818238,0.42859543419397905,0.0901034071741154
512,source,source,777,source_seed777,lombok,Lombok,0.5,217,0.052802641844288414,0.10100654484857936,0.4360303320512705,0.0901034071741154
512,source,source,777,source_seed777,lombok,Lombok,0.6,217,0.05380990359773449,0.10037738592430605,0.4438745656561885,0.0901034071741154
512,source,source,777,source_seed777,lombok,Lombok,0.7,217,0.05452228147880322,0.09784373197167497,0.45308157658233567,0.0901034071741154
512,source,source,777,source_seed777,palu,Palu,0.3,682,0.022019911329677084,0.05239698772698761,0.4214487963733152,0.02118713617052361
512,source,source,777,source_seed777,palu,Palu,0.4,682,0.023687361570388938,0.053219137375275616,0.4411858474440185,0.02118713617052361
512,source,source,777,source_seed777,palu,Palu,0.5,682,0.02561068681546905,0.05475804793398794,0.4564800067047156,0.02118713617052361
512,source,source,777,source_seed777,palu,Palu,0.6,682,0.02846134522260732,0.05751715497290354,0.4715523328958699,0.02118713617052361
512,source,source,777,source_seed777,palu,Palu,0.7,682,0.032714092583096356,0.061492145953189234,0.4865861612608185,0.02118713617052361
