mode,buffer_m,threshold,mean_delta_iou,positive_cases,material_cases,n_cases
full,0,0.3,0.1428194177758967,9,9,9
full,0,0.4,0.15706716944445928,9,9,9
full,0,0.5,0.1316036103967465,9,9,9
full,0,0.6,0.08183258606171988,7,5,9
full,0,0.7,0.02642039078779378,3,3,9
full,256,0.3,0.1416912050954712,9,9,9
full,256,0.4,0.15588271245965915,9,9,9
full,256,0.5,0.13030606235481945,8,7,9
full,256,0.6,0.08063029422438563,7,6,9
full,256,0.7,0.026339528733242655,3,3,9
full,512,0.3,0.1416912050954712,9,9,9
full,512,0.4,0.15588271245965915,9,9,9
full,512,0.5,0.13030606235481945,8,7,9
full,512,0.6,0.08063029422438563,7,6,9
full,512,0.7,0.026339528733242655,3,3,9
decoder-only,0,0.3,0.13952449362056674,9,9,9
decoder-only,0,0.4,0.1497086041564274,9,9,9
decoder-only,0,0.5,0.13134891397897727,9,7,9
decoder-only,0,0.6,0.08679427177409639,6,5,9
decoder-only,0,0.7,0.031275570074972774,3,3,9
decoder-only,256,0.3,0.1353796971718918,9,8,9
decoder-only,256,0.4,0.14437297957077425,8,8,9
decoder-only,256,0.5,0.12679571498565947,7,7,9
decoder-only,256,0.6,0.08453451341990909,6,5,9
decoder-only,256,0.7,0.031244711194174084,3,3,9
decoder-only,512,0.3,0.1353796971718918,9,8,9
decoder-only,512,0.4,0.14437297957077425,8,8,9
decoder-only,512,0.5,0.12679571498565947,7,7,9
decoder-only,512,0.6,0.08453451341990909,6,5,9
decoder-only,512,0.7,0.031244711194174084,3,3,9
