mode,epoch,cas_val_iou,target_macro_iou,hokkaido_iburi_tobu_iou,lombok_iou,palu_iou
none,10,0.5675139284091429,0.06683456135473646,0.12328544793105768,0.053192110317662515,0.02402612581548917
none,20,0.6155686993123347,0.06042697987565363,0.10044992743657204,0.05376503579484711,0.02706597639554177
none,30,0.6775967537040982,0.059980916396940455,0.08955566827221692,0.05858302206946651,0.03180405884913796
none,40,0.7012840555344936,0.06919919029384718,0.11937767483257554,0.057249695634529536,0.03097020041443646
none,50,0.7043652254624053,0.0660776035867804,0.1069742286681665,0.05761936044417131,0.03363922164800338
current,10,0.460207883453234,0.0599299750488099,0.09927451863152736,0.05256172336984921,0.027953683145053112
current,20,0.4641620041781528,0.06317584612812259,0.11857665975565597,0.048207767439241635,0.022743111189470134
current,30,0.6324267750206866,0.05525631579630369,0.08126944134656196,0.05499240725861966,0.029507098783729438
current,40,0.6438656398830164,0.05619263396870835,0.08758479260361747,0.05718050279314525,0.023812606509362327
current,50,0.6771481831147261,0.04838088316850806,0.07121567641043602,0.05249320027609409,0.021433772818994085
strong,10,0.26786118361279304,0.04153034461770571,0.05149472941409918,0.053151548764193854,0.01994475567482411
strong,20,0.4493444833051557,0.0799163541888895,0.15990590697607107,0.05412918847923112,0.025713967111366295
strong,30,0.558556572923443,0.055051815208543776,0.08175021361761371,0.05730518540079154,0.026100046607226084
strong,40,0.6015330750295781,0.05786660059864085,0.09814019110885665,0.05357054371120994,0.021889066975855954
strong,50,0.6128837510461751,0.056188090026912996,0.09150679389055599,0.056109307993506934,0.02094816819667606
