region,mode,iou,dice,tp,fp,fn,tn,delta_iou
hokkaido_iburi_tobu,none,0.07121567641043602,0.1329623491864392,486976,4345254,2005815,17475811,0.0
hokkaido_iburi_tobu,brightness_low,0.07287828789657537,0.1358556487138097,471981,3983500,2020810,17837565,0.0016626114861393454
hokkaido_iburi_tobu,brightness_high,0.06766839814615272,0.1267592040068786,409767,3562724,2083024,18258341,-0.0035472782642833045
hokkaido_iburi_tobu,blur1,0.05671725531460335,0.10734613261845076,284061,2515579,2208730,19305486,-0.014498421095832673
hokkaido_iburi_tobu,blur2,0.06045109852734311,0.11401015777397379,353161,3349303,2139630,18471762,-0.010764577883092916
hokkaido_iburi_tobu,jpeg30,0.06711354540644794,0.12578520007612756,350617,2731445,2142174,19089620,-0.004102131003988083
hokkaido_iburi_tobu,jpeg60,0.07185611881219982,0.1340779187636279,446575,3722059,2046216,18099006,0.0006404424017637939
hokkaido_iburi_tobu,downscale64,0.0571885852693684,0.10818994087946367,287107,2527564,2205684,19293501,-0.014027091141067621
lombok,none,0.05249320027609409,0.09975019365887375,54985,828380,164104,6095955,0.0
lombok,brightness_low,0.05993951373065766,0.11309987589704851,52402,655159,166687,6269176,0.00744631345456357
lombok,brightness_high,0.039780521262002745,0.07651715039577836,34481,647692,184608,6276643,-0.012712679014091344
lombok,blur1,0.05250576662571392,0.09977288161383675,70815,1129620,148274,5794715,1.2566349619831663e-05
lombok,blur2,0.04909738809767545,0.09359929526981964,65611,1117255,153478,5807080,-0.003395812178418639
lombok,jpeg30,0.04880745045271198,0.09307228020099308,62606,1063625,156483,5860710,-0.0036857498233821076
lombok,jpeg60,0.050894641773475045,0.09685964653428238,57113,903092,161976,6021243,-0.0015985585026190435
lombok,downscale64,0.05359118101311499,0.10173050416307138,72625,1136078,146464,5788257,0.001097980737020901
palu,none,0.021433772818994085,0.041968012786262776,40884,1745418,121155,11478271,0.0
palu,brightness_low,0.02581471776728758,0.05033017623976772,37979,1309176,124060,11914513,0.004380944948293497
palu,brightness_high,0.021168925520454945,0.04146018350424415,30420,1274973,131619,11948716,-0.00026484729853913994
palu,blur1,0.02579200967801802,0.05028701614884635,33771,1147320,128268,12076369,0.004358236859023937
palu,blur2,0.023840518159658913,0.046570765147118734,34467,1283693,127572,11939996,0.002406745340664828
palu,jpeg30,0.02411701107562241,0.047098155415449046,31162,1130078,130877,12093611,0.0026832382566283237
palu,jpeg60,0.02179378963453294,0.04265790192819232,34030,1399415,128009,11824274,0.0003600168155388564
palu,downscale64,0.025981122170200457,0.05064639418558509,33950,1144679,128089,12079010,0.004547349351206372
