model,seed,regime,source_val_iou,target_macro_iou,Hokkaido,Lombok,Palu
ResUNet,42,cas-single,0.6988369055112502,0.05457897308768386,0.0856014864376076,0.046991702334528165,0.031143730490915823
ResUNet,42,cas-multistream,0.7031785936885,0.05194019176028528,0.08095572236491978,0.043303703562255935,0.03156114935368013
ResUNet,42,pooled,0.5183505645984146,0.14022070452176025,0.31838214656866093,0.065310968672658,0.036968998323961756
ResUNet,2026,cas-single,0.7072436520135602,0.05528810487731067,0.07658869357125667,0.06042917986860357,0.028846441192071783
ResUNet,2026,cas-multistream,0.7055935661905857,0.04985370352481796,0.06786249030527947,0.053438627940214624,0.028259992328959774
ResUNet,2026,pooled,0.5799019680671578,0.12579835598847655,0.26337838174170586,0.06023663927277986,0.05378004695094398
ResUNet,777,cas-single,0.7030675200142027,0.05102245713775935,0.07055789745731775,0.05718548475135698,0.02532398920460332
ResUNet,777,cas-multistream,0.708229205321237,0.049554670726592455,0.06439106754051599,0.057965784768809356,0.026307159870452027
ResUNet,777,pooled,0.5798845378884931,0.1171451016727717,0.23008823615630405,0.06132347481258541,0.06002359404942566
Bottleneck-LiteASK,42,cas-single,0.748579928681627,0.05599501331199446,0.08700641830881847,0.0521137920892914,0.028864829537873504
Bottleneck-LiteASK,42,cas-multistream,0.7496443269393137,0.055545880952652844,0.09204449154195624,0.04729183354554191,0.02730131777046037
Bottleneck-LiteASK,42,pooled,0.6458300026644936,0.08535314898229159,0.1553985974470475,0.06457079173099234,0.03609005776883491
Bottleneck-LiteASK,2026,cas-single,0.7260403961863937,0.06334834700048014,0.10456818739648725,0.05409856461416711,0.031378288990786075
Bottleneck-LiteASK,2026,cas-multistream,0.743567120432007,0.06310212999650981,0.09529143126788048,0.05879159375532191,0.035223364966327025
Bottleneck-LiteASK,2026,pooled,0.6533349576657923,0.13201401495741535,0.3029128330697325,0.05747526009376366,0.035653951708749944
Bottleneck-LiteASK,777,cas-single,0.7535927058671603,0.056122803193791766,0.08792828127087261,0.049738810459613376,0.03070131785088932
Bottleneck-LiteASK,777,cas-multistream,0.7472038373419096,0.052859116823379244,0.07531406899303245,0.05174804517427544,0.03151523630282985
Bottleneck-LiteASK,777,pooled,0.6530587739002156,0.09090267082146625,0.1810565239531513,0.058131418716307566,0.033520069794939863
