claim_id,tier,claim,scope,evidence,required_endpoints,allowed_conclusion,forbidden_conclusion
"R1-C1","confirmatory","Under matched exposures and domain slots, pooled-source training changes aggregate target Macro IoU relative to the source-only replay placebo.","Bottleneck-LiteASK; Hokkaido, Lombok and Palu; seeds 42, 2026 and 777; 1120 steps; batch 32; 35840 exposures; 128 input.","E1 pooled-minus-placebo Macro IoU +0.0355 [0.0242, 0.0513], pending co-primary recomputation.","IoU plus balanced IoU or MCC","Region-dependent benefit in the tested setting.","Universal source-diversity effect or a claim outside the tested architecture, targets and budget."
"R1-C2","confirmatory","The direction and magnitude of the pooled-source effect differ by target region.","Hokkaido, Lombok and Palu in E1.","Hokkaido +0.1004 [0.0635, 0.1472]; Palu +0.0066 [0.0051, 0.0093]; Lombok -0.0005 [-0.0026, 0.0036].","Region-level paired intervals and prevalence-robust companions","Region-dependent transfer.","A general mechanism or all-region causal claim."
"R1-C3","confirmatory","Cross-region performance is heterogeneous across six independent held-out regions, and source-domain validation is not a reliable proxy for cross-event ranking; Moxitaidi is excluded from held-out aggregates.","Four architectures, three seeds, six independent held-out target regions, plus the separately reported source-adjacent Moxitaidi diagnostic excluded from held-out aggregates.","Zero-shot report and E0 rank-stability audit.","Per-region and per-seed metrics with uncertainty","Descriptive benchmark heterogeneity and unreliable source-to-target ranking.","A causal region mechanism or a universal architecture ranking."
"R1-C4","confirmatory","Twenty-tile target adaptation improves the tested benchmark under physical buffers and support draws.","ResUNet; Hokkaido, Lombok and Palu; 20 shots; 400 steps; query tiles and query-covered stitched map.","E4 buffer, threshold, support-draw and stitched-map results; pending co-primary recomputation.","IoU plus balanced IoU or MCC; report precision and recall separately","A bounded benchmark-level adaptation gain.","Operational sufficiency, complete-map improvement, or independent-label validation."
"R1-S1","supporting","IoU is strongly associated with target landslide prevalence, and the association is precision-led.","Seven held-out regions; zero-shot threshold 0.5; four architectures and three seeds.","Spearman IoU-prevalence 0.929; leave-one-region-out 0.886-0.943.","IoU, precision, recall, balanced IoU and MCC","An association and metric interpretation.","A causal prevalence-dominance claim."
"R1-S2","supporting","The temporal early-peak source-overfitting pattern did not replicate across models and seeds.","ResUNet and SegFormer-B0; seeds 42, 2026 and 777; epochs 20, 30 and 50.","2/6 runs met the prespecified pattern, below the 4/6 threshold.","Replication count and per-run source/target trajectories","Model-dependent divergence and failed replication.","A stable source-overfitting mechanism."
"R1-N1","not_supported","Prospective or next-earthquake generalization.","No chronological or post-cutoff evaluation exists.","Retrospective region holdout only.","None","Must be removed or framed as future work.","Any prospective performance claim."
"R1-N2","not_supported","Complete-map or operational performance.","All target data are positive 512-pixel chips; no target mosaics or negative areas.","Data asset audit: 0 zero-foreground target chips and 0 local target source archives.","None","Must be framed as a limitation.","False-positive area, omitted area, deployment or emergency readiness."
"R1-N3","not_supported","Independent target validation.","Support and query are disjoint IDs but share the same annotation inventory.","Support-query ID overlap is 0; no annotator or agreement provenance exists.","None","Call the query set a label holdout.","Independent validation or unbiased adaptation benefit."
"R1-N4","not_supported","Source spatial independence.","Source rasters have no CRS or geotransform metadata.","11181/11181 source TIFs lack CRS; no geospatial sidecars exist.","None","State the source split uncertainty explicitly.","Spatially independent source split."
