model,seed,comparison,source_val_iou_delta,target_macro_iou_delta
ResUNet,42,none-current,0.027217042347679188,0.019875832208174404
ResUNet,42,strong-current,-0.06421875565914348,0.017289240907652575
ResUNet,2026,none-current,0.021897775085448545,0.024427483995351384
ResUNet,2026,strong-current,-0.056363439924808856,0.009687531667842864
ResUNet,777,none-current,0.04333296183553481,-0.002968814634373984
ResUNet,777,strong-current,-0.05850749877766592,0.009222829163856139
BottleneckLiteASKUNetPlusPlus,42,none-current,0.058916923823875256,0.016401715678416945
BottleneckLiteASKUNetPlusPlus,42,strong-current,-0.04796947920215422,0.0424521845092497
BottleneckLiteASKUNetPlusPlus,2026,none-current,0.05960411368825025,0.0012174803215663221
BottleneckLiteASKUNetPlusPlus,2026,strong-current,-0.0542998272494315,0.009476204181749215
BottleneckLiteASKUNetPlusPlus,777,none-current,0.047934383500895184,0.014343097697633866
BottleneckLiteASKUNetPlusPlus,777,strong-current,-0.04971483120029285,0.03772332068727757
