model,seed,augmentation,source_val_iou,target_macro_iou,target_hokkaido_iburi_tobu_iou,target_lombok_iou,target_palu_iou,target_wenchuan_iou,target_longxi_river_iou,target_jiuzhai_valley_iou
ResUNet,42,current,0.6771481831147261,0.14906737324000616,0.07121558224286491,0.05249365130888053,0.021433750345354736,0.08840785096962266,0.11631843746408052,0.5445349671092335
ResUNet,42,none,0.7043652254624053,0.16894320544818056,0.10697545516726696,0.057619748957521595,0.03363922164800338,0.14968932241044156,0.10166188034698992,0.56407360415886
ResUNet,42,strong,0.6129294274555827,0.16635661414765873,0.08785742409941362,0.05339628973584513,0.021396491627292673,0.1305895632543197,0.1429594007602368,0.5619405154088445
ResUNet,2026,current,0.6897593076125849,0.13973042594546561,0.060638985590011865,0.05276171349356803,0.023050782758396223,0.10404359411789586,0.09651749920615518,0.5013699805067665
ResUNet,2026,none,0.7116570826980334,0.164157909940817,0.10982369201963291,0.06004781969510407,0.032083793209363984,0.12740816969831822,0.12440824832436205,0.5311757366981208
ResUNet,2026,strong,0.633395867687776,0.14941795761330848,0.08044025984910753,0.05479892384542319,0.02916607924950027,0.12809233294088265,0.13549290999220948,0.4685172398027277
ResUNet,777,current,0.6796612847932013,0.1643557276224822,0.08503031791655558,0.05609831308734841,0.026559146309344178,0.10976797892685743,0.12636275581698186,0.5823158536778058
ResUNet,777,none,0.7229942466287361,0.16138691298810823,0.08473593326724622,0.05747136634225538,0.03176962618637594,0.1287564350744313,0.10945273682787661,0.5561353802304639
ResUNet,777,strong,0.6211537860155354,0.17357855678633835,0.10016944783889668,0.062493681964433216,0.02345905210113651,0.12382603452174569,0.14247473493933183,0.5890483893524862
BottleneckLiteASKUNetPlusPlus,42,current,0.7059621129501353,0.13177424056429413,0.09410790965175103,0.05351860552670755,0.02781859944398962,0.0995795704732754,0.11509898726106783,0.40052177102897335
BottleneckLiteASKUNetPlusPlus,42,none,0.7648790367740106,0.14817595624271107,0.08629407666872026,0.05525657031157555,0.02754502969804601,0.11088034139494884,0.11506118057886594,0.4940185388041098
BottleneckLiteASKUNetPlusPlus,42,strong,0.6579926337479811,0.17422642507354383,0.09880577386310338,0.05831091342098504,0.02146963035293612,0.12462759326392808,0.15375474480544513,0.5883898947348651
BottleneckLiteASKUNetPlusPlus,2026,current,0.7129303270030258,0.1585487622106234,0.08489039471212663,0.06152681519767154,0.028087009927803202,0.11015193370165746,0.10852633284335488,0.5581100868811265
BottleneckLiteASKUNetPlusPlus,2026,none,0.7725344406912761,0.1597662425321897,0.09865372585966596,0.05695854383122041,0.03052300157425223,0.09379662067157599,0.12169394603324162,0.5569716172231821
BottleneckLiteASKUNetPlusPlus,2026,strong,0.6586304997535943,0.1680249663923726,0.0744667764188898,0.05574176033987688,0.022157280192534018,0.12476389827435598,0.13478838925500192,0.5962316938735769
BottleneckLiteASKUNetPlusPlus,777,current,0.7126318594051058,0.12954723096759765,0.07697008581549131,0.054711994863942494,0.02749984314029132,0.08059957355472597,0.09838542975948161,0.43911645867165316
BottleneckLiteASKUNetPlusPlus,777,none,0.7605662429060009,0.14389032866523152,0.09297307432990769,0.060587877660467415,0.03277744943235447,0.11282361424484194,0.0827164541454455,0.481463502178372
BottleneckLiteASKUNetPlusPlus,777,strong,0.6629170282048129,0.16727055165487523,0.06293295792050793,0.05812048059555287,0.025824481504961767,0.1402065432426846,0.14127023150579093,0.5752686151597531
