step,train_loss,lr,elapsed_seconds
1,2.04514217376709,4.999924436229735e-05,0.33141350746154785
25,1.7584319114685059,4.9529239369879136e-05,1.292325735092163
50,1.7104482650756836,4.8135048546526525e-05,2.2659778594970703
75,1.709930658340454,4.5871005501412356e-05,3.2601966857910156
100,1.6382650136947632,4.2824116139070415e-05,4.250423192977905
125,1.6418840885162354,3.911147070898024e-05,5.282004117965698
150,1.6442780494689941,3.48757440929447e-05,6.2892680168151855
175,1.5761637687683105,3.0279712889395132e-05,7.2486608028411865
200,1.601715326309204,2.55e-05,8.18997573852539
225,1.6551945209503174,2.0720287110604854e-05,9.193432807922363
250,1.6406067609786987,1.6124255907055302e-05,10.181729316711426
275,1.5493173599243164,1.1888529291019739e-05,11.136789321899414
300,1.5910394191741943,8.175883860929582e-06,12.118863344192505
325,1.5491173267364502,5.128994498587646e-06,13.098100900650024
350,1.6238126754760742,2.8649514534734834e-06,14.021676540374756
375,1.5398114919662476,1.4707606301208547e-06,15.050049304962158
400,1.5835771560668945,1e-06,16.044841766357422
