epoch,lr,seconds,train_loss,val_accuracy,val_dice,val_f1,val_fn,val_fp,val_iou,val_loss,val_precision,val_recall,val_tn,val_tp
1,9.991120277927223e-05,29.116578578948975,2.218730871166502,,,,,,,,,,,
2,9.964516155915151e-05,28.050389766693115,2.0803822619574412,,,,,,,,,,,
3,9.920292628279099e-05,28.173876523971558,2.0312273055315018,,,,,,,,,,,
4,9.85862422507884e-05,27.996917247772217,1.9833798557519913,,,,,,,,,,,
5,9.779754323328191e-05,43.28375005722046,1.9732690730265208,0.8561927245141833,0.6386799596201088,0.6386799118898856,247977.0,960722.0,0.4691622400871129,1.8837603560665197,0.5265018817262337,0.8116024168788886,6128027.0,1068266.0
6,9.683994186497131e-05,28.03722596168518,1.9298528560570307,,,,,,,,,,,
7,9.571721736097089e-05,28.079590320587158,1.9122831587280547,,,,,,,,,,,
8,9.443380060197386e-05,27.972079515457153,1.8802555373736791,,,,,,,,,,,
9,9.299475664759068e-05,27.945266246795654,1.8399982920714788,,,,,,,,,,,
10,9.140576474687264e-05,43.20765256881714,1.8234927292381014,0.8992723609968825,0.7020462576778848,0.7020462079482342,318835.0,527780.0,0.5408869629066155,1.7869410008250157,0.6539574137745213,0.7577688922181727,6560969.0,997408.0
11,8.967309592491052e-05,27.971983909606934,1.7955982174192155,,,,,,,,,,,
12,8.780358823396352e-05,28.414936304092407,1.7766870324100767,,,,,,,,,,,
13,8.5804619766791e-05,28.193140029907227,1.746406955378396,,,,,,,,,,,
14,8.368407953869104e-05,28.085266590118408,1.7320271389825004,,,,,,,,,,,
15,8.145033635316131e-05,43.57155203819275,1.704739728144237,0.9124774895680934,0.731653613392013,0.7316535634708133,313391.0,422235.0,0.5768563076437795,1.6673460364574113,0.7037128259537345,0.7619049066167295,6666514.0,1002852.0
16,7.911220577405486e-05,28.004889011383057,1.6855759109769548,,,,,,,,,,,
17,7.66789153345772e-05,27.977863311767578,1.6700662608657564,,,,,,,,,,,
18,7.416006812042828e-05,27.993539810180664,1.64616787646498,,,,,,,,,,,
19,7.156560487081053e-05,28.037236213684082,1.6262072856937135,,,,,,,,,,,
20,6.890576474687264e-05,43.13080906867981,1.6141531999622072,0.9079336422925696,0.7365841453554917,0.7365840958949468,234339.0,539478.0,0.5830100537742159,1.6037250462098893,0.6672727340009531,0.8219637255430174,6549271.0,1081904.0
21,6.619104492241848e-05,28.11243772506714,1.5928091683558054,,,,,,,,,,,
22,6.343215915635763e-05,28.16417121887207,1.5739035244498933,,,,,,,,,,,
23,6.063999551039372e-05,28.208197832107544,1.5558693345103944,,,,,,,,,,,
24,5.7825573378819125e-05,28.201016902923584,1.5447884649038315,,,,,,,,,,,
25,5.5000000000000016e-05,43.614834785461426,1.5307760536670685,0.9274548982318968,0.7794197287591076,0.7794196788727054,238984.0,370757.0,0.638564908120887,1.5548216074298464,0.7439551772908074,0.8184347419130953,6717992.0,1077259.0
26,5.217442662118091e-05,28.113621711730957,1.5092700911419732,,,,,,,,,,,
27,4.936000448960633e-05,28.072948694229126,1.5159722524029868,,,,,,,,,,,
28,4.6567840843642404e-05,28.005698919296265,1.501360418541091,,,,,,,,,,,
29,4.380895507758155e-05,28.130571842193604,1.471651451928275,,,,,,,,,,,
30,4.109423525312739e-05,43.2203209400177,1.4807831730161394,0.9313966033519017,0.7860127922274031,0.7860127422539493,257246.0,319365.0,0.6474638177362396,1.4699485367036935,0.7683010704008985,0.8045604041198469,6769384.0,1058997.0
31,3.843439512918952e-05,27.900379180908203,1.4616112836769648,,,,,,,,,,,
32,3.5839931879571745e-05,27.995678186416626,1.4480780341795512,,,,,,,,,,,
33,3.332108466542282e-05,28.15873885154724,1.4451178823198592,,,,,,,,,,,
34,3.0887794225945154e-05,27.996196746826172,1.4727478282792228,,,,,,,,,,,
35,2.8549663646838724e-05,43.62437701225281,1.4381693239722932,0.9233235439129397,0.7381016724609523,0.7381016227044738,408103.0,236362.0,0.5849137417436769,1.4751739278871414,0.7934804832144642,0.6899485885204564,6852387.0,908140.0
36,2.6315920461308974e-05,28.00868844985962,1.4363140548978532,,,,,,,,,,,
37,2.4195380233209022e-05,28.18140745162964,1.4140245829309737,,,,,,,,,,,
38,2.2196411766036502e-05,28.156295776367188,1.4049654006958008,,,,,,,,,,,
39,2.03269040750895e-05,28.21336817741394,1.3911014454705375,,,,,,,,,,,
40,1.8594235253127378e-05,43.42326378822327,1.3903690512691225,0.9396942912021695,0.8116239130733414,0.8116238630967413,224313.0,282556.0,0.682968903533172,1.3970500186637596,0.7944278806767916,0.8295808600690884,6806193.0,1091930.0
41,1.700524335240934e-05,28.038358449935913,1.3823782610041755,,,,,,,,,,,
42,1.5566199398026146e-05,28.158913135528564,1.381741272551673,,,,,,,,,,,
43,1.4282782639029135e-05,28.08662176132202,1.3672586189849036,,,,,,,,,,,
44,1.3160058135028695e-05,27.919507026672363,1.3652036424194063,,,,,,,,,,,
45,1.2202456766718095e-05,43.260828733444214,1.3617804731641496,0.9451249923854663,0.8230019487192554,0.8230018987244652,243948.0,217276.0,0.6992381574665395,1.3733764763696383,0.8315129605116096,0.8146634018185993,6871473.0,1072295.0
46,1.1413757749211609e-05,28.129180431365967,1.350485269512449,,,,,,,,,,,
47,1.0797073717209009e-05,28.109513521194458,1.3579485842159815,,,,,,,,,,,
48,1.0354838440848501e-05,28.234203577041626,1.3436741956642695,,,,,,,,,,,
49,1.0088797220727781e-05,28.191617012023926,1.3303583413362503,,,,,,,,,,,
50,1e-05,43.428460121154785,1.3338020869663783,0.9465731793676787,0.8327025945604897,0.8327025445789884,198692.0,250360.0,0.7133594152442762,1.360753545054683,0.8169763968561685,0.8490461107864696,6838389.0,1117551.0
