model,slug,seed,epoch,source_iou,target_macro_iou,hokkaido_iburi_tobu_iou,lombok_iou,palu_iou
ResUNet,resunet,42,20,0.4641620042,0.06317584613,0.1185766598,0.04820776744,0.02274311119
ResUNet,resunet,42,30,0.632426775,0.0552563158,0.08126944135,0.05499240726,0.02950709878
ResUNet,resunet,42,50,0.6771481831,0.04838088317,0.07121567641,0.05249320028,0.02143377282
ResUNet,resunet,2026,20,0.4121677755,0.05500374986,0.08100730004,0.05253192681,0.03147202274
ResUNet,resunet,2026,30,0.6223128591,0.05027997106,0.0699804957,0.05590729221,0.02495212528
ResUNet,resunet,2026,50,0.6897593076,0.04548383062,0.06063879207,0.05276156741,0.0230511324
ResUNet,resunet,777,20,0.5747599243,0.05498538704,0.09126867833,0.04913270846,0.02455477433
ResUNet,resunet,777,30,0.571030233,0.05036259028,0.06943780509,0.05234426029,0.02930570546
ResUNet,resunet,777,50,0.6796612848,0.05589545333,0.08503029086,0.05609825637,0.02655781275
SegFormer-B0,segformerb0,42,20,0.482205646,0.05968230518,0.08478306323,0.06045597103,0.03380788128
SegFormer-B0,segformerb0,42,30,0.481163186,0.05832630092,0.07735817564,0.06532980121,0.03229092589
SegFormer-B0,segformerb0,42,50,0.5776014692,0.05782389534,0.07615086904,0.06413668659,0.03318413039
SegFormer-B0,segformerb0,2026,20,0.5689187988,0.05462101565,0.07722125365,0.05958299148,0.0270588018
SegFormer-B0,segformerb0,2026,30,0.5864294395,0.0543574037,0.07047365907,0.06354097783,0.02905757419
SegFormer-B0,segformerb0,2026,50,0.6111323281,0.05509596882,0.0760341416,0.06174564187,0.027508123
SegFormer-B0,segformerb0,777,20,0.5107000024,0.0580186967,0.07062888673,0.06410058546,0.03932661791
SegFormer-B0,segformerb0,777,30,0.5205933651,0.05822158432,0.08003876773,0.06315385985,0.03147212538
SegFormer-B0,segformerb0,777,50,0.5822974928,0.0576130851,0.07639859891,0.06444767718,0.0319929792
