region,scheme,endpoint,mean_delta,ci95_low,ci95_high,probability_positive,probability_negative,n_bootstrap,comparison
target_macro,tile,iou,0.05416266256040484,0.01403185739473269,0.10111193027881442,0.998,0.002,5000,pooled-placebo
target_macro,tile,balanced_iou,0.057646887255171086,0.03350788818721309,0.08059883852921036,1.0,0.0,5000,pooled-placebo
target_macro,tile,mcc,0.15028034534468143,0.08418503118036433,0.21447316979455958,1.0,0.0,5000,pooled-placebo
target_macro,tile,precision,0.2681052025229016,0.09556959031288013,0.45306232480714165,1.0,0.0,5000,pooled-placebo
target_macro,tile,recall,0.027981189011027165,-0.04903826481427984,0.10521744436811176,0.754,0.246,5000,pooled-placebo
hokkaido_iburi_tobu,tile,iou,0.031314287731693556,-0.003966077604163327,0.0575601198984931,0.9636,0.0364,5000,pooled-placebo
hokkaido_iburi_tobu,tile,balanced_iou,0.08488773313559744,0.04541936874307945,0.11347705076804158,1.0,0.0,5000,pooled-placebo
hokkaido_iburi_tobu,tile,mcc,0.23747681270348472,0.1800786454329607,0.27990005127890527,1.0,0.0,5000,pooled-placebo
hokkaido_iburi_tobu,tile,precision,0.62929243435758,0.6083680463127449,0.6498082094804979,1.0,0.0,5000,pooled-placebo
hokkaido_iburi_tobu,tile,recall,-0.09274784769360929,-0.10449155691968039,-0.07911532381712902,0.0,1.0,5000,pooled-placebo
lombok,tile,iou,0.02589911828598911,0.01924744030998846,0.033319487183381256,1.0,0.0,5000,pooled-placebo
lombok,tile,balanced_iou,0.01947946484638959,0.011372778937967244,0.027804920764604252,1.0,0.0,5000,pooled-placebo
lombok,tile,mcc,0.05444148131174483,0.039090689373330295,0.07050694449113207,1.0,0.0,5000,pooled-placebo
lombok,tile,precision,0.03326888340987012,0.025259854646125107,0.04293785680594161,1.0,0.0,5000,pooled-placebo
lombok,tile,recall,0.07131044157092932,0.015123843662037997,0.12386822407710553,0.9956,0.0044,5000,pooled-placebo
palu,tile,iou,0.0791437315615141,0.06793672070507768,0.09000385154512544,1.0,0.0,5000,pooled-placebo
palu,tile,balanced_iou,0.0676063594084762,0.060160915191044856,0.07539902926345105,1.0,0.0,5000,pooled-placebo
palu,tile,mcc,0.13836900834697763,0.12015859207611787,0.1556786408570662,1.0,0.0,5000,pooled-placebo
palu,tile,precision,0.11181515714307765,0.09425885100283542,0.13089742552848344,1.0,0.0,5000,pooled-placebo
palu,tile,recall,0.08330299084376806,0.03223688731418201,0.13079002654307295,1.0,0.0,5000,pooled-placebo
wenchuan,tile,iou,0.1586737475986986,0.13182043850652944,0.18979828271244492,1.0,0.0,5000,pooled-placebo
wenchuan,tile,balanced_iou,0.09530064527374282,0.08001829025246206,0.1132293894682595,1.0,0.0,5000,pooled-placebo
wenchuan,tile,mcc,0.2539930202517194,0.21902795602470843,0.29385400794298294,1.0,0.0,5000,pooled-placebo
wenchuan,tile,precision,0.31027956410426544,0.27507454443714946,0.3475431668262907,1.0,0.0,5000,pooled-placebo
wenchuan,tile,recall,0.1716691409007217,0.13439798773715506,0.21501755698740607,1.0,0.0,5000,pooled-placebo
longxi_river,tile,iou,-0.00832592816187755,-0.04028780690927274,0.03335180930335204,0.2998,0.7002,5000,pooled-placebo
longxi_river,tile,balanced_iou,0.05206704531099108,0.03491674262864302,0.07663927253449224,1.0,0.0,5000,pooled-placebo
longxi_river,tile,mcc,0.17350087088964702,0.1306031020929054,0.22686805792997145,1.0,0.0,5000,pooled-placebo
longxi_river,tile,precision,0.47939122126771344,0.46030518407501464,0.4958151352567733,1.0,0.0,5000,pooled-placebo
longxi_river,tile,recall,-0.09270855929317719,-0.1330553038376197,-0.05780472220659718,0.0,1.0,5000,pooled-placebo
jiuzhai_valley,tile,iou,0.0382710183464112,0.003782885464283045,0.09718889982920233,0.9976,0.0024,5000,pooled-placebo
jiuzhai_valley,tile,balanced_iou,0.02654007555582938,0.006819455696297769,0.05942090819552763,1.0,0.0,5000,pooled-placebo
jiuzhai_valley,tile,mcc,0.04390087856451489,0.022507003718750227,0.08065474963445639,1.0,0.0,5000,pooled-placebo
jiuzhai_valley,tile,precision,0.04458395485490326,0.0074324775182495065,0.06893852449460576,1.0,0.0,5000,pooled-placebo
jiuzhai_valley,tile,recall,0.027060967737530417,-0.022450575194039205,0.11882860283324842,0.7034,0.2966,5000,pooled-placebo
target_macro,component,iou,0.05416266256040484,0.0057146962827321615,0.09952305868660957,0.9884,0.0116,5000,pooled-placebo
target_macro,component,balanced_iou,0.057646887255171086,0.030494735515894406,0.08265489067507742,1.0,0.0,5000,pooled-placebo
target_macro,component,mcc,0.15028034534468143,0.06956953741517842,0.19765138138410307,1.0,0.0,5000,pooled-placebo
target_macro,component,precision,0.2681052025229016,0.0908824226403225,0.39399115785133615,1.0,0.0,5000,pooled-placebo
target_macro,component,recall,0.027981189011027165,-0.07969897461660412,0.10491156108987852,0.6256,0.3744,5000,pooled-placebo
hokkaido_iburi_tobu,component,iou,0.031314287731693556,-0.003558556112106648,0.05531912891405523,0.9596,0.0404,5000,pooled-placebo
hokkaido_iburi_tobu,component,balanced_iou,0.08488773313559744,0.050975294262159236,0.12410329470476128,1.0,0.0,5000,pooled-placebo
hokkaido_iburi_tobu,component,mcc,0.23747681270348472,0.06059022906526082,0.2710036609475499,1.0,0.0,5000,pooled-placebo
hokkaido_iburi_tobu,component,precision,0.62929243435758,0.18555176438297297,0.6425574967893681,1.0,0.0,5000,pooled-placebo
hokkaido_iburi_tobu,component,recall,-0.09274784769360929,-0.25491898644480293,-0.08224917922901122,0.0,1.0,5000,pooled-placebo
lombok,component,iou,0.02589911828598911,0.0004535650621074139,0.032600458074032584,0.9776,0.0224,5000,pooled-placebo
lombok,component,balanced_iou,0.01947946484638959,-0.00010379462613941538,0.028623259096520828,0.9742,0.0258,5000,pooled-placebo
lombok,component,mcc,0.05444148131174483,0.0024933763282535245,0.06890120042231081,0.9814,0.0186,5000,pooled-placebo
lombok,component,precision,0.03326888340987012,0.0016027461370974661,0.043656209928249826,0.9808,0.0192,5000,pooled-placebo
lombok,component,recall,0.07131044157092932,-0.018066488976501097,0.11471845183263608,0.9186,0.0814,5000,pooled-placebo
palu,component,iou,0.0791437315615141,0.03887506656117722,0.09653350061104013,1.0,0.0,5000,pooled-placebo
palu,component,balanced_iou,0.0676063594084762,0.0344134143352656,0.07976167576153811,1.0,0.0,5000,pooled-placebo
palu,component,mcc,0.13836900834697763,0.08283398098290537,0.1633359210623004,1.0,0.0,5000,pooled-placebo
palu,component,precision,0.11181515714307765,0.04997920183128524,0.1396158681432698,1.0,0.0,5000,pooled-placebo
palu,component,recall,0.08330299084376806,0.036334357389155865,0.1605807639120332,0.9994,0.0006,5000,pooled-placebo
wenchuan,component,iou,0.1586737475986986,0.1316912116080162,0.19032950536413556,1.0,0.0,5000,pooled-placebo
wenchuan,component,balanced_iou,0.09530064527374282,0.07990435942949134,0.113540799710703,1.0,0.0,5000,pooled-placebo
wenchuan,component,mcc,0.2539930202517194,0.21919624309016095,0.29365014848798593,1.0,0.0,5000,pooled-placebo
wenchuan,component,precision,0.31027956410426544,0.275685296614551,0.3477552183330036,1.0,0.0,5000,pooled-placebo
wenchuan,component,recall,0.1716691409007217,0.13381700874428154,0.21537020786159067,1.0,0.0,5000,pooled-placebo
longxi_river,component,iou,-0.00832592816187755,-0.05987610651373176,0.022510546589802432,0.1728,0.8272,5000,pooled-placebo
longxi_river,component,balanced_iou,0.05206704531099108,0.020995390590097206,0.07166632070227007,1.0,0.0,5000,pooled-placebo
longxi_river,component,mcc,0.17350087088964702,0.06610800370530417,0.21056562836555623,1.0,0.0,5000,pooled-placebo
longxi_river,component,precision,0.47939122126771344,0.2889750736501723,0.5187103961835959,1.0,0.0,5000,pooled-placebo
longxi_river,component,recall,-0.09270855929317719,-0.15580655162561566,-0.0632195391053862,0.0,1.0,5000,pooled-placebo
jiuzhai_valley,component,iou,0.0382710183464112,-0.0011627484814885018,0.09233994118448383,0.9682,0.0318,5000,pooled-placebo
jiuzhai_valley,component,balanced_iou,0.02654007555582938,0.004020644811133825,0.055900536768539955,0.9942,0.0058,5000,pooled-placebo
jiuzhai_valley,component,mcc,0.04390087856451489,0.017470689291303198,0.07858566481171593,0.9996,0.0004,5000,pooled-placebo
jiuzhai_valley,component,precision,0.04458395485490326,0.007256099572222537,0.07857277981698682,0.9998,0.0002,5000,pooled-placebo
jiuzhai_valley,component,recall,0.027060967737530417,-0.033839789446263965,0.11583198296015698,0.7108,0.2892,5000,pooled-placebo
target_macro,merged30,iou,0.05416266256040484,0.014516845776313589,0.10205779580331191,0.9986,0.0014,5000,pooled-placebo
target_macro,merged30,balanced_iou,0.057646887255171086,0.033844997030120276,0.08164755732616513,1.0,0.0,5000,pooled-placebo
target_macro,merged30,mcc,0.15028034534468143,0.08472294219882599,0.2153490760195454,1.0,0.0,5000,pooled-placebo
target_macro,merged30,precision,0.2681052025229016,0.0985276665511822,0.4553509543320061,1.0,0.0,5000,pooled-placebo
target_macro,merged30,recall,0.027981189011027165,-0.05084042285579269,0.10800053519931316,0.759,0.241,5000,pooled-placebo
hokkaido_iburi_tobu,merged30,iou,0.031314287731693556,-0.0030377499007272807,0.06159347291038953,0.9638,0.0362,5000,pooled-placebo
hokkaido_iburi_tobu,merged30,balanced_iou,0.08488773313559744,0.04654556766626018,0.11584298405811047,1.0,0.0,5000,pooled-placebo
hokkaido_iburi_tobu,merged30,mcc,0.23747681270348472,0.18035483625673662,0.28294537645735773,1.0,0.0,5000,pooled-placebo
hokkaido_iburi_tobu,merged30,precision,0.62929243435758,0.5831282697762522,0.6637436449557818,1.0,0.0,5000,pooled-placebo
hokkaido_iburi_tobu,merged30,recall,-0.09274784769360929,-0.11548328894575938,-0.07132087802900337,0.0,1.0,5000,pooled-placebo
lombok,merged30,iou,0.02589911828598911,0.013317906979956256,0.04505760534558995,1.0,0.0,5000,pooled-placebo
lombok,merged30,balanced_iou,0.01947946484638959,0.008816100382449102,0.0334394623866163,0.9996,0.0004,5000,pooled-placebo
lombok,merged30,mcc,0.05444148131174483,0.029577553333681256,0.0879773214524658,1.0,0.0,5000,pooled-placebo
lombok,merged30,precision,0.03326888340987012,0.018031755703210157,0.06393603447649503,1.0,0.0,5000,pooled-placebo
lombok,merged30,recall,0.07131044157092932,0.009103279765279861,0.13869841150737292,0.9876,0.0124,5000,pooled-placebo
palu,merged30,iou,0.0791437315615141,0.06012748598760421,0.10245643400684179,1.0,0.0,5000,pooled-placebo
palu,merged30,balanced_iou,0.0676063594084762,0.054745434293852376,0.08244824214658987,1.0,0.0,5000,pooled-placebo
palu,merged30,mcc,0.13836900834697763,0.11050272618686814,0.1708330262976362,1.0,0.0,5000,pooled-placebo
palu,merged30,precision,0.11181515714307765,0.08227930131947965,0.15121267285900813,1.0,0.0,5000,pooled-placebo
palu,merged30,recall,0.08330299084376806,0.029578227702630383,0.13686740550030616,1.0,0.0,5000,pooled-placebo
wenchuan,merged30,iou,0.1586737475986986,0.132199903255794,0.19020758709478067,1.0,0.0,5000,pooled-placebo
wenchuan,merged30,balanced_iou,0.09530064527374282,0.0800210801954191,0.11331881270575508,1.0,0.0,5000,pooled-placebo
wenchuan,merged30,mcc,0.2539930202517194,0.21929768719819234,0.2931660378831979,1.0,0.0,5000,pooled-placebo
wenchuan,merged30,precision,0.31027956410426544,0.27501754454870253,0.3473112647535904,1.0,0.0,5000,pooled-placebo
wenchuan,merged30,recall,0.1716691409007217,0.1352114635463179,0.21504693385324478,1.0,0.0,5000,pooled-placebo
longxi_river,merged30,iou,-0.00832592816187755,-0.04406344071814219,0.0338648479464799,0.3278,0.6722,5000,pooled-placebo
longxi_river,merged30,balanced_iou,0.05206704531099108,0.03290321845657704,0.07592784381352866,1.0,0.0,5000,pooled-placebo
longxi_river,merged30,mcc,0.17350087088964702,0.12377872476208016,0.22557173799608568,1.0,0.0,5000,pooled-placebo
longxi_river,merged30,precision,0.47939122126771344,0.441453764314254,0.5139712135115713,1.0,0.0,5000,pooled-placebo
longxi_river,merged30,recall,-0.09270855929317719,-0.1353586061683125,-0.05108916160105184,0.0,1.0,5000,pooled-placebo
jiuzhai_valley,merged30,iou,0.0382710183464112,-0.0005797872593573008,0.09507864078405547,0.9708,0.0292,5000,pooled-placebo
jiuzhai_valley,merged30,balanced_iou,0.02654007555582938,0.004154026104496649,0.057754338244393195,0.9964,0.0036,5000,pooled-placebo
jiuzhai_valley,merged30,mcc,0.04390087856451489,0.0182852844990597,0.07839779308271366,1.0,0.0,5000,pooled-placebo
jiuzhai_valley,merged30,precision,0.04458395485490326,0.008470069069677165,0.07251040290672156,1.0,0.0,5000,pooled-placebo
jiuzhai_valley,merged30,recall,0.027060967737530417,-0.028457677031047745,0.11591835121402136,0.698,0.302,5000,pooled-placebo
target_macro,tile,iou,0.05471004840556389,0.014574473728261171,0.10378831075981892,0.9988,0.0012,5000,pooled-single
target_macro,tile,balanced_iou,0.059968322896869854,0.03348275923450476,0.0861567189878898,1.0,0.0,5000,pooled-single
target_macro,tile,mcc,0.15515359878712895,0.08369495657948559,0.22452877307013117,1.0,0.0,5000,pooled-single
target_macro,tile,precision,0.27476021893016495,0.10255803981728091,0.4607762496005279,1.0,0.0,5000,pooled-single
target_macro,tile,recall,0.026823868484881077,-0.058426604753104294,0.11045924808940105,0.7378,0.2622,5000,pooled-single
hokkaido_iburi_tobu,tile,iou,0.025696656007257162,-0.016476874190642324,0.050785526452929976,0.9542,0.0458,5000,pooled-single
hokkaido_iburi_tobu,tile,balanced_iou,0.08793552312034109,0.048416596864677884,0.11501989317970891,1.0,0.0,5000,pooled-single
hokkaido_iburi_tobu,tile,mcc,0.2310566563881693,0.16640228109201718,0.26877545181248835,1.0,0.0,5000,pooled-single
hokkaido_iburi_tobu,tile,precision,0.626721958621049,0.6053101991337451,0.6449768195531764,1.0,0.0,5000,pooled-single
hokkaido_iburi_tobu,tile,recall,-0.11769592129197086,-0.14200300249171272,-0.08973450986118475,0.0,1.0,5000,pooled-single
lombok,tile,iou,0.0265258867233449,0.019595663604036022,0.0334750026802771,1.0,0.0,5000,pooled-single
lombok,tile,balanced_iou,0.016038479593651584,0.008924594360437353,0.023803056851359337,1.0,0.0,5000,pooled-single
lombok,tile,mcc,0.05652084626282642,0.04248432729814077,0.06998071792785683,1.0,0.0,5000,pooled-single
lombok,tile,precision,0.03247527960274136,0.022629560767654603,0.04330770828540933,1.0,0.0,5000,pooled-single
lombok,tile,recall,0.08788665793353385,0.05218671308843311,0.12369020732650206,1.0,0.0,5000,pooled-single
palu,tile,iou,0.08017555911487022,0.06756654290792499,0.09240749054743427,1.0,0.0,5000,pooled-single
palu,tile,balanced_iou,0.06721625523462312,0.06151908445768205,0.0730937610989119,1.0,0.0,5000,pooled-single
palu,tile,mcc,0.1409223966680249,0.12114639150959848,0.1594366870061848,1.0,0.0,5000,pooled-single
palu,tile,precision,0.11317904649625905,0.09333274220379398,0.1340008384469793,1.0,0.0,5000,pooled-single
palu,tile,recall,0.09077238607166586,0.06610306699038143,0.1151841098974048,1.0,0.0,5000,pooled-single
wenchuan,tile,iou,0.16966749141099136,0.14402910302920444,0.20017526346873302,1.0,0.0,5000,pooled-single
wenchuan,tile,balanced_iou,0.10468738574479297,0.08926944371675034,0.12336245848814534,1.0,0.0,5000,pooled-single
wenchuan,tile,mcc,0.27564262005242723,0.2425452608437843,0.3130122941987155,1.0,0.0,5000,pooled-single
wenchuan,tile,precision,0.3363301710684247,0.30257895981155025,0.3717752584000429,1.0,0.0,5000,pooled-single
wenchuan,tile,recall,0.1794862133668925,0.14550099819770237,0.21721665735289128,1.0,0.0,5000,pooled-single
longxi_river,tile,iou,-0.005408759797649418,-0.03436921918948309,0.034273944988553975,0.332,0.668,5000,pooled-single
longxi_river,tile,balanced_iou,0.06107032653141927,0.04589631344555786,0.08614525372197619,1.0,0.0,5000,pooled-single
longxi_river,tile,mcc,0.1869383113134063,0.14976597339071815,0.23800266006649654,1.0,0.0,5000,pooled-single
longxi_river,tile,precision,0.49168068199587944,0.4748924084477263,0.5068778536271491,1.0,0.0,5000,pooled-single
longxi_river,tile,recall,-0.09780020175540287,-0.13423804836138034,-0.06910846163115847,0.0,1.0,5000,pooled-single
jiuzhai_valley,tile,iou,0.03160345697456916,-0.0015087971118506614,0.06364545522354736,0.9692,0.0308,5000,pooled-single
jiuzhai_valley,tile,balanced_iou,0.022861967156391105,0.0038174305191271455,0.03997247635039213,0.9992,0.0008,5000,pooled-single
jiuzhai_valley,tile,mcc,0.039840762037919565,0.02206528860869795,0.05626824755731454,1.0,0.0,5000,pooled-single
jiuzhai_valley,tile,precision,0.048174175796636264,0.01644775131798565,0.07049443189159103,1.0,0.0,5000,pooled-single
jiuzhai_valley,tile,recall,0.018294076584567942,-0.02628674739181187,0.07342412809708929,0.7434,0.2566,5000,pooled-single
target_macro,component,iou,0.05471004840556389,0.00751750363342575,0.10225587857801137,0.9924,0.0076,5000,pooled-single
target_macro,component,balanced_iou,0.059968322896869854,0.030111538508559303,0.08627020778556764,1.0,0.0,5000,pooled-single
target_macro,component,mcc,0.15515359878712895,0.07075377406474681,0.20682714320260648,1.0,0.0,5000,pooled-single
target_macro,component,precision,0.27476021893016495,0.09002226843687186,0.3998602909213586,1.0,0.0,5000,pooled-single
target_macro,component,recall,0.026823868484881077,-0.08188456131854972,0.10783238264954143,0.6342,0.3658,5000,pooled-single
hokkaido_iburi_tobu,component,iou,0.025696656007257162,-0.010253207902709503,0.051356786707349694,0.9396,0.0604,5000,pooled-single
hokkaido_iburi_tobu,component,balanced_iou,0.08793552312034109,0.05652228401836105,0.12458148519477429,1.0,0.0,5000,pooled-single
hokkaido_iburi_tobu,component,mcc,0.2310566563881693,0.062236235240743315,0.2651192252590991,0.9992,0.0008,5000,pooled-single
hokkaido_iburi_tobu,component,precision,0.626721958621049,0.20846191087478755,0.6393846747512123,1.0,0.0,5000,pooled-single
hokkaido_iburi_tobu,component,recall,-0.11769592129197086,-0.25090671510621615,-0.09729462466696187,0.0,1.0,5000,pooled-single
lombok,component,iou,0.0265258867233449,0.002352569332238804,0.0327372442020431,0.9868,0.0132,5000,pooled-single
lombok,component,balanced_iou,0.016038479593651584,-0.0004567985793754426,0.02330458967618703,0.9688,0.0312,5000,pooled-single
lombok,component,mcc,0.05652084626282642,0.006659926774935368,0.06875261794623483,0.9902,0.0098,5000,pooled-single
lombok,component,precision,0.03247527960274136,0.0026521652529608295,0.04398036977128379,0.9836,0.0164,5000,pooled-single
lombok,component,recall,0.08788665793353385,0.008003000137826826,0.11738602252648987,0.985,0.015,5000,pooled-single
palu,component,iou,0.08017555911487022,0.03732660384201321,0.09808492585349972,1.0,0.0,5000,pooled-single
palu,component,balanced_iou,0.06721625523462312,0.03359456931987132,0.07770364327331881,1.0,0.0,5000,pooled-single
palu,component,mcc,0.1409223966680249,0.07881197376798706,0.16715421516974377,1.0,0.0,5000,pooled-single
palu,component,precision,0.11317904649625905,0.04849578506957861,0.14232117465073113,1.0,0.0,5000,pooled-single
palu,component,recall,0.09077238607166586,0.05614004165462975,0.1641530213675015,1.0,0.0,5000,pooled-single
wenchuan,component,iou,0.16966749141099136,0.14372713938274112,0.20030000988489727,1.0,0.0,5000,pooled-single
wenchuan,component,balanced_iou,0.10468738574479297,0.0892874922666254,0.12364491853641355,1.0,0.0,5000,pooled-single
wenchuan,component,mcc,0.27564262005242723,0.2423539205727976,0.31356983165289304,1.0,0.0,5000,pooled-single
wenchuan,component,precision,0.3363301710684247,0.30319639138667115,0.37322346792889305,1.0,0.0,5000,pooled-single
wenchuan,component,recall,0.1794862133668925,0.14630500151583276,0.21708151835413833,1.0,0.0,5000,pooled-single
longxi_river,component,iou,-0.005408759797649418,-0.05209000528717575,0.031005172435587668,0.2248,0.7752,5000,pooled-single
longxi_river,component,balanced_iou,0.06107032653141927,0.03314269642506481,0.08415609228815912,1.0,0.0,5000,pooled-single
longxi_river,component,mcc,0.1869383113134063,0.08928308120044712,0.2256587300210598,1.0,0.0,5000,pooled-single
longxi_river,component,precision,0.49168068199587944,0.30978687526718024,0.5395425361390337,1.0,0.0,5000,pooled-single
longxi_river,component,recall,-0.09780020175540287,-0.15268226962955744,-0.06686866003376203,0.0,1.0,5000,pooled-single
jiuzhai_valley,component,iou,0.03160345697456916,-0.0010477150511717002,0.06467915069090406,0.97,0.03,5000,pooled-single
jiuzhai_valley,component,balanced_iou,0.022861967156391105,0.004039194169684155,0.04125700581364414,0.9916,0.0084,5000,pooled-single
jiuzhai_valley,component,mcc,0.039840762037919565,0.01937329765628441,0.06039207554429986,0.9998,0.0002,5000,pooled-single
jiuzhai_valley,component,precision,0.048174175796636264,0.01730557956950438,0.08019118608917228,1.0,0.0,5000,pooled-single
jiuzhai_valley,component,recall,0.018294076584567942,-0.030830388071953766,0.0715514756503067,0.76,0.24,5000,pooled-single
target_macro,merged30,iou,0.05471004840556389,0.01352783241224294,0.10404173781860379,0.999,0.001,5000,pooled-single
target_macro,merged30,balanced_iou,0.059968322896869854,0.033043416887236686,0.08614143484682282,1.0,0.0,5000,pooled-single
target_macro,merged30,mcc,0.15515359878712895,0.08427062413128339,0.22397426187877914,1.0,0.0,5000,pooled-single
target_macro,merged30,precision,0.27476021893016495,0.09921390813477356,0.4608105743242287,1.0,0.0,5000,pooled-single
target_macro,merged30,recall,0.026823868484881077,-0.056928068293601655,0.11024446087665524,0.715,0.285,5000,pooled-single
hokkaido_iburi_tobu,merged30,iou,0.025696656007257162,-0.015610766644493406,0.05715729796099319,0.9038,0.0962,5000,pooled-single
hokkaido_iburi_tobu,merged30,balanced_iou,0.08793552312034109,0.049861406261782946,0.11851602656001803,1.0,0.0,5000,pooled-single
hokkaido_iburi_tobu,merged30,mcc,0.2310566563881693,0.1661523156722579,0.2764631323824305,1.0,0.0,5000,pooled-single
hokkaido_iburi_tobu,merged30,precision,0.626721958621049,0.5807898222447383,0.6591461922365037,1.0,0.0,5000,pooled-single
hokkaido_iburi_tobu,merged30,recall,-0.11769592129197086,-0.14882046838336416,-0.08465443500598391,0.0,1.0,5000,pooled-single
lombok,merged30,iou,0.0265258867233449,0.014501675781214945,0.04449364942365709,1.0,0.0,5000,pooled-single
lombok,merged30,balanced_iou,0.016038479593651584,0.0062250262010810015,0.02848013960374352,0.9998,0.0002,5000,pooled-single
lombok,merged30,mcc,0.05652084626282642,0.03361967126959695,0.08773546369008656,1.0,0.0,5000,pooled-single
lombok,merged30,precision,0.03247527960274136,0.0172235844660394,0.06181453476833071,1.0,0.0,5000,pooled-single
lombok,merged30,recall,0.08788665793353385,0.042504643234790355,0.14382337696601571,1.0,0.0,5000,pooled-single
palu,merged30,iou,0.08017555911487022,0.05955010237539086,0.10340682320516068,1.0,0.0,5000,pooled-single
palu,merged30,balanced_iou,0.06721625523462312,0.05503722928234226,0.08008839657213757,1.0,0.0,5000,pooled-single
palu,merged30,mcc,0.1409223966680249,0.1101836238104864,0.17329401607483957,1.0,0.0,5000,pooled-single
palu,merged30,precision,0.11317904649625905,0.08181814077222514,0.1527208256988108,1.0,0.0,5000,pooled-single
palu,merged30,recall,0.09077238607166586,0.05872377621623791,0.12346260020489856,1.0,0.0,5000,pooled-single
wenchuan,merged30,iou,0.16966749141099136,0.14342657989150948,0.19922734491834546,1.0,0.0,5000,pooled-single
wenchuan,merged30,balanced_iou,0.10468738574479297,0.08924379764525522,0.12301445349044544,1.0,0.0,5000,pooled-single
wenchuan,merged30,mcc,0.27564262005242723,0.24237110495650366,0.31259330469912955,1.0,0.0,5000,pooled-single
wenchuan,merged30,precision,0.3363301710684247,0.30385594748016326,0.37122107614353195,1.0,0.0,5000,pooled-single
wenchuan,merged30,recall,0.1794862133668925,0.14528232326148627,0.21627353185560974,1.0,0.0,5000,pooled-single
longxi_river,merged30,iou,-0.005408759797649418,-0.03945656014464777,0.03590282272978437,0.3778,0.6222,5000,pooled-single
longxi_river,merged30,balanced_iou,0.06107032653141927,0.0422991117223011,0.08606863785645193,1.0,0.0,5000,pooled-single
longxi_river,merged30,mcc,0.1869383113134063,0.14046162788411973,0.23763992184135774,1.0,0.0,5000,pooled-single
longxi_river,merged30,precision,0.49168068199587944,0.4544034951880013,0.5250550714295643,1.0,0.0,5000,pooled-single
longxi_river,merged30,recall,-0.09780020175540287,-0.13778649380992788,-0.05899001912735897,0.0,1.0,5000,pooled-single
jiuzhai_valley,merged30,iou,0.03160345697456916,-0.001676456056445244,0.06206888226919696,0.9692,0.0308,5000,pooled-single
jiuzhai_valley,merged30,balanced_iou,0.022861967156391105,0.003764054795400577,0.03970731582310056,0.9914,0.0086,5000,pooled-single
jiuzhai_valley,merged30,mcc,0.039840762037919565,0.02002271433593872,0.05757021400971118,1.0,0.0,5000,pooled-single
jiuzhai_valley,merged30,precision,0.048174175796636264,0.017720544582762697,0.0733106212796323,1.0,0.0,5000,pooled-single
jiuzhai_valley,merged30,recall,0.018294076584567942,-0.026847626361489674,0.07004438529252553,0.7462,0.2538,5000,pooled-single
